{"type": "FeatureCollection", "features": [{"type": "Feature", "geometry": {"type": "Point", "coordinates": [-13.554680319844776, 28.963861220964816]}, "properties": {"id": "548285c3-9bbb-4d21-870a-295fb6fa775a", "name": "Acciones Unidas", "sector": "Sector ciudadano", "typology": "ONG (prestadora de servicios / gestora de fondos públicos-privados)", "protagonist": "Ciudadanía", "url": "https://www.asociacionaccionesunidas.com/", "instagram": "https://www.instagram.com/accionesunidas.lanzarote/", "facebook": "https://www.facebook.com/accionesunidas.lanzarote/", "twitter": "", "address": "Calle Doctor Juan Negrín, 49. Arrecife, Las Palmas", "municipality": "Arrecife", "province": "Las Palmas", "phones": ["640 58 87 71"], "emails": [], "island": "Lanzarote", "logo": "67294087-6ba3-49e8-bc8c-021e317546a4"}}, {"type": "Feature", "geometry": {"type": "Point", "coordinates": [-15.41668763, 28.10775627]}, "properties": {"id": "aa31ee65-f726-4f32-a4b6-8e6b05152e8d", "name": "Comunidad Bahá'í de las Islas Canarias", "sector": "Sector religioso", "typology": "Entidad o asociación religiosa", "protagonist": "Ciudadanía", "url": "https://www.bahai-canarias.es/", "instagram": "", "facebook": "", "twitter": "", "address": "Calle Pilarillo Seco , 3. Las Palmas de Gran Canaria, Las Palmas", "municipality": "Las Palmas de Gran Canaria", "province": "Las Palmas", "phones": ["686 398 882"], "emails": ["asuntospublicos@bahai-canarias.es"], "island": "Gran Canaria", "logo": "9f8a6a95-0d20-4e0a-aab9-b80b7db67082"}}, {"type": "Feature", "geometry": {"type": "Point", "coordinates": [-15.419414496070074, 28.10458872091856]}, "properties": {"id": "93fe4948-614e-4c7d-91e7-c2847b88a17d", "name": "Comisiones Obreras Canarias - Área de Migraciones", "sector": "Sector empleo", "typology": "Sindicato", "protagonist": "Recursos técnicos y profesionales", "url": "https://www.ccoo.es/Internacional/Migraciones", "instagram": "", "facebook": "", "twitter": "", "address": "Avenida Primero de Mayo, 21. Las Palmas de Gran Canaria, Las Palmas", "municipality": "Las Palmas de Gran Canaria", "province": "Las Palmas", "phones": ["682647636"], "emails": ["migraciones@canarias.ccoo.es"], "island": "Gran Canaria", "logo": "2a2d9e9b-b0e0-4246-8ae1-ddd1e1681706"}}, {"type": "Feature", "geometry": {"type": "Point", "coordinates": [-16.552259688394535, 28.41579304754827]}, "properties": {"id": "936d1f58-ae1e-4374-86c9-6b151a6e01c0", "name": "Asociación LGBTIQA+ Diversas Canarias", "sector": "Sector ciudadano", "typology": "Plataforma ciudadana", "protagonist": "Ciudadanía", "url": "https://diversascanarias.com/", "instagram": "https://www.instagram.com/diversaslgbti/?hl=es", "facebook": "", "twitter": "", "address": "Calle La verdad, 19. Puerto la Cruz, Santa Cruz de Tenerife", "municipality": "Puerto la Cruz", "province": "Santa Cruz de Tenerife", "phones": ["623424348", "633116786"], "emails": ["diversas@felgtbi.org", "coordinacion@diversascanarias.com"], "island": "Tenerife", "logo": "7c65f9fb-f098-4b7a-962d-e4c74bfac4ce"}}, {"type": "Feature", "geometry": {"type": "Point", "coordinates": [-16.27320846865297, 28.46533592261562]}, "properties": {"id": "33c7315d-32ce-4303-8a49-40e346f1864e", "name": "Solidaridad Solar SOS", "sector": "Sector ciudadano", "typology": "Asociación cultural", "protagonist": "Recursos técnicos y profesionales", "url": "https://solidaridadsolar.org/", "instagram": "", "facebook": "", "twitter": "", "address": "Calle Juan Rumeu García, 28. Santa Cruz de Tenerife, Santa Cruz de Tenerife", "municipality": "Santa Cruz de Tenerife", "province": "Santa Cruz de Tenerife", "phones": ["619508098"], "emails": ["solidaridadsolarsos@gmail.com"], "island": "Tenerife", "logo": "a6c26b9c-0f01-4c33-adcf-99aad27926d1"}}, {"type": "Feature", "geometry": {"type": "Point", "coordinates": [-15.414330481672183, 28.09996192508787]}, "properties": {"id": "5931d134-b0e2-4dcc-8323-ed9268fd6d1c", "name": "Fundación Alianza por la Solidaridad", "sector": "Sector ciudadano", "typology": "ONG (prestadora de servicios / gestora de fondos públicos-privados)", "protagonist": "Ciudadanía", "url": "", "instagram": "", "facebook": "", "twitter": "", "address": "Calle Doctor Chil , 15. Las Palmas de Gran Canaria, Las Palmas", "municipality": "Las Palmas de Gran Canaria", "province": "Las Palmas", "phones": ["928246356"], "emails": ["ibello@aporsolidaridad.org"], "island": "Gran Canaria", "logo": "38f4b76b-946f-4ada-b42c-f7ad1887f9cc"}}, {"type": "Feature", "geometry": {"type": "Point", "coordinates": [-17.91503787, 27.80744746]}, "properties": {"id": "35d71b2d-198c-43df-b4b5-47ce031d8526", "name": "Cruz Roja Asamblea Insular de El Hierro", "sector": "Sector ciudadano", "typology": "Entidad privada o semipública prestadora de servicios públicos (Cáritas, Cruz Roja…)", "protagonist": "Recursos técnicos y profesionales", "url": "https://www.cruzroja.es/principal/web/elhierro/el_hierro", "instagram": "https://www.instagram.com/cruzrojaelhierro/?hl=es", "facebook": "https://www.facebook.com/CruzRojaElHierro/", "twitter": "https://twitter.com/cruzrojahierro", "address": "Carretera Gral. Rodríguez y Sánchez Espinosa, 2", "municipality": "", "province": "", "phones": [], "emails": [], "island": "El Hierro", "logo": "13e31b45-14c9-4751-b5fc-30a389fe6b49"}}, {"type": "Feature", "geometry": {"type": "Point", "coordinates": [-15.46857776, 28.09706269]}, "properties": {"id": "d375be89-175d-4fce-9c2c-b47fae79ff1b", "name": "Asociación de Pueblo Unido de Ciudadanos de Guinea Bissau en Canarias", "sector": "Sector ciudadano", "typology": "Asociación formal de personas migradas", "protagonist": "Ciudadanía", "url": "", "instagram": "", "facebook": "", "twitter": "", "address": "Avenida cesar manrique , 1", "municipality": "", "province": "", "phones": ["626598592"], "emails": [], "island": "Gran Canaria", "logo": ""}}, {"type": "Feature", "geometry": {"type": "Point", "coordinates": [-15.432229805991955, 28.111678823565022]}, "properties": {"id": "452022bc-58c2-4561-a718-0062ef9d16e3", "name": "Asociación de Argentinos El Ceibo", "sector": "Sector ciudadano", "typology": "Asociación formal de personas migradas", "protagonist": "Ciudadanía", "url": "", "instagram": "", "facebook": "https://m.facebook.com/Asociaci%C3%B3n-de-Argentinos-CEIBO-en-Canarias-105542330891651/", "twitter": "", "address": "Calle pablo penaguilas, 31", "municipality": "", "province": "", "phones": ["645342771"], "emails": ["oscaralbertodonda@gmail.com"], "island": "Gran Canaria", "logo": ""}}, {"type": "Feature", "geometry": {"type": "Point", "coordinates": [-16.551749713145387, 28.41675601589225]}, "properties": {"id": "701aac22-58c0-41c2-aa5d-ff3ea941882b", "name": "Asociación Intercultural, nacional e internacional \"Camaleón África\"", "sector": "Sector ciudadano", "typology": "Asociación cultural", "protagonist": "Ciudadanía", "url": "https://camaleonafrica.tenerifeislasolidaria.org/", "instagram": "", "facebook": "", "twitter": "", "address": "Calle Peréz Zamora , 9. Puerto de la Cruz, Santa Cruz de Tenerife", "municipality": "Puerto de la Cruz", "province": "Santa Cruz de Tenerife", "phones": ["658 73 69 81"], "emails": ["camaleonafrica@gmail.com"], "island": "Tenerife", "logo": ""}}, {"type": "Feature", "geometry": {"type": "Point", "coordinates": [-16.32079543619728, 28.490808321045517]}, "properties": {"id": "55a9274e-7e81-4651-a93a-1312f0172cb5", "name": "Servicio de Asistencia y Orientación a Víctimas del Consejo para la eliminación de la discriminación racial o étnica", "sector": "Sector ciudadano", "typology": "Entidad privada o semipública prestadora de servicios públicos (Cáritas, Cruz Roja…)", "protagonist": "Recursos técnicos y profesionales", "url": "", "instagram": "", "facebook": "", "twitter": "", "address": "Calle Hermanos Marrero, 2. San Cristóbal de La Laguna, Santa Cruz de Tenerife", "municipality": "San Cristóbal de La Laguna", "province": "Santa Cruz de Tenerife", "phones": ["922 259 626 63715", "649 970 371"], "emails": ["savdlaguna@cruzroja.es"], "island": "Tenerife", "logo": ""}}, {"type": "Feature", "geometry": {"type": "Point", "coordinates": [-15.420413650589119, 28.10956719660848]}, "properties": {"id": "2e9906d6-fd88-4a45-b4d0-a25b888c67e5", "name": "Colectivo PIE (Paz, igualdad, educación)", "sector": "Sector ciudadano", "typology": "Plataforma ciudadana", "protagonist": "Ciudadanía", "url": "https://colectivopazigualdadyeducacion.blogspot.com/2022/09/nace-el-colectivo-pie.html?m=1", "instagram": "", "facebook": "", "twitter": "", "address": "Calle Cebrián, 54. Las Palmas de Gran Canaria, Las Palmas", "municipality": "Las Palmas de Gran Canaria", "province": "Las Palmas", "phones": [], "emails": ["colectivopie@gmail.com"], "island": "Gran Canaria", "logo": ""}}, {"type": "Feature", "geometry": {"type": "Point", "coordinates": [-13.571326003675566, 28.985212454622967]}, "properties": {"id": "865bc265-66c4-4900-bf02-00c7ed15030d", "name": "Asociación de Guinea Ecuatorial en Lanzarote (ASOCGELAN)", "sector": "Sector ciudadano", "typology": "Asociación cultural", "protagonist": "Ciudadanía", "url": "", "instagram": "", "facebook": "", "twitter": "", "address": "Calle Guinea Ecuatorial, 3. Arrecife, Las Palmas", "municipality": "Arrecife", "province": "Las Palmas", "phones": ["638666186"], "emails": ["asocgelan@outlook.es"], "island": "Lanzarote", "logo": ""}}, {"type": "Feature", "geometry": {"type": "Point", "coordinates": [-16.3244944402909, 28.487662131898265]}, "properties": {"id": "954de5db-36ad-4ac2-a71d-824d94958180", "name": "Asociación Tamaide", "sector": "Sector ciudadano", "typology": "Asociación cultural", "protagonist": "Ciudadanía", "url": "https://asociaciontamaide.org/?fbclid=IwAR3P9QEQV9h94I-tJid1ZL03_dfCE0igD8bSEfSyb3H4lkHGI8ed-111vyc", "instagram": "", "facebook": "https://www.facebook.com/Asociaci%C3%B3n-Tamaide-Canarias-105826842353525", "twitter": "", "address": "Calle Benito Perez Galdos, 123. San Cristóbal de La Laguna, Santa Cruz de Tenerife", "municipality": "San Cristóbal de La Laguna", "province": "Santa Cruz de Tenerife", "phones": ["601607172"], "emails": ["tenerife@asociaciontamaide.org"], "island": "Tenerife", "logo": ""}}, {"type": "Feature", "geometry": {"type": "Point", "coordinates": [-16.541475458912302, 28.412178328592674]}, "properties": {"id": "35fd2f34-fbca-4a57-8093-d7f0ca605cb0", "name": "Comunidad Baha'í del Puerto de La Cruz", "sector": "Sector religioso", "typology": "Entidad o asociación religiosa", "protagonist": "Ciudadanía", "url": "https://www.bahai-canarias.es/", "instagram": "", "facebook": "https://www.facebook.com/bahaicanarias", "twitter": "https://twitter.com/BahaiCanarias", "address": "Calle Juan Sebastián Padrón Acosta, 3. Puerto de la Cruz, Santa Cruz de Tenerife", "municipality": "Puerto de la Cruz", "province": "Santa Cruz de Tenerife", "phones": ["645922232"], "emails": ["puertodelacruz@bahai-canarias.es"], "island": "Tenerife", "logo": ""}}, {"type": "Feature", "geometry": {"type": "Point", "coordinates": [-13.547288155301661, 28.97069865582228]}, "properties": {"id": "e91e7df3-7a4d-45b4-a389-762251b3fc2d", "name": "Asociación + Familia", "sector": "Sector ciudadano", "typology": "ONG (prestadora de servicios / gestora de fondos públicos-privados)", "protagonist": "Recursos técnicos y profesionales", "url": "http://asociacionmasfamilia.com/?page_id=42", "instagram": "https://www.instagram.com/asociacionmasfamilia", "facebook": "https://www.facebook.com/asociacionmasfamilia", "twitter": "", "address": "Calle Fray Luis de León , 1. Arrecife, Las Palmas", "municipality": "Arrecife", "province": "Las Palmas", "phones": ["828731227"], "emails": ["oportunidadesmasfamilia2021@gmail.com"], "island": "Lanzarote", "logo": ""}}, {"type": "Feature", "geometry": {"type": "Point", "coordinates": [-15.436501138769406, 28.1205449213474]}, "properties": {"id": "e6e7122b-a7d4-474d-94e1-0b0892a7e814", "name": "Cáritas Diocesana de Canarias", "sector": "Sector ciudadano", "typology": "ONG (prestadora de servicios / gestora de fondos públicos-privados)", "protagonist": "Recursos técnicos y profesionales", "url": "https://caritas-canarias.org/", "instagram": "https://www.instagram.com/caritas_canarias/?hl=es", "facebook": "https://www.facebook.com/CaritasCanarias/", "twitter": "https://twitter.com/caritascanarias?lang=es", "address": "Avenida Escaleritas , 51", "municipality": "", "province": "", "phones": ["928251740"], "emails": ["ssgg@caritas-canarias.org"], "island": "Gran Canaria", "logo": ""}}, {"type": "Feature", "geometry": {"type": "Point", "coordinates": [-16.273869429679337, 28.45214850012536]}, "properties": {"id": "484eb560-704e-4d70-b75b-d78a04d83d98", "name": "Ecosistemas Virtuales y Modulares S.L.", "sector": "Sector ciudadano", "typology": "Entidad privada o semipública prestadora de servicios públicos (Cáritas, Cruz Roja…)", "protagonist": "Recursos técnicos y profesionales", "url": "https://ar.linkedin.com/company/evmnet", "instagram": "https://www.instagram.com/evm_net/?hl=fr", "facebook": "https://www.facebook.com/evmnet/", "twitter": "https://twitter.com/evmnet", "address": "Calle Juan Ravina Mendez, 5. Santa Cruz de Tenerife, Santa Cruz de Tenerife", "municipality": "Santa Cruz de Tenerife", "province": "Santa Cruz de Tenerife", "phones": [], "emails": ["info@evm.net"], "island": "Tenerife", "logo": ""}}, {"type": "Feature", "geometry": {"type": "Point", "coordinates": [-15.438706393895831, 27.84938482906359]}, "properties": {"id": "ae41d324-5222-41b6-b76f-53422f5921e4", "name": "Asociación Intercultural y Juvenil De Brasileños Canarios y Amigos del Mundo", "sector": "Sector ciudadano", "typology": "Asociación formal de personas migradas", "protagonist": "Ciudadanía", "url": "http://www.asociacion-interbrasilcamnaria.es/?fbclid=IwAR3qvRb4JwdNZqMHE5q9I6thjIxJnA_Z4Wlcc7EcNkA3OmQNl2sIMJ8iyUg", "instagram": "", "facebook": "https://www.facebook.com/AsociacionInterculturalBrasilcamNarias/about/?ref=page_internal", "twitter": "", "address": "Colón, 22. San Bartolomé de Tirajana, Las Palmas", "municipality": "San Bartolomé de Tirajana", "province": "Las Palmas", "phones": [], "emails": [], "island": "Gran Canaria", "logo": ""}}, {"type": "Feature", "geometry": {"type": "Point", "coordinates": [-16.293207365762704, 28.470595432457266]}, "properties": {"id": "e18fbda5-8819-4485-9e14-adbb27c4e52d", "name": "Asociación de Reinserción Social de menores Anchieta", "sector": "Sector ciudadano", "typology": "ONG (prestadora de servicios / gestora de fondos públicos-privados)", "protagonist": "Recursos técnicos y profesionales", "url": "http://anchietaeduca.com/", "instagram": "https://www.instagram.com/AnchietaEduca/?fbclid=IwAR1j8mY2W_T068n63bG6ZXfC4evA58M362CWkEgcRqQB-iTIkYXBPmJnISA", "facebook": "https://www.facebook.com/AnchietaEduca", "twitter": "https://twitter.com/Anchieta_Educa?fbclid=IwAR11Xn5QGuAT9jYbrQHms0Zh78_14L0SGZyzqtICk2wrCZVsyW93k4CfLx4", "address": "Calle El Drago, 12. San Cristóbal de La Laguna, Santa Cruz de Tenerife", "municipality": "San Cristóbal de La Laguna", "province": "Santa Cruz de Tenerife", "phones": ["922658006", "616079799"], "emails": ["info@anchietaeduca.com"], "island": "Tenerife", "logo": ""}}, {"type": "Feature", "geometry": {"type": "Point", "coordinates": [-13.550632296098607, 28.961065420225715]}, "properties": {"id": "d666c5d1-9c69-4903-ac4a-d0437275a4c8", "name": "Asociación Social y Cultural para las Mujeres, MARARIA", "sector": "Sector ciudadano", "typology": "Asociación cultural", "protagonist": "Recursos técnicos y profesionales", "url": "https://www.mararialanzarote.com/", "instagram": "https://www.instagram.com/mararialanzarote/?hl=es", "facebook": "https://www.facebook.com/asociacionmararia/", "twitter": "https://twitter.com/mararianr?lang=es", "address": "Calle Fajardo, 24. Arrecife, Las Palmas", "municipality": "Arrecife", "province": "Las Palmas", "phones": ["928804834", "630856076"], "emails": ["ascmararia@gmail.com", "voluntarias.ascmararia@gmail.com"], "island": "Lanzarote", "logo": ""}}, {"type": "Feature", "geometry": {"type": "Point", "coordinates": [-15.437827455928353, 28.12632102511767]}, "properties": {"id": "d2d40243-11a7-4338-94a2-b50195d3e705", "name": "Asociación de Ayuda Humanitaria Yolihuani", "sector": "Sector ciudadano", "typology": "ONG (prestadora de servicios / gestora de fondos públicos-privados)", "protagonist": "Recursos técnicos y profesionales", "url": "http://yolihuani.org/en_GB/contacts/", "instagram": "https://www.instagram.com/asociacion_yolihuani/", "facebook": "https://www.facebook.com/ProyectoYolihuani/about/?ref=page_internal", "twitter": "https://twitter.com/Asoc_Yolihuani", "address": "Calle Pintor Juan Guillermo, 8. Las Palmas de Gran Canaria, Las Palmas", "municipality": "Las Palmas de Gran Canaria", "province": "Las Palmas", "phones": ["696267414"], "emails": ["sandra@yolihuani.org"], "island": "Gran Canaria", "logo": ""}}, {"type": "Feature", "geometry": {"type": "Point", "coordinates": [-15.445367274784298, 27.84794710441557]}, "properties": {"id": "41030946-28a6-40e6-bd48-d2820c22e064", "name": "Asociación Cultural Canaria Gran Angular ", "sector": "Sector ciudadano", "typology": "Asociación cultural", "protagonist": "Ciudadanía", "url": "https://www.granangularcanarias.com/", "instagram": "https://www.instagram.com/granangularcanarias/", "facebook": "https://www.facebook.com/granangularcanarias/", "twitter": "https://twitter.com/angularcanarias", "address": "Avenida de La Unión, 23. Santa Lucía de Tirajana, Las Palmas", "municipality": "Santa Lucía de Tirajana", "province": "Las Palmas", "phones": ["679444185"], "emails": ["launion23@gmail.com"], "island": "Gran Canaria", "logo": ""}}, {"type": "Feature", "geometry": {"type": "Point", "coordinates": [-15.433797079655818, 28.12403982112467]}, "properties": {"id": "66495058-3ba2-4392-9525-1748cb7852ae", "name": "Fundación Canaria Farrah", "sector": "Sector ciudadano", "typology": "Entidad privada o semipública prestadora de servicios públicos (Cáritas, Cruz Roja…)", "protagonist": "Recursos técnicos y profesionales", "url": "http://fundacionfarrah.org/", "instagram": "https://instagram.com/fundacionfarrah?utm_medium=copy_link", "facebook": "https://www.facebook.com/fundacioncanariafarrah/?ref=hl", "twitter": "https://twitter.com/fundacionfarrah", "address": "Calle García Morato, 24. Las Palmas de Gran Canaria, Las Palmas", "municipality": "Las Palmas de Gran Canaria", "province": "Las Palmas", "phones": ["683550606"], "emails": ["farrah@fundacionfarrah.org"], "island": "Gran Canaria", "logo": ""}}, {"type": "Feature", "geometry": {"type": "Point", "coordinates": [-15.79225833400589, 27.986480102343624]}, "properties": {"id": "5594e3a8-a337-4d1a-b458-ffd16a240a26", "name": "Hogar Venezuela Salto Ángel ", "sector": "Sector ciudadano", "typology": "Asociación formal de personas migradas", "protagonist": "Ciudadanía", "url": "", "instagram": "https://www.instagram.com/hogar_venezuela_salto_angel_/", "facebook": "", "twitter": "", "address": "Calle Néstor de la Torre, 48. Las Palmas de Gran Canaria, Las Palmas", "municipality": "Las Palmas de Gran Canaria", "province": "Las Palmas", "phones": ["628489391"], "emails": ["hogarvenezuelasaltoangel@gmail.com"], "island": "Gran Canaria", "logo": ""}}, {"type": "Feature", "geometry": {"type": "Point", "coordinates": [-15.435494026825689, 28.108131367270655]}, "properties": {"id": "b7c67835-b6cf-4ff5-998b-417772e56a97", "name": "Asociación Casa Honduras en Canarias", "sector": "Sector ciudadano", "typology": "Asociación formal de personas migradas", "protagonist": "Ciudadanía", "url": "", "instagram": "", "facebook": "", "twitter": "", "address": "Calle Pedro Infinito, 138. Las Palmas de Gran Canaria, Las Palmas", "municipality": "Las Palmas de Gran Canaria", "province": "Las Palmas", "phones": ["603480840"], "emails": ["heissellopez1989@gmail.com"], "island": "Gran Canaria", "logo": ""}}, {"type": "Feature", "geometry": {"type": "Point", "coordinates": [-15.41074693323688, 28.025676657032076]}, "properties": {"id": "87f99d34-257f-4fb1-bec5-06b9cf438e96", "name": "Plataforma por la dignidad, Avanza con Esperanza", "sector": "Sector ciudadano", "typology": "Plataforma ciudadana", "protagonist": "Ciudadanía", "url": "", "instagram": "", "facebook": "", "twitter": "", "address": "Calle Lomo Las Brujas, 1. Telde, Las Palmas", "municipality": "Telde", "province": "Las Palmas", "phones": ["690905632"], "emails": ["plataformaxladignidad@outlook.es"], "island": "Gran Canaria", "logo": ""}}, {"type": "Feature", "geometry": {"type": "Point", "coordinates": [-15.414332026235222, 28.099962940748494]}, "properties": {"id": "c1f5d766-db8f-4e70-839e-8994043e35e8", "name": "El Patio de las Culturas", "sector": "Sector ciudadano", "typology": "Asociación cultural", "protagonist": "Ciudadanía", "url": "", "instagram": "https://www.instagram.com/patiodelasculturas/", "facebook": "https://www.facebook.com/Patio-de-las-Culturas-106113655287793/", "twitter": "", "address": "Calle Doctor Chill, 15. Las Palmas de Gran Canaria, Las Palmas", "municipality": "Las Palmas de Gran Canaria", "province": "Las Palmas", "phones": ["678222168"], "emails": ["patiodelasculturas@gmail.com"], "island": "Gran Canaria", "logo": ""}}, {"type": "Feature", "geometry": {"type": "Point", "coordinates": [-16.723349917333728, 28.055181817726552]}, "properties": {"id": "71d4df35-3ac0-4437-a54e-43f7b427db90", "name": "Asociación Sociocultural Alma Zen", "sector": "Sector ciudadano", "typology": "Asociación cultural", "protagonist": "Ciudadanía", "url": "", "instagram": "", "facebook": "https://www.facebook.com/almazen.asociacionsc/", "twitter": "https://twitter.com/Alma_Zen_Ds", "address": "Calle Noruega, 68. Arona, Santa Cruz de Tenerife", "municipality": "Arona", "province": "Santa Cruz de Tenerife", "phones": ["922751937", "605271926"], "emails": ["info@almazen.info"], "island": "Tenerife", "logo": ""}}, {"type": "Feature", "geometry": {"type": "Point", "coordinates": [-15.57548902286793, 27.751438055751425]}, "properties": {"id": "7c91d9d5-83fe-46af-a9ec-bbd896fd15f5", "name": "Club Indostánico de Gran Canaria-Sur", "sector": "Sector ciudadano", "typology": "Asociación formal de personas migradas", "protagonist": "Ciudadanía", "url": "", "instagram": "", "facebook": "https://www.facebook.com/cicketGC/", "twitter": "", "address": "Avenida de Francia. San Bartolomé de Tirajana, Las Palmas", "municipality": "San Bartolomé de Tirajana", "province": "Las Palmas", "phones": ["687841596"], "emails": ["nitishkhatnani@gmail.com"], "island": "Gran Canaria", "logo": ""}}, {"type": "Feature", "geometry": {"type": "Point", "coordinates": [-16.29853116, 28.45586947]}, "properties": {"id": "2bd81131-18f3-4cdf-887a-153a88d59dd6", "name": "Asociación Regional Unión de Emigrantes Retornados Canarios ", "sector": "Sector ciudadano", "typology": "Asociación formal de personas migradas", "protagonist": "Ciudadanía", "url": "http://uerca.org/", "instagram": "", "facebook": "https://www.facebook.com/uerca", "twitter": "https://twitter.com/UERCA15", "address": "Calle San Sebastián, 54. San Cristóbal de La Laguna, Santa Cruz de Tenerife", "municipality": "San Cristóbal de La Laguna", "province": "Santa Cruz de Tenerife", "phones": ["922310332", "636238782"], "emails": ["uerca@hotmail.com"], "island": "Tenerife", "logo": ""}}, {"type": "Feature", "geometry": {"type": "Point", "coordinates": [-15.425859040706056, 28.11942286821363]}, "properties": {"id": "713def85-cf15-4cf3-a79c-962dda9d26a8", "name": "Coordinadora de Organizaciones de Agricultores y Ganaderos de Canarias ", "sector": "Sector empleo", "typology": "Federación de asociaciones", "protagonist": "Recursos técnicos y profesionales", "url": "", "instagram": "", "facebook": "https://www.facebook.com/coag.canarias", "twitter": "https://twitter.com/coagcanarias", "address": "Calle Miguel Sarmiento, 2. Las Palmas de Gran Canaria, Las Palmas", "municipality": "Las Palmas de Gran Canaria", "province": "Las Palmas", "phones": ["928369806", "922299655"], "emails": ["coagtf@coagcanarias.es", "coaglaspalmas@coagcanarias.es"], "island": "Gran Canaria", "logo": ""}}, {"type": "Feature", "geometry": {"type": "Point", "coordinates": [-14.4204459833912, 28.111771479530077]}, "properties": {"id": "d925f4cf-7dba-4500-87ca-d903081ad3f0", "name": "UNICEF Comité de Canarias", "sector": "Sector ciudadano", "typology": "Entidad privada o semipública prestadora de servicios públicos (Cáritas, Cruz Roja…)", "protagonist": "Recursos técnicos y profesionales", "url": "https://www.unicef.es/conoce/oficinas-unicef/comite-de-canarias", "instagram": "https://instagram.com/unicef_es?utm_medium=copy_link", "facebook": "https://www.facebook.com/unicef.es/", "twitter": "https://twitter.com/unicef_canarias?s=11", "address": "Calle Tomás de Iriarte, 9", "municipality": "", "province": "", "phones": ["913788593"], "emails": ["canarias@unicef.es"], "island": "Fuerteventura", "logo": ""}}, {"type": "Feature", "geometry": {"type": "Point", "coordinates": [-15.414541336089705, 28.10187428491395]}, "properties": {"id": "1720490e-b203-434a-bb52-d832332c5000", "name": "Asociación Casa Venezolana-Gran Canaria 7 Estrellas", "sector": "Sector ciudadano", "typology": "Asociación formal de personas migradas", "protagonist": "Ciudadanía", "url": "", "instagram": "", "facebook": "https://www.facebook.com/venegran7estrellas.es/about/?ref=page_internal", "twitter": "https://twitter.com/venegran7", "address": "Calle Pelota, 21. Las Palmas de Gran Canaria, Las Palmas", "municipality": "Las Palmas de Gran Canaria", "province": "Las Palmas", "phones": ["658335402"], "emails": ["venegran7estrellas@gmail.com"], "island": "Gran Canaria", "logo": ""}}, {"type": "Feature", "geometry": {"type": "Point", "coordinates": [-15.450145192388293, 28.093612143167572]}, "properties": {"id": "71c192d0-fd00-45c5-8c64-72c25759f0e5", "name": "Asociación Mujeres Unidas del Mundo ", "sector": "Sector ciudadano", "typology": "Asociación Formal de Mujeres", "protagonist": "Ciudadanía", "url": "", "instagram": "", "facebook": "https://www.facebook.com/mujeresunidasdelmundo/", "twitter": "", "address": "Calle Emilio Arrieta, 27. Las Palmas de Gran Canaria, Las Palmas", "municipality": "Las Palmas de Gran Canaria", "province": "Las Palmas", "phones": ["677307204"], "emails": ["mujeresunidasdelmundo@gmail.com"], "island": "Gran Canaria", "logo": ""}}, {"type": "Feature", "geometry": {"type": "Point", "coordinates": [-13.546190035127122, 28.959949258346235]}, "properties": {"id": "2013f01e-1a4e-48d1-8b90-b2bbd102c4fb", "name": "Comisiones Obreras Lanzarote", "sector": "Sector empleo", "typology": "Sindicato", "protagonist": "Ciudadanía", "url": "https://sinpromi.es/cee/servicios-cee-y-encargos/programa-tenerife-isla-solidaria-oficina-de-voluntariado/", "instagram": "https://www.instagram.com/sinpromi_tenerife/", "facebook": "https://www.facebook.com/SinpromiCabildoTF", "twitter": "https://twitter.com/Sinpromi", "address": "Calle vargas, 4. Arrecife, Las Palmas", "municipality": "Arrecife", "province": "Las Palmas", "phones": ["928806826"], "emails": [], "island": "Lanzarote", "logo": ""}}, {"type": "Feature", "geometry": {"type": "Point", "coordinates": [-15.450982116131842, 27.836322854563022]}, "properties": {"id": "3eff993a-09b8-43b7-a534-14d2e76541f0", "name": "Asociación Cultural Ritmo y tradiciones del Perú", "sector": "Sector ciudadano", "typology": "Asociación cultural", "protagonist": "Ciudadanía", "url": "", "instagram": "", "facebook": "https://www.facebook.com/ASOC.RITMOYTRADICIONESDELPERU", "twitter": "", "address": "Calle Santo Domingo, 40. Santa Lucía de Tirajana, Las Palmas", "municipality": "Santa Lucía de Tirajana", "province": "Las Palmas", "phones": ["635857344"], "emails": ["asoc.ritmoytradicionesdelperu@hotmail.com"], "island": "Gran Canaria", "logo": ""}}, {"type": "Feature", "geometry": {"type": "Point", "coordinates": [-13.909722225948839, 28.623885220834936]}, "properties": {"id": "c3086518-9e69-45a5-ac83-64142a6fcbfd", "name": "Asociación Sociocultural de Mujeres Mauritanas DIMBE", "sector": "Sector ciudadano", "typology": "Asociación Formal de Mujeres", "protagonist": "Ciudadanía", "url": "", "instagram": "https://www.instagram.com/dimbemgf/?hl=es", "facebook": "https://www.facebook.com/pages/category/Nonprofit-Organization/dimbe2017-112441910237392/", "twitter": "", "address": "Calle la garepa, 8. La Oliva, Las Palmas", "municipality": "La Oliva", "province": "Las Palmas", "phones": ["662408655"], "emails": ["dimbefuerteventura@gmail.com"], "island": "Fuerteventura", "logo": ""}}, {"type": "Feature", "geometry": {"type": "Point", "coordinates": [-13.552466239693619, 28.9609281079916]}, "properties": {"id": "dcca2cb4-c32f-42ca-a54e-ac7030166857", "name": "Asociación Colectivo de Inmigrantes Saharauis en Canarias ", "sector": "Sector ciudadano", "typology": "Asociación formal de personas migradas", "protagonist": "Ciudadanía", "url": "http://colectivosaharaui1975.blogspot.com/2012/06/el-colectivo-de-inmigrantes-saharauis.html", "instagram": "", "facebook": "", "twitter": "", "address": "Calle Tenerife, 28. Arrecife, Las Palmas", "municipality": "Arrecife", "province": "Las Palmas", "phones": [], "emails": [], "island": "Lanzarote", "logo": ""}}, {"type": "Feature", "geometry": {"type": "Point", "coordinates": [-15.420440818327762, 28.108313850943823]}, "properties": {"id": "35b48f48-298d-41cc-8a82-274635ae143f", "name": "Colectivo Gamá, Asociación LGTBI por la diversidad sexual y de género de Canarias", "sector": "Sector ciudadano", "typology": "ONG (prestadora de servicios / gestora de fondos públicos-privados)", "protagonist": "Recursos técnicos y profesionales", "url": "https://www.colectivogama.com/", "instagram": "https://www.instagram.com/gamalgtb/", "facebook": "https://www.facebook.com/colectivogama/", "twitter": "https://twitter.com/GamaLgtb", "address": "Calle Tomás Morales, 8. Las Palmas de Gran Canaria, Las Palmas", "municipality": "Las Palmas de Gran Canaria", "province": "Las Palmas", "phones": ["928433427"], "emails": ["gama@colectivogama.com"], "island": "Gran Canaria", "logo": "cb4052d9-d577-4791-8594-b3f43f506d12"}}, {"type": "Feature", "geometry": {"type": "Point", "coordinates": [-17.766183719052023, 28.684049691152982]}, "properties": {"id": "247fc28f-13e1-4093-99f1-d707c5a57eea", "name": "Asociación Karmala Cultura", "sector": "Sector ciudadano", "typology": "Asociación formal de personas migradas", "protagonist": "Ciudadanía", "url": "http://www.lavozdelamujer.org/asociacion-karmala-cultura/", "instagram": "https://www.instagram.com/karmalacultura/?hl=es", "facebook": "https://www.facebook.com/Culturakarmala/?ref=page_internal", "twitter": "https://twitter.com/CulturaKarmala", "address": "Calle Garome, 5. Santa Cruz de la Palma, Santa Cruz de Tenerife", "municipality": "Santa Cruz de la Palma", "province": "Santa Cruz de Tenerife", "phones": ["699355847"], "emails": ["karmalacultura@gmail.com"], "island": "La Palma", "logo": ""}}, {"type": "Feature", "geometry": {"type": "Point", "coordinates": [-15.436837849795598, 28.121376978021406]}, "properties": {"id": "aab5f287-f451-4b0a-b2ec-7f41339468c8", "name": "Asociación Sociocultural de Senegaleses SERERES", "sector": "Sector ciudadano", "typology": "Asociación cultural", "protagonist": "Ciudadanía", "url": "", "instagram": "", "facebook": "", "twitter": "", "address": "Avenida Escaleritas, 50. Las Palmas de Gran Canaria, Las Palmas", "municipality": "Las Palmas de Gran Canaria", "province": "Las Palmas", "phones": ["625861920"], "emails": ["ascsereres-gc@hotmail.com", "aminata_mn@hotmail.com"], "island": "Gran Canaria", "logo": ""}}, {"type": "Feature", "geometry": {"type": "Point", "coordinates": [-13.932207801886243, 28.525304220609318]}, "properties": {"id": "7574ed04-eb77-4be4-a357-3c2889b0ccc3", "name": "Asociación Socio-cultural Entre mares", "sector": "Sector ciudadano", "typology": "Asociación cultural", "protagonist": "Ciudadanía", "url": "http://www.entre-mares.org/", "instagram": "https://www.instagram.com/socioculturalentremares/", "facebook": "https://www.facebook.com/EntreMaresFuerteventura", "twitter": "", "address": "Calle Tetir, 166. Puerto del Rosario, Las Palmas", "municipality": "Puerto del Rosario", "province": "Las Palmas", "phones": ["676 40 03 29"], "emails": ["entremarescultural@gmail.com"], "island": "Fuerteventura", "logo": ""}}, {"type": "Feature", "geometry": {"type": "Point", "coordinates": [-16.6779840242193, 28.047808038556333]}, "properties": {"id": "f35e3dfa-1250-4ccf-bc79-a80eea4b30f2", "name": "Asociación de las Mujeres Senegalesas en España Yakaar (Esperanza)", "sector": "Sector ciudadano", "typology": "Asociación formal de personas migradas", "protagonist": "Ciudadanía", "url": "", "instagram": "", "facebook": "https://www.facebook.com/amseyakaar/?ref=page_internal", "twitter": "https://x.com/elmundoes", "address": "Calle Francisco Feo Rodríguez, 10. Arona, Santa Cruz de Tenerife", "municipality": "Arona", "province": "Santa Cruz de Tenerife", "phones": ["632807299"], "emails": ["yaakar1@hotmail.com"], "island": "Tenerife", "logo": "95b3d670-e856-4266-bddb-6c2602d22d0d"}}, {"type": "Feature", "geometry": {"type": "Point", "coordinates": [-14.352428, 28.050888]}, "properties": {"id": "9446a7f9-30ea-4bc2-93e8-c3b98f0d3cb4", "name": "Asociación Arenas Marroquí de las Islas Canarias", "sector": "Sector ciudadano", "typology": "Asociación formal de personas migradas", "protagonist": "Ciudadanía", "url": "", "instagram": "", "facebook": "https://www.facebook.com/Asociaci%C3%B3n-Arenas-Marroqu%C3%AD-en-las-Islas-Canarias-820198801657235/", "twitter": "", "address": "Calle Nuestra Señora Del Carmen, 8. Pájara, Las Palmas", "municipality": "Pájara", "province": "Las Palmas", "phones": ["642840476"], "emails": ["arenasmarroqui2019@gmail.com"], "island": "Fuerteventura", "logo": "c184ce77-5560-40d4-9705-0295fe643e60"}}, {"type": "Feature", "geometry": {"type": "Point", "coordinates": [-16.722817636061702, 28.084234804881834]}, "properties": {"id": "6c5dd747-32a4-4876-8463-0b49f4bb0863", "name": "Comunidad Peruana en Tenerife ", "sector": "Sector ciudadano", "typology": "Asociación formal de personas migradas", "protagonist": "Ciudadanía", "url": "", "instagram": "", "facebook": "https://www.facebook.com/copeten2020/about/?ref=page_internal", "twitter": "", "address": "Calle Alemania, 15. Granadilla de Abona, Santa Cruz de Tenerife", "municipality": "Granadilla de Abona", "province": "Santa Cruz de Tenerife", "phones": ["637152649"], "emails": ["victormodestito@outlook.com"], "island": "Tenerife", "logo": "1c042c35-9f51-42db-afeb-e7fc0c040b01"}}, {"type": "Feature", "geometry": {"type": "Point", "coordinates": [-15.460627654901307, 27.800521732045755]}, "properties": {"id": "dc8518d4-fef6-4d89-abed-78132312c3a1", "name": "Fundación SAMU", "sector": "Sector ciudadano", "typology": "Entidad privada o semipública prestadora de servicios públicos (Cáritas, Cruz Roja…)", "protagonist": "Recursos técnicos y profesionales", "url": "https://www.samu.es/", "instagram": "", "facebook": "", "twitter": "", "address": "San Bartolomé de Tirajana, Las Palmas", "municipality": "San Bartolomé de Tirajana", "province": "Las Palmas", "phones": ["660141315", "690169049", "683248416"], "emails": ["coordinacion.canarias@samu.es"], "island": "Gran Canaria", "logo": "b808eb3f-34bd-45d9-aefb-125304c3288b"}}, {"type": "Feature", "geometry": {"type": "Point", "coordinates": [-15.45149908467826, 28.102729350565074]}, "properties": {"id": "b945aae1-5dbd-4ae8-9d2c-a79ae6326112", "name": "Red Canaria por los Derechos de las Personas Migrantes", "sector": "Sector ciudadano", "typology": "Federación de asociaciones", "protagonist": "Ciudadanía", "url": "", "instagram": "https://www.instagram.com/redcanaria.derechos.migrantes/?hl=en", "facebook": "https://www.facebook.com/redcanaria.derechosmigrantes/", "twitter": "", "address": "Las Palmas de Gran Canaria, Las Palmas", "municipality": "Las Palmas de Gran Canaria", "province": "Las Palmas", "phones": ["673347890"], "emails": [], "island": "Gran Canaria", "logo": "9bab7a00-83fd-400e-af73-8aa201a578d3"}}, {"type": "Feature", "geometry": {"type": "Point", "coordinates": [-16.30620695058564, 28.480417068943005]}, "properties": {"id": "120900bf-bcbf-4a4d-b467-9083f76774bc", "name": "Asociación sociocultural de Ecuatoguineanos en Tenerife", "sector": "Sector ciudadano", "typology": "Asociación cultural", "protagonist": "Ciudadanía", "url": "", "instagram": "", "facebook": "https://www.facebook.com/asogetf/about/?ref=page_internal", "twitter": "", "address": "San Cristóbal de La Laguna, Santa Cruz de Tenerife", "municipality": "San Cristóbal de La Laguna", "province": "Santa Cruz de Tenerife", "phones": ["698562002"], "emails": ["ecuatenerife@gmail.com"], "island": "Tenerife", "logo": "bee1229b-d79a-4075-b1f8-3338977770a7"}}, {"type": "Feature", "geometry": {"type": "Point", "coordinates": [-17.109990528721, 28.09033894774453]}, "properties": {"id": "7ffb9d83-fa23-46e2-8561-e4494787c5fe", "name": "Asociación de Inmigrantes en La Gomera", "sector": "Sector ciudadano", "typology": "Asociación formal de personas migradas", "protagonist": "Ciudadanía", "url": "", "instagram": "https://www.instagram.com/asoingo.es/", "facebook": "https://www.facebook.com/p/Asoingo-100066222383669/", "twitter": "", "address": "San Sebastián de la Gomera, Santa Cruz de Tenerife", "municipality": "San Sebastián de la Gomera", "province": "Santa Cruz de Tenerife", "phones": ["673933805"], "emails": ["asoingo@gmail.com"], "island": "La Gomera", "logo": "d876c579-b401-4f57-86d5-c24b2e22f899"}}, {"type": "Feature", "geometry": {"type": "Point", "coordinates": [-16.67726352362015, 28.048970303539477]}, "properties": {"id": "72d8adb2-851a-4b0f-a352-4116946b48b5", "name": "Asociación de Senegaleses DIAPO", "sector": "Sector ciudadano", "typology": "Asociación formal de personas migradas", "protagonist": "Ciudadanía", "url": "", "instagram": "", "facebook": "", "twitter": "", "address": "Calle almorejo, 2. Arona, Santa Cruz de Tenerife", "municipality": "Arona", "province": "Santa Cruz de Tenerife", "phones": ["639931415"], "emails": ["awa.ndiaye@hotmail.es"], "island": "Tenerife", "logo": ""}}, {"type": "Feature", "geometry": {"type": "Point", "coordinates": [-16.260344348768445, 28.46818290140507]}, "properties": {"id": "c057abd5-6f15-48ef-b4a9-9ad78142490b", "name": "Casa Argentina en Tenerife", "sector": "Sector ciudadano", "typology": "Asociación formal de personas migradas", "protagonist": "Ciudadanía", "url": "http://www.casaargentinaentenerife.org/", "instagram": "https://www.instagram.com/casaargentinaentenerife/", "facebook": "https://www.facebook.com/casaargentinaentenerife/?locale=es_ES", "twitter": "", "address": "Calle castro, 12. Santa Cruz de Tenerife, Santa Cruz de Tenerife", "municipality": "Santa Cruz de Tenerife", "province": "Santa Cruz de Tenerife", "phones": ["687694474"], "emails": ["info@casaargentinaentenerife.org"], "island": "Tenerife", "logo": "7024f7c3-bde9-47c1-acc7-c9f2542f96b8"}}, {"type": "Feature", "geometry": {"type": "Point", "coordinates": [-16.299428692507465, 28.451269193869635]}, "properties": {"id": "2dc3db4f-9e87-42f0-b394-5cad9c9a5d68", "name": "Asociación Gambiana Joko", "sector": "Sector ciudadano", "typology": "Asociación formal de personas migradas", "protagonist": "Ciudadanía", "url": "http://asociaciongambianajoko.blogspot.com/", "instagram": "", "facebook": "https://www.facebook.com/people/Asociaci%C3%B3n-Gambiana-Joko/100069700087446/", "twitter": "", "address": "Avenida El Cardonal, 4. San Cristóbal de La Laguna, Santa Cruz de Tenerife", "municipality": "San Cristóbal de La Laguna", "province": "Santa Cruz de Tenerife", "phones": ["666391355"], "emails": ["kare3030@hotmail.com"], "island": "Tenerife", "logo": ""}}, {"type": "Feature", "geometry": {"type": "Point", "coordinates": [-16.580516877386422, 28.11778152752409]}, "properties": {"id": "40601c8b-fd11-44a5-9180-bbcf5d7e4318", "name": "Asociación Sociocultural Romí Emprendedoras", "sector": "Sector ciudadano", "typology": "Asociación cultural", "protagonist": "Ciudadanía", "url": "", "instagram": "", "facebook": "https://www.facebook.com/Asociaci%C3%B3n-Socio-Cultural-Rom%C3%AD-Emprendedoras-1635707340039187/", "twitter": "", "address": "Calle Tinguaro, 2. Granadilla de Abona, Santa Cruz de Tenerife", "municipality": "Granadilla de Abona", "province": "Santa Cruz de Tenerife", "phones": ["643894557"], "emails": ["romiemprendedoras@gmail.com"], "island": "Tenerife", "logo": "7696bae1-d831-41bb-9d5f-690818e786bc"}}, {"type": "Feature", "geometry": {"type": "Point", "coordinates": [-15.419560162110123, 28.09244086917314]}, "properties": {"id": "9a69588c-d21f-4adb-a5bb-90c6564afda6", "name": "Asociación Folklórico-Cultural Colombiana de Gran Canaria Macondo", "sector": "Sector ciudadano", "typology": "Asociación cultural", "protagonist": "Ciudadanía", "url": "http://asociacion-macondo.blogspot.com/", "instagram": "https://www.instagram.com/asociacionmacondo_gc/", "facebook": "https://www.facebook.com/p/Asociaci%C3%B3n-Macondo-100066471737640/?_rdr", "twitter": "", "address": "Calle Erizo, 34. Las Palmas de Gran Canaria, Las Palmas", "municipality": "Las Palmas de Gran Canaria", "province": "Las Palmas", "phones": ["656817393"], "emails": ["a.macondo@gmail.com"], "island": "Gran Canaria", "logo": ""}}, {"type": "Feature", "geometry": {"type": "Point", "coordinates": [-16.7326323, 28.0844631]}, "properties": {"id": "eca7e87f-28bf-4e61-94ae-e7f5ce79a64b", "name": "Asociación Hispano Brasileña Padre Anchieta", "sector": "Sector ciudadano", "typology": "Asociación formal de personas migradas", "protagonist": "Ciudadanía", "url": "", "instagram": "", "facebook": "", "twitter": "", "address": "Avenida Ernesto Sarti, 10. Adeje, Santa Cruz de Tenerife", "municipality": "Adeje", "province": "Santa Cruz de Tenerife", "phones": ["699944606"], "emails": ["ahbpadreanchieta@gmail.com"], "island": "Tenerife", "logo": ""}}, {"type": "Feature", "geometry": {"type": "Point", "coordinates": [-16.728317861214396, 28.059780000532154]}, "properties": {"id": "429cc4dd-eb5b-478e-a001-aa5e2688cba9", "name": "Asociación Hindú Tenerife Sur ", "sector": "Sector ciudadano", "typology": "Asociación formal de personas migradas", "protagonist": "Ciudadanía", "url": "", "instagram": "", "facebook": "https://www.facebook.com/asociacionhindu.tenerifesur", "twitter": "", "address": "Calle Noelia Afonso Cabrera, 3. Arona, Santa Cruz de Tenerife", "municipality": "Arona", "province": "Santa Cruz de Tenerife", "phones": ["670997240"], "emails": ["jaggifabiani@gmail.com"], "island": "Tenerife", "logo": "e960148c-b958-410e-b5ce-4661ff6e92f9"}}, {"type": "Feature", "geometry": {"type": "Point", "coordinates": [-15.417580344355436, 28.113646790623477]}, "properties": {"id": "c67cbeb7-da89-4f0f-9bd6-f1f04da7c161", "name": "Asociación de Mujeres Africanas en Canarias", "sector": "Sector ciudadano", "typology": "Asociación Formal de Mujeres", "protagonist": "Ciudadanía", "url": "", "instagram": "", "facebook": "https://www.facebook.com/Asociacion-de-Mujeres-Africanas-en-Canarias-229563001031464", "twitter": "", "address": "Avenida Alcalde José Ramírez Bethencourt, 10. Las Palmas de Gran Canaria, Las Palmas", "municipality": "Las Palmas de Gran Canaria", "province": "Las Palmas", "phones": ["698892921"], "emails": ["sukeinandiaye@gmail.com"], "island": "Gran Canaria", "logo": "2707fadb-e188-4895-99e8-edeba62bbcce"}}, {"type": "Feature", "geometry": {"type": "Point", "coordinates": [-16.593182974198772, 28.030858689839786]}, "properties": {"id": "f7c70390-b5ff-4494-b24f-98f46d6c254e", "name": "Asociación por la libertad del pueblo Saharaui", "sector": "Sector ciudadano", "typology": "Asociación formal de personas migradas", "protagonist": "Ciudadanía", "url": "", "instagram": "", "facebook": "", "twitter": "", "address": "Calle La Gaviota, 14. Granadilla de Abona, Santa Cruz de Tenerife", "municipality": "Granadilla de Abona", "province": "Santa Cruz de Tenerife", "phones": ["698892921"], "emails": ["sukeinandiaye@gmail.com"], "island": "Tenerife", "logo": ""}}, {"type": "Feature", "geometry": {"type": "Point", "coordinates": [-16.277375158451584, 28.454608067792748]}, "properties": {"id": "5c021b37-d478-48bf-9b48-d94b749af084", "name": "Asociación Amigos Canarios Venezolanos Forjadores de Libertades", "sector": "Sector ciudadano", "typology": "Asociación formal de personas migradas", "protagonist": "Ciudadanía", "url": "", "instagram": "", "facebook": "https://www.facebook.com/aacvforjadoreslibertades", "twitter": "", "address": "Calle Francisco García Talavera, 2. San Cristóbal de La Laguna, Santa Cruz de Tenerife", "municipality": "San Cristóbal de La Laguna", "province": "Santa Cruz de Tenerife", "phones": ["601427333"], "emails": ["aacvforjadoreslibertades@gmail.com"], "island": "Tenerife", "logo": "d2eb468a-d470-49e8-bdfd-d9ac02412a3c"}}, {"type": "Feature", "geometry": {"type": "Point", "coordinates": [-16.676759049886552, 28.0507428735988]}, "properties": {"id": "2e558c4a-a10b-44f9-86f6-0c292fcaaf60", "name": "Asociación Dahira Tidjania de Tenerife para la Solidaridad", "sector": "Sector ciudadano", "typology": "Asociación formal de personas migradas", "protagonist": "Ciudadanía", "url": "", "instagram": "", "facebook": "", "twitter": "", "address": "Calle Tinaja, 4. Arona, Santa Cruz de Tenerife", "municipality": "Arona", "province": "Santa Cruz de Tenerife", "phones": ["632078858"], "emails": ["hassow.fall@hotmail.com"], "island": "Tenerife", "logo": ""}}, {"type": "Feature", "geometry": {"type": "Point", "coordinates": [-16.277520033373975, 28.472772507912676]}, "properties": {"id": "58a20e6c-21cd-43a3-b0be-746bfea8f199", "name": "Asociación de Residentes Bolivianos en Santa Cruz de Tenerife", "sector": "Sector ciudadano", "typology": "Asociación formal de personas migradas", "protagonist": "Ciudadanía", "url": "", "instagram": "", "facebook": "", "twitter": "", "address": "Calle Acentejo , 12. Santa Cruz de Tenerife, Santa Cruz de Tenerife", "municipality": "Santa Cruz de Tenerife", "province": "Santa Cruz de Tenerife", "phones": ["667839531"], "emails": ["arboltenerife@hotmail.com"], "island": "Tenerife", "logo": ""}}, {"type": "Feature", "geometry": {"type": "Point", "coordinates": [-16.277518703326297, 28.45436778855917]}, "properties": {"id": "12d98328-38a7-452d-9813-1f2580501dbc", "name": "Asociación Atahualpa de Ecuatorianos Residentes en Canarias", "sector": "Sector ciudadano", "typology": "Asociación formal de personas migradas", "protagonist": "Ciudadanía", "url": "", "instagram": "", "facebook": "https://www.facebook.com/Asoc-Atahualpa-de-ecuatorianos-residentes-en-canarias-102790918684845", "twitter": "", "address": "Calle Ernesto Anastasio, 3. Santa Cruz de Tenerife, Santa Cruz de Tenerife", "municipality": "Santa Cruz de Tenerife", "province": "Santa Cruz de Tenerife", "phones": ["607984790"], "emails": ["asoatahualpaec@hotmail.com"], "island": "Tenerife", "logo": "f6620bc0-1735-4715-9c96-ff8e6487df6e"}}, {"type": "Feature", "geometry": {"type": "Point", "coordinates": [-16.677545680035898, 28.05042522926139]}, "properties": {"id": "163cbdd1-657e-4f7a-951e-776805bbdfa5", "name": "Asociación Sierra Leona Unión de Tenerife ", "sector": "Sector ciudadano", "typology": "Asociación formal de personas migradas", "protagonist": "Ciudadanía", "url": "", "instagram": "", "facebook": "https://www.facebook.com/Asute2008/", "twitter": "", "address": "Carretera General de Guaza, 19. Arona, Santa Cruz de Tenerife", "municipality": "Arona", "province": "Santa Cruz de Tenerife", "phones": ["629956925"], "emails": ["asute2008@hotmail.com"], "island": "Tenerife", "logo": "59b57185-8de5-482f-91dc-437346b4d921"}}, {"type": "Feature", "geometry": {"type": "Point", "coordinates": [-15.415704138755494, 28.094050925726055]}, "properties": {"id": "aeabc749-d6de-4ae3-86d5-3b84a2d37bbb", "name": "Fundación Adsis Canarias", "sector": "Sector ciudadano", "typology": "Entidad privada o semipública prestadora de servicios públicos (Cáritas, Cruz Roja…)", "protagonist": "Recursos técnicos y profesionales", "url": "https://www.fundacionadsis.org/es/nuevas-zonas/zona-gran-canaria", "instagram": "https://www.instagram.com/adsiscanarias/", "facebook": "https://www.facebook.com/Fundaci%C3%B3n-Adsis-Canarias-1483369885248380", "twitter": "https://twitter.com/AdsisCanarias", "address": "Calle Córdoba, 15. Las Palmas de Gran Canaria, Las Palmas", "municipality": "Las Palmas de Gran Canaria", "province": "Las Palmas", "phones": ["928314658"], "emails": ["atajo@fundacionadsis.org"], "island": "Gran Canaria", "logo": "e198079d-f4ab-4c94-a4d7-79ccd4504f94"}}, {"type": "Feature", "geometry": {"type": "Point", "coordinates": [-15.41680321490434, 28.098460076703507]}, "properties": {"id": "38447d7d-698f-4887-a6da-ac6c9a4f4f8d", "name": "Fundación Diagrama ", "sector": "Sector ciudadano", "typology": "Entidad privada o semipública prestadora de servicios públicos (Cáritas, Cruz Roja…)", "protagonist": "Recursos técnicos y profesionales", "url": "https://www.fundaciondiagrama.es/", "instagram": "https://www.instagram.com/fundacion.diagrama/tagged/", "facebook": "https://www.facebook.com/fundaciondiagrama", "twitter": "https://twitter.com/FundDiagrama", "address": "Calle Sor Brígida Castelló, 7. Las Palmas de Gran Canaria, Las Palmas", "municipality": "Las Palmas de Gran Canaria", "province": "Las Palmas", "phones": ["928432612"], "emails": ["coordinacionmedioabiertogc@diagrama.org"], "island": "Gran Canaria", "logo": "495494e0-00be-4c05-9f90-7fe542e64ea1"}}, {"type": "Feature", "geometry": {"type": "Point", "coordinates": [-16.252037603242435, 28.46992742293856]}, "properties": {"id": "edc5af18-9253-4ab1-9403-5cd7964bd258", "name": "Asociación Mensajeros de La Paz Canarias", "sector": "Sector ciudadano", "typology": "ONG (prestadora de servicios / gestora de fondos públicos-privados)", "protagonist": "Recursos técnicos y profesionales", "url": "https://mensajerosdelapazcanarias.com/", "instagram": "https://www.instagram.com/fundacionmensajerosdelapazong/", "facebook": "https://www.facebook.com/fundacionmensajerosdelapaz", "twitter": "https://twitter.com/mensajeros_la", "address": "Calle El Pilar, 28. Santa Cruz de Tenerife, Santa Cruz de Tenerife", "municipality": "Santa Cruz de Tenerife", "province": "Santa Cruz de Tenerife", "phones": ["922285035"], "emails": ["administracion@mensajerosdelapazcanarias.com"], "island": "Tenerife", "logo": "0c3e9aaf-cce1-41f8-b8f6-dcb54d9b7ad3"}}, {"type": "Feature", "geometry": {"type": "Point", "coordinates": [-15.433265369539388, 28.136851914717244]}, "properties": {"id": "50422842-4b74-4962-a857-12a5ccb0240a", "name": "Asociación Solidaria Mundo Nuevo GC", "sector": "Sector ciudadano", "typology": "ONG (prestadora de servicios / gestora de fondos públicos-privados)", "protagonist": "Recursos técnicos y profesionales", "url": "https://www.asmundonuevo.com/index.phpos/menores-extranjeros/fuerteventur", "instagram": "", "facebook": "", "twitter": "", "address": "Calle cirilio moreno, 58. San Cristóbal de La Laguna, Santa Cruz de Tenerife", "municipality": "San Cristóbal de La Laguna", "province": "Santa Cruz de Tenerife", "phones": ["922823335"], "emails": ["general@asmundonuevo.com"], "island": "Tenerife", "logo": "074dafc7-3850-4d51-a455-79f484c77b2f"}}, {"type": "Feature", "geometry": {"type": "Point", "coordinates": [-16.313667044346325, 28.486162772797947]}, "properties": {"id": "a3e313b4-06f1-4e0f-bd9d-fccc6fa25054", "name": "Asociación Solidaria Mundo Nuevo ", "sector": "Sector ciudadano", "typology": "ONG (prestadora de servicios / gestora de fondos públicos-privados)", "protagonist": "Recursos técnicos y profesionales", "url": "https://www.asmundonuevo.com/index.phpos/menores-extranjeros/fuerteventur", "instagram": "", "facebook": "", "twitter": "", "address": "Calle Santo Domingo , 22. San Cristóbal de La Laguna, Santa Cruz de Tenerife", "municipality": "San Cristóbal de La Laguna", "province": "Santa Cruz de Tenerife", "phones": ["928226334"], "emails": ["general@asmundonuevo.com"], "island": "Tenerife", "logo": "bf723d2e-942b-4bee-8998-5d382d5e81d0"}}, {"type": "Feature", "geometry": {"type": "Point", "coordinates": [-16.253075219346126, 28.46745447657245]}, "properties": {"id": "d1159b1d-b06a-4b89-95fb-bbc281a6f0de", "name": "Médicos del Mundo | Delegación de Canarias Tenerife", "sector": "Sector ciudadano", "typology": "Entidad privada o semipública prestadora de servicios públicos (Cáritas, Cruz Roja…)", "protagonist": "Recursos técnicos y profesionales", "url": "https://www.medicosdelmundo.org/", "instagram": "", "facebook": "", "twitter": "", "address": "Calle Castillo, 62. Santa Cruz de Tenerife, Santa Cruz de Tenerife", "municipality": "Santa Cruz de Tenerife", "province": "Santa Cruz de Tenerife", "phones": ["922248936"], "emails": ["migracion.tenerife@medicosdelmundo.org"], "island": "Tenerife", "logo": "04830ec1-de6f-4a5b-9962-0806004eaf72"}}, {"type": "Feature", "geometry": {"type": "Point", "coordinates": [-15.424946300215533, 28.114183013028246]}, "properties": {"id": "52b21104-49f8-4c71-9711-b6db389f311c", "name": "Médicos del Mundo | Delegación de Canarias GC", "sector": "Sector ciudadano", "typology": "Entidad privada o semipública prestadora de servicios públicos (Cáritas, Cruz Roja…)", "protagonist": "Recursos técnicos y profesionales", "url": "https://www.medicosdelmundo.org/", "instagram": "https://www.instagram.com/medicosdelmundocanarias/", "facebook": "https://www.facebook.com/medicosdelmundo.canarias", "twitter": "https://twitter.com/MDMCanarias", "address": "Paseo Tomás Morales, 59. Las Palmas de Gran Canaria, Las Palmas", "municipality": "Las Palmas de Gran Canaria", "province": "Las Palmas", "phones": ["928367100"], "emails": ["migraciones.grancanaria@medicosdelmundo.org"], "island": "Gran Canaria", "logo": "5c451aac-c736-41be-842c-aeca84eacae2"}}, {"type": "Feature", "geometry": {"type": "Point", "coordinates": [-16.25182561603918, 28.46567660225621]}, "properties": {"id": "56528863-09b1-45d7-a14e-07e1ff25fcbd", "name": "Asociación Mujeres, Solidaridad y Cooperación Tenerife", "sector": "Sector ciudadano", "typology": "ONG (prestadora de servicios / gestora de fondos públicos-privados)", "protagonist": "Recursos técnicos y profesionales", "url": "https://mujeressolidaridadycooperacion.org/", "instagram": "", "facebook": "", "twitter": "", "address": "Calle Miraflores, 8. Santa Cruz de Tenerife, Santa Cruz de Tenerife", "municipality": "Santa Cruz de Tenerife", "province": "Santa Cruz de Tenerife", "phones": ["922241150"], "emails": ["solidaridadtenerife@mujeressolidaridad.com"], "island": "Tenerife", "logo": "f49aa0a0-f204-49ff-acb6-88a18f236c53"}}, {"type": "Feature", "geometry": {"type": "Point", "coordinates": [-15.433831645490145, 28.133362116347204]}, "properties": {"id": "119888c5-dc3e-4a76-974a-714433704e78", "name": "Asociación Mujeres, Solidaridad y Cooperación gc", "sector": "Sector ciudadano", "typology": "ONG (prestadora de servicios / gestora de fondos públicos-privados)", "protagonist": "Recursos técnicos y profesionales", "url": "https://mujeressolidaridadycooperacion.org/", "instagram": "https://www.instagram.com/explore/tags/asociacionmujeressolidaridadycooperacion/", "facebook": "https://www.facebook.com/asociacionmujeressolidaridadycooperacion", "twitter": "", "address": "Calle General Mas de Gaminde, 38. Las Palmas de Gran Canaria, Las Palmas", "municipality": "Las Palmas de Gran Canaria", "province": "Las Palmas", "phones": ["928241466"], "emails": ["mujeressolidaridadgc@gmail.com"], "island": "Gran Canaria", "logo": "8c500a14-8f18-4b1d-bd9a-6b4e5bbc3d52"}}, {"type": "Feature", "geometry": {"type": "Point", "coordinates": [-15.422362719109234, 28.112693024739087]}, "properties": {"id": "cead2ba4-1c8a-496a-8d07-ab7a667d569b", "name": "Casa África", "sector": "Sector ciudadano", "typology": "Recurso, Servicio o Dispositivo de la Administración Provincial", "protagonist": "Administración pública", "url": "http://www.casafrica.es/es", "instagram": "https://www.instagram.com/casafrica/", "facebook": "https://www.facebook.com/Casa.Africa", "twitter": "https://twitter.com/Casaafrica", "address": "Calle Alfonso XIII, 5. Las Palmas de Gran Canaria, Las Palmas", "municipality": "Las Palmas de Gran Canaria", "province": "Las Palmas", "phones": ["928432800"], "emails": ["info@casafrica.es"], "island": "Gran Canaria", "logo": "513855cd-32de-4e4b-bf21-96a736160cbb"}}, {"type": "Feature", "geometry": {"type": "Point", "coordinates": [-16.303015969000146, 28.468114431667534]}, "properties": {"id": "a030f716-2eff-4c7e-899c-45f50c528ac1", "name": "Universidad de La Laguna - Centro de Estudios Africanos", "sector": "Sector educación", "typology": "Departamento, facultad u organismo de Universidad pública", "protagonist": "Recursos técnicos y profesionales", "url": "", "instagram": "https://www.instagram.com/ceadeull/", "facebook": "https://www.facebook.com/Centro-de-Estudios-Africanos-ULL-103402054601753", "twitter": "", "address": "Calle Profesor José Luis Moreno Becerra. San Cristóbal de La Laguna, Santa Cruz de Tenerife", "municipality": "San Cristóbal de La Laguna", "province": "Santa Cruz de Tenerife", "phones": [], "emails": ["ceaull@ull.edu.es"], "island": "Tenerife", "logo": "16d5dd06-00f5-4dae-82c8-c3ba5b30776b"}}, {"type": "Feature", "geometry": {"type": "Point", "coordinates": [-16.326291266498508, 28.49127964976071]}, "properties": {"id": "b31ef357-6314-40a5-a531-111dc2ce6a45", "name": "Comunidad Budista Zen Luz del Dharma", "sector": "Sector ciudadano", "typology": "Asociación cultural", "protagonist": "Ciudadanía", "url": "https://luzdeldharma.org/", "instagram": "https://www.instagram.com/luzdeldharma/", "facebook": "https://www.facebook.com/comunidadluzdeldharma/", "twitter": "https://twitter.com/luzdeldharma", "address": "Calle Prolongación Alberto Einstein, 12. San Cristóbal de La Laguna, Santa Cruz de Tenerife", "municipality": "San Cristóbal de La Laguna", "province": "Santa Cruz de Tenerife", "phones": ["679829847"], "emails": ["contacto@luzdeldharma.org"], "island": "Tenerife", "logo": "9f00a1ee-915b-4680-9746-317a420b2a2a"}}, {"type": "Feature", "geometry": {"type": "Point", "coordinates": [-15.455359280897216, 28.099885098498024]}, "properties": {"id": "bad9c704-be82-436c-8276-221ee3b2b558", "name": "Nigerian Comitte of Friends", "sector": "Sector ciudadano", "typology": "Asociación cultural", "protagonist": "Ciudadanía", "url": "", "instagram": "", "facebook": "https://www.facebook.com/NigreiansCommitteeOfFriendsLasPalmasSpain/about/?ref=page_internal", "twitter": "", "address": "Calle Fondos del Segura, 21. Las Palmas de Gran Canaria, Las Palmas", "municipality": "Las Palmas de Gran Canaria", "province": "Las Palmas", "phones": ["619864819", "648741148", "660027367"], "emails": ["nigeriancommitteeoffriends@hotmail.com"], "island": "Gran Canaria", "logo": "9bb73685-4f35-4806-b318-b8e0b921e00d"}}, {"type": "Feature", "geometry": {"type": "Point", "coordinates": [-16.414451837791894, 28.47678099026585]}, "properties": {"id": "3653f2c9-f35c-44fa-89b4-664e1d5b7ac5", "name": "Asociación Actúa", "sector": "Sector ciudadano", "typology": "ONG (prestadora de servicios / gestora de fondos públicos-privados)", "protagonist": "Recursos técnicos y profesionales", "url": "https://asociacionactua.wordpress.com/", "instagram": "https://www.instagram.com/asociacion.actua/", "facebook": "https://www.facebook.com/AsociacionActua", "twitter": "https://twitter.com/AsocActua", "address": "Calle De las Higueras, 8. Tacoronte, Santa Cruz de Tenerife", "municipality": "Tacoronte", "province": "Santa Cruz de Tenerife", "phones": ["822 24 22 01"], "emails": ["empleoactua@gmail.com"], "island": "Tenerife", "logo": "f322f96f-5add-41fd-868f-4c2bd0b37b80"}}, {"type": "Feature", "geometry": {"type": "Point", "coordinates": [-14.2278242, 28.1658753]}, "properties": {"id": "c513b08a-d6ac-4db0-b8e7-d6a7154b9402", "name": "Asociación Obra Social Sombrero del Pueblo", "sector": "Sector ciudadano", "typology": "Asociación cultural", "protagonist": "Ciudadanía", "url": "", "instagram": "", "facebook": "https://www.facebook.com/p/Asociación-Obra-Social-Sombrero-del-Pueblo-100067498042010/?locale=es_ES", "twitter": "", "address": "Avenida Avenida Happag LLoyd, 3. Pájara, Las Palmas", "municipality": "Pájara", "province": "Las Palmas", "phones": ["616521462"], "emails": ["sombrerodelpueblo@gmail.com"], "island": "Fuerteventura", "logo": "6f7288b1-faa0-4558-9e4c-150a23c1877d"}}, {"type": "Feature", "geometry": {"type": "Point", "coordinates": [-13.947136662233527, 28.529894123491086]}, "properties": {"id": "04d4f0d6-4b17-4429-906c-731fb3d22292", "name": "Asociación Social Sahara Fuerte", "sector": "Sector ciudadano", "typology": "Asociación formal de personas migradas", "protagonist": "Ciudadanía", "url": "", "instagram": "https://www.instagram.com/saharafuerte/", "facebook": "https://www.facebook.com/saharafuerte", "twitter": "", "address": "Camino El Sordo , 102. Puerto del Rosario, Las Palmas", "municipality": "Puerto del Rosario", "province": "Las Palmas", "phones": ["638088963"], "emails": ["juambicabrera@gmail.com"], "island": "Fuerteventura", "logo": "d5f46aac-18a5-459a-8b56-70420a6504ba"}}, {"type": "Feature", "geometry": {"type": "Point", "coordinates": [-16.29917808753503, 28.474609555215096]}, "properties": {"id": "835bb39c-4cc3-4586-b579-0b1d14b3a9ad", "name": "Asociación Asistencial Nahia ", "sector": "Sector ciudadano", "typology": "ONG (prestadora de servicios / gestora de fondos públicos-privados)", "protagonist": "Recursos técnicos y profesionales", "url": "http://www.asociacionnahia.es/", "instagram": "https://www.instagram.com/asociacionasistencialnahia/", "facebook": "https://www.facebook.com/AsistencialNahia/", "twitter": "https://twitter.com/AsociacionNahia?lang=es", "address": "Avenida Las Palmeras , 47. San Cristóbal de La Laguna, Santa Cruz de Tenerife", "municipality": "San Cristóbal de La Laguna", "province": "Santa Cruz de Tenerife", "phones": ["623378500"], "emails": ["info@asociacionnahia.org"], "island": "Tenerife", "logo": "b3e23f38-0f66-4dd0-bccf-e2ad57121797"}}, {"type": "Feature", "geometry": {"type": "Point", "coordinates": [-16.283844330539175, 28.46828412129424]}, "properties": {"id": "aa667504-e8b4-475f-b0de-e8fcc986b769", "name": "Asociación Unión Canario Venezolana", "sector": "Sector ciudadano", "typology": "Asociación formal de personas migradas", "protagonist": "Ciudadanía", "url": "", "instagram": "https://www.instagram.com/ucve/?hl=es", "facebook": "https://www.facebook.com/unioncanariovenezolana/", "twitter": "https://twitter.com/UCVE2009", "address": "Calle Santa Eulalia, 20. San Cristóbal de La Laguna, Santa Cruz de Tenerife", "municipality": "San Cristóbal de La Laguna", "province": "Santa Cruz de Tenerife", "phones": ["633495318"], "emails": ["ucve.tenerife@gmail.com"], "island": "Tenerife", "logo": "de8e1ccc-e6b6-458b-9b09-d7bf39e02a17"}}, {"type": "Feature", "geometry": {"type": "Point", "coordinates": [-15.447279708960323, 28.130329770224655]}, "properties": {"id": "0e0feca1-d719-4b37-bb47-4effc3cfabc3", "name": "Asociación Azteca", "sector": "Sector ciudadano", "typology": "Asociación cultural", "protagonist": "Ciudadanía", "url": "", "instagram": "https://www.instagram.com/asociacion_azteca/?hl=es", "facebook": "https://www.facebook.com/Mexicanos-En-Canarias-104406316578710/", "twitter": "", "address": "Las Palmas de Gran Canaria, Las Palmas", "municipality": "Las Palmas de Gran Canaria", "province": "Las Palmas", "phones": ["606057446"], "emails": ["asociacionazteca@gmail.com"], "island": "Gran Canaria", "logo": ""}}, {"type": "Feature", "geometry": {"type": "Point", "coordinates": [-16.25216739054932, 28.466420336403605]}, "properties": {"id": "64237752-c8f2-42ba-8155-aeaa064ab84f", "name": "Asociación para la Promoción y Divulgación de la Cultura y el Idioma Chino en Canarias", "sector": "Sector ciudadano", "typology": "Asociación formal de personas migradas", "protagonist": "Ciudadanía", "url": "https://prodicuchinacanarias.es/", "instagram": "", "facebook": "https://www.facebook.com/chano0235/?locale=ca_ES", "twitter": "", "address": "Calle Puerta Canseco , 10. Santa Cruz de Tenerife, Santa Cruz de Tenerife", "municipality": "Santa Cruz de Tenerife", "province": "Santa Cruz de Tenerife", "phones": ["663312588"], "emails": ["apdpcicc@gmail.com"], "island": "Tenerife", "logo": ""}}, {"type": "Feature", "geometry": {"type": "Point", "coordinates": [-15.442449942327595, 28.108007942918604]}, "properties": {"id": "a4babe2d-a6bf-4eb2-b255-16fe2d3c5b40", "name": "Asociación Ecuatoriana ECUAGRAN en Gran Canaria", "sector": "Sector ciudadano", "typology": "Asociación formal de personas migradas", "protagonist": "Ciudadanía", "url": "", "instagram": "", "facebook": "https://www.facebook.com/ecuadorecuagran1/", "twitter": "", "address": "Las Palmas de Gran Canaria, Las Palmas", "municipality": "Las Palmas de Gran Canaria", "province": "Las Palmas", "phones": ["606550391"], "emails": ["ermindo_rojas@hotmail.com"], "island": "Gran Canaria", "logo": ""}}, {"type": "Feature", "geometry": {"type": "Point", "coordinates": [-15.433517908196473, 28.10594371492851]}, "properties": {"id": "72f68ba3-fc26-48d1-86ae-111390a3eeee", "name": "Asociación social Rehoyando", "sector": "Sector servicios sociales", "typology": "ONG (prestadora de servicios / gestora de fondos públicos-privados)", "protagonist": "Ciudadanía", "url": "", "instagram": "https://www.instagram.com/asociacionrehoyando/", "facebook": "", "twitter": "", "address": "Calle Santa María de la cabeza , 33. Las Palmas de Gran Canaria, Las Palmas", "municipality": "Las Palmas de Gran Canaria", "province": "Las Palmas", "phones": ["601018235"], "emails": ["rehoyando.almogaren@gmail.com"], "island": "Gran Canaria", "logo": ""}}, {"type": "Feature", "geometry": {"type": "Point", "coordinates": [-16.319280635768173, 28.4831954536633]}, "properties": {"id": "538ea438-51d1-4a4e-9934-cfd5e265f371", "name": "Asociación prosocial mi barrio el carmen se mueve", "sector": "Sector ciudadano", "typology": "Plataforma ciudadana", "protagonist": "Ciudadanía", "url": "https://elcarmensemueve.com/", "instagram": "", "facebook": "", "twitter": "", "address": "Calle San Bernardo, 1. Arafo, Santa Cruz de Tenerife", "municipality": "Arafo", "province": "Santa Cruz de Tenerife", "phones": ["616858199"], "emails": ["elcarmensemueve@gmail.com"], "island": "Tenerife", "logo": ""}}, {"type": "Feature", "geometry": {"type": "Point", "coordinates": [-16.319284659081497, 28.48319781120969]}, "properties": {"id": "d6f5d7c7-7389-43e5-8bdf-59b5c4f35ab2", "name": "Asociación Pro Derechos Humanos Mi Mundo En Silencio", "sector": "Sector ciudadano", "typology": "ONG (prestadora de servicios / gestora de fondos públicos-privados)", "protagonist": "Recursos técnicos y profesionales", "url": "http://www.mimundoensilencio.com/", "instagram": "", "facebook": "", "twitter": "", "address": "Calle Henry Dunant. San Cristóbal de La Laguna, Santa Cruz de Tenerife", "municipality": "San Cristóbal de La Laguna", "province": "Santa Cruz de Tenerife", "phones": ["922 267 298"], "emails": ["asociacionmimundoensilencio@gmail.com"], "island": "Tenerife", "logo": ""}}, {"type": "Feature", "geometry": {"type": "Point", "coordinates": [-13.85674867389249, 28.500980193627505]}, "properties": {"id": "e97de699-17e7-4cd5-9120-8de73b638ed4", "name": "Asociación Cultural E.U.P.E.C (Estudios Universitarios Peritia Europeos y Canarios) ", "sector": "Sector ciudadano", "typology": "Asociación cultural", "protagonist": "Ciudadanía", "url": "", "instagram": "", "facebook": "", "twitter": "", "address": "Calle Hispanidad, 11. Puerto del Rosario, Las Palmas", "municipality": "Puerto del Rosario", "province": "Las Palmas", "phones": [], "emails": [], "island": "Fuerteventura", "logo": ""}}, {"type": "Feature", "geometry": {"type": "Point", "coordinates": [-15.443543129315364, 27.840422253724157]}, "properties": {"id": "ad9a869d-b9a2-450e-96be-844e7fe7d533", "name": "Asociación cultural Casa Brazil", "sector": "Sector ciudadano", "typology": "Asociación cultural", "protagonist": "Ciudadanía", "url": "", "instagram": "", "facebook": "https://www.facebook.com/andrealucia.dasilva.167/", "twitter": "", "address": "Santa Lucía de Tirajana, Las Palmas", "municipality": "Santa Lucía de Tirajana", "province": "Las Palmas", "phones": ["670437179"], "emails": [], "island": "Gran Canaria", "logo": ""}}, {"type": "Feature", "geometry": {"type": "Point", "coordinates": [-15.414099973905131, 27.999986585524375]}, "properties": {"id": "3b6d83b1-c08b-445e-a140-a0da4793724b", "name": "Asociación para el Apoyo Integral a la mujer A TI, MUJER", "sector": "Sector ciudadano", "typology": "Asociación Formal de Mujeres", "protagonist": "Recursos técnicos y profesionales", "url": "https://www.atimujer.org/", "instagram": "", "facebook": "", "twitter": "", "address": "Calle José Arencibia Gil, 20. Telde, Las Palmas", "municipality": "Telde", "province": "Las Palmas", "phones": ["828 910 207", "689 984 546"], "emails": ["info@atimujer.es"], "island": "Gran Canaria", "logo": ""}}, {"type": "Feature", "geometry": {"type": "Point", "coordinates": [-16.259625443717866, 28.46579037454268]}, "properties": {"id": "09b04c20-adca-4349-ba02-f6dc49309e2e", "name": "ONG Mamanafrica Humanitaria", "sector": "Sector ciudadano", "typology": "ONG (prestadora de servicios / gestora de fondos públicos-privados)", "protagonist": "Recursos técnicos y profesionales", "url": "", "instagram": "", "facebook": "", "twitter": "", "address": "Santa Cruz de Tenerife, Santa Cruz de Tenerife", "municipality": "Santa Cruz de Tenerife", "province": "Santa Cruz de Tenerife", "phones": ["617621301"], "emails": ["mamanafricasociacion@gmail.com"], "island": "Tenerife", "logo": ""}}, {"type": "Feature", "geometry": {"type": "Point", "coordinates": [-15.421970562245713, 28.112114939084947]}, "properties": {"id": "95d648d4-d474-4ed7-8d8d-3776db9b5d5d", "name": "Hermanas Oblatas del Santísimo Redentor ", "sector": "Sector ciudadano", "typology": "Entidad privada o semipública prestadora de servicios públicos (Cáritas, Cruz Roja…)", "protagonist": "Recursos técnicos y profesionales", "url": "", "instagram": "", "facebook": "", "twitter": "", "address": "Calle Carmen LLopis, 7-2. Las Palmas de Gran Canaria, Las Palmas", "municipality": "Las Palmas de Gran Canaria", "province": "Las Palmas", "phones": ["928361212"], "emails": ["programa.daniela@oblatas.com"], "island": "Gran Canaria", "logo": ""}}, {"type": "Feature", "geometry": {"type": "Point", "coordinates": [-16.525179509564527, 28.390270544513164]}, "properties": {"id": "3916e55f-6346-4a3a-a20c-0db6d675a889", "name": "Asociación Cultura Periferia Creativa Acciones Culturales", "sector": "Sector ciudadano", "typology": "Asociación cultural", "protagonist": "Recursos técnicos y profesionales", "url": "", "instagram": "", "facebook": "", "twitter": "", "address": "La Orotava, Santa Cruz de Tenerife", "municipality": "La Orotava", "province": "Santa Cruz de Tenerife", "phones": ["609566654", "658273027"], "emails": ["creativaperiferiacultural@gmail.com"], "island": "Tenerife", "logo": ""}}, {"type": "Feature", "geometry": {"type": "Point", "coordinates": [-16.25017881421641, 28.473484234886858]}, "properties": {"id": "40ef288d-b418-462a-a5dc-e018a41d3aee", "name": "Asociación ACAPASIL Canarias", "sector": "Sector ciudadano", "typology": "ONG (prestadora de servicios / gestora de fondos públicos-privados)", "protagonist": "Recursos técnicos y profesionales", "url": "", "instagram": "", "facebook": "", "twitter": "", "address": "Calle San Miguel, 45. Santa Cruz de Tenerife, Santa Cruz de Tenerife", "municipality": "Santa Cruz de Tenerife", "province": "Santa Cruz de Tenerife", "phones": ["622673231"], "emails": ["info.acapasil@gmail.com"], "island": "Tenerife", "logo": ""}}, {"type": "Feature", "geometry": {"type": "Point", "coordinates": [-14.014613091853402, 28.42290719205696]}, "properties": {"id": "4b00a946-08f9-484d-9a21-9b73c3dcde34", "name": "Asociación de Alumnos y Alumnas de Fuerteventura", "sector": "Sector ciudadano", "typology": "Asociación cultural", "protagonist": "Ciudadanía", "url": "", "instagram": "", "facebook": "", "twitter": "", "address": "Antigua, Las Palmas", "municipality": "Antigua", "province": "Las Palmas", "phones": ["687 64 59 98"], "emails": ["asalfuer@gmail.com"], "island": "Fuerteventura", "logo": ""}}, {"type": "Feature", "geometry": {"type": "Point", "coordinates": [-13.869078583541633, 28.50528393733871]}, "properties": {"id": "e48235c3-3631-479e-9bfa-19380998271f", "name": "ONG Gestiones y Trámites", "sector": "Sector ciudadano", "typology": "ONG (prestadora de servicios / gestora de fondos públicos-privados)", "protagonist": "Recursos técnicos y profesionales", "url": "", "instagram": "", "facebook": "", "twitter": "", "address": "Calle Gran Canaria , 115. Puerto del Rosario, Las Palmas", "municipality": "Puerto del Rosario", "province": "Las Palmas", "phones": ["608 832 115"], "emails": [], "island": "Fuerteventura", "logo": ""}}, {"type": "Feature", "geometry": {"type": "Point", "coordinates": [-13.863335532787943, 28.502349772056096]}, "properties": {"id": "7317975b-1ecd-4c76-90ee-427996008b6c", "name": "Fundación cepaim", "sector": "Sector ciudadano", "typology": "ONG (prestadora de servicios / gestora de fondos públicos-privados)", "protagonist": "Recursos técnicos y profesionales", "url": "https://www.cepaim.org/la-fundacion/conocenos/", "instagram": "", "facebook": "", "twitter": "", "address": "Calle Seneca, 12. Puerto del Rosario, Las Palmas", "municipality": "Puerto del Rosario", "province": "Las Palmas", "phones": ["666001777"], "emails": [], "island": "Fuerteventura", "logo": ""}}, {"type": "Feature", "geometry": {"type": "Point", "coordinates": [-16.313664845890656, 28.47054681192165]}, "properties": {"id": "7c44a467-39bb-4c73-bb84-078e41e0a40d", "name": "Asociación Casa de Venezuela en Canarias", "sector": "Sector ciudadano", "typology": "Asociación formal de personas migradas", "protagonist": "Ciudadanía", "url": "", "instagram": "", "facebook": "https://www.facebook.com/CasaVenezuelaCanarias", "twitter": "https://twitter.com/CasaDeVenezuel4", "address": "Camino San Bartolomé de Geneto, 50. San Cristóbal de La Laguna, Santa Cruz de Tenerife", "municipality": "San Cristóbal de La Laguna", "province": "Santa Cruz de Tenerife", "phones": ["922820508"], "emails": ["administracion@casavenezuela.es", "gerencia@casavenezuela.es"], "island": "Tenerife", "logo": "dbc8acef-d205-4da1-8e83-3f2ebf8e49d1"}}, {"type": "Feature", "geometry": {"type": "Point", "coordinates": [-16.25221756763934, 28.46903619535213]}, "properties": {"id": "124d5eb3-8c9f-43c9-9385-d187b5f82007", "name": "Cruz Roja Oficina Provincial Santa Cruz de Tenerife", "sector": "Sector servicios sociales", "typology": "Entidad privada o semipública prestadora de servicios públicos (Cáritas, Cruz Roja…)", "protagonist": "Recursos técnicos y profesionales", "url": "https://www.cruzroja.es/principal/web/provincial-tenerife/inmigrantes", "instagram": "", "facebook": "https://www.facebook.com/CruzRojaSantaCruzTenerife", "twitter": "", "address": "Calle San Lucas, 60. Santa Cruz de Tenerife, Santa Cruz de Tenerife", "municipality": "Santa Cruz de Tenerife", "province": "Santa Cruz de Tenerife", "phones": ["922282924"], "emails": ["tenerife@cruzroja.es"], "island": "Tenerife", "logo": "e66055fe-14e9-4e0d-a1d4-a5f82f41f7e5"}}, {"type": "Feature", "geometry": {"type": "Point", "coordinates": [-16.255226724031623, 28.467436552728444]}, "properties": {"id": "99ae2af0-d705-4efd-b975-bf3939368f6e", "name": "Comisión Española de Ayuda al Refugiado en Canarias (CEAR)", "sector": "Sector ciudadano", "typology": "ONG (prestadora de servicios / gestora de fondos públicos-privados)", "protagonist": "Recursos técnicos y profesionales", "url": "https://www.cear.es/", "instagram": "https://www.instagram.com/cearcanarias/", "facebook": "https://www.facebook.com/CEARCanarias", "twitter": "https://twitter.com/CEARCanarias", "address": "Calle Imeldo Seris, 108. Santa Cruz de Tenerife, Santa Cruz de Tenerife", "municipality": "Santa Cruz de Tenerife", "province": "Santa Cruz de Tenerife", "phones": ["822112009"], "emails": ["cear.canarias@cear.es"], "island": "Tenerife", "logo": "c0a44a24-2331-4dad-a055-7c56bcc17c65"}}, {"type": "Feature", "geometry": {"type": "Point", "coordinates": [-13.55245776284204, 28.96088095537784]}, "properties": {"id": "df233250-2cc1-40cc-823a-a70e4d8d9f84", "name": "Asociación colombo-lanzaroteña por la solidaridad y la integración sociocultural y Deportiva en las Islas Canarias", "sector": "Sector ciudadano", "typology": "Asociación cultural", "protagonist": "Ciudadanía", "url": "https://asociacion-colombolanzarotena.ueniweb.com/?utm_campaign=gmb", "instagram": "https://www.instagram.com/asoincol/", "facebook": "https://www.facebook.com/Asociaci%C3%B3n-Colombolanzarote%C3%B1a-Asoincol-511355509232157", "twitter": "", "address": "Calle Tenerife, 28. Arrecife, Las Palmas", "municipality": "Arrecife", "province": "Las Palmas", "phones": ["604217023"], "emails": ["asoincol2006@hotmail.com"], "island": "Lanzarote", "logo": "cd5f0afe-9667-4b94-99f4-b9512b254c67"}}, {"type": "Feature", "geometry": {"type": "Point", "coordinates": [-15.431278274421974, 28.129649584488824]}, "properties": {"id": "ff228600-a777-46c3-a863-215a7c826cea", "name": "Club Escandinavo Gran Canaria", "sector": "Sector ciudadano", "typology": "Asociación formal de personas migradas", "protagonist": "Ciudadanía", "url": "https://skandinaviskaklubben.com/en/home", "instagram": "", "facebook": "", "twitter": "", "address": "Calle Manuel González Martín, 15. Las Palmas de Gran Canaria, Las Palmas", "municipality": "Las Palmas de Gran Canaria", "province": "Las Palmas", "phones": ["928234596"], "emails": ["karin.bereilsson@skandinaviskaklubben.com"], "island": "Gran Canaria", "logo": ""}}, {"type": "Feature", "geometry": {"type": "Point", "coordinates": [-13.9256537, 28.6110635]}, "properties": {"id": "3a01125c-611d-4bf0-bcd5-390a4adb62a3", "name": "Asociación Cultural Raíz del Pueblo", "sector": "Sector deporte, ocio y cultura", "typology": "Asociación cultural", "protagonist": "Ciudadanía", "url": "https://raizdelpueblo.org/", "instagram": "https://www.instagram.com/raizdelpueblo/", "facebook": "https://www.facebook.com/asociacionculturalraizdelpueblo", "twitter": "https://twitter.com/raizdelpueblo?lang=es", "address": "Calle Francisco Fuentes Martín, 11. La Oliva, Las Palmas", "municipality": "La Oliva", "province": "Las Palmas", "phones": ["928868015"], "emails": ["info@raizdelpueblo.org"], "island": "Fuerteventura", "logo": "af8e45a2-34dd-466f-bf32-e53f05cfd625"}}, {"type": "Feature", "geometry": {"type": "Point", "coordinates": [-13.87785473208421, 28.497887024489685]}, "properties": {"id": "b4472327-e5b8-4368-a82e-f399fc9d17d5", "name": "Misión Cristiana Moderna", "sector": "Sector religioso", "typology": "Entidad privada o semipública prestadora de servicios públicos (Cáritas, Cruz Roja…)", "protagonist": "Recursos técnicos y profesionales", "url": "http://www.misionmoderna.com/", "instagram": "https://www.instagram.com/misionmoderna/", "facebook": "https://www.facebook.com/misioncristianamoderna", "twitter": "", "address": "Calle Henequen, 1. Puerto del Rosario, Las Palmas", "municipality": "Puerto del Rosario", "province": "Las Palmas", "phones": ["928531932"], "emails": ["social@misionmoderna.com"], "island": "Fuerteventura", "logo": "7963066c-436d-4a08-9fcb-cca71e2b1242"}}, {"type": "Feature", "geometry": {"type": "Point", "coordinates": [-16.58088020030151, 28.388550475189405]}, "properties": {"id": "44b1d580-ad90-46ee-902f-8709dfbf351a", "name": "Asociación Ekoarte", "sector": "Sector deporte, ocio y cultura", "typology": "Asociación cultural", "protagonist": "Ciudadanía", "url": "", "instagram": "", "facebook": "https://www.facebook.com/ekoarte.asociaconciltural", "twitter": "", "address": "Calle Los Orovales. Los Realejos, Santa Cruz de Tenerife", "municipality": "Los Realejos", "province": "Santa Cruz de Tenerife", "phones": ["655485114"], "emails": ["salvatorecibelli@hotmail.com"], "island": "Tenerife", "logo": ""}}, {"type": "Feature", "geometry": {"type": "Point", "coordinates": [-15.42548875903895, 28.15017753603831]}, "properties": {"id": "dc2d65ca-a1ec-4221-9138-72355c276b47", "name": "Asociación Cultural y Medioambiental Atlas", "sector": "Sector deporte, ocio y cultura", "typology": "Asociación cultural", "protagonist": "Ciudadanía", "url": "http://www.asociacionatlasgrancanaria.org/", "instagram": "", "facebook": "https://www.facebook.com/asociacionatlasgrancanaria", "twitter": "https://twitter.com/atlasasoc_gc?lang=en", "address": "Anzofé, 35. Las Palmas de Gran Canaria, Las Palmas", "municipality": "Las Palmas de Gran Canaria", "province": "Las Palmas", "phones": ["656604290"], "emails": ["asociacionatlasgrancanaria@gmail.com"], "island": "Gran Canaria", "logo": ""}}, {"type": "Feature", "geometry": {"type": "Point", "coordinates": [-15.43945583, 28.11728948]}, "properties": {"id": "68b3ec6f-28cf-48cf-8966-85c9633a6797", "name": "Federación Nacional de Asociaciones de Inmigrantes y Refugiados en España \"Países\"", "sector": "Sector ciudadano", "typology": "Federación de asociaciones", "protagonist": "Ciudadanía", "url": "", "instagram": "", "facebook": "", "twitter": "", "address": "Calle Santiago Bravo de Laguna, 15. Las Palmas de Gran Canaria, Las Palmas", "municipality": "Las Palmas de Gran Canaria", "province": "Las Palmas", "phones": ["617847574"], "emails": ["paisesfederacion@gmail.com"], "island": "Gran Canaria", "logo": ""}}, {"type": "Feature", "geometry": {"type": "Point", "coordinates": [-15.439455827496035, 28.117289484573384]}, "properties": {"id": "9efa52a6-8efd-44eb-946f-0493224c46e1", "name": "Casa Bolivia en Gran Canaria", "sector": "Sector ciudadano", "typology": "Asociación formal de personas migradas", "protagonist": "Ciudadanía", "url": "", "instagram": "", "facebook": "", "twitter": "", "address": "Calle Santiago Bravo de Laguna, 15. Las Palmas de Gran Canaria, Las Palmas", "municipality": "Las Palmas de Gran Canaria", "province": "Las Palmas", "phones": ["617847574"], "emails": ["paisesfederacion@gmail.com"], "island": "Gran Canaria", "logo": ""}}, {"type": "Feature", "geometry": {"type": "Point", "coordinates": [-15.4332212455859, 28.139811489725393]}, "properties": {"id": "5e82e25a-dc25-4af9-a716-a4ef89872991", "name": "Asociación Canario-Guineana Nimba", "sector": "Sector ciudadano", "typology": "Asociación formal de personas migradas", "protagonist": "Ciudadanía", "url": "", "instagram": "", "facebook": "", "twitter": "", "address": "Calle Nicolás Estévanez, 30. Las Palmas de Gran Canaria, Las Palmas", "municipality": "Las Palmas de Gran Canaria", "province": "Las Palmas", "phones": ["649886080"], "emails": ["alnara2003@yahoo.es"], "island": "Gran Canaria", "logo": ""}}, {"type": "Feature", "geometry": {"type": "Point", "coordinates": [-16.31017418975631, 28.47653979913631]}, "properties": {"id": "7d876fbe-c300-4d34-b9da-23e11f7870c5", "name": "Aldeas Infantiles SOS", "sector": "Sector ciudadano", "typology": "ONG (prestadora de servicios / gestora de fondos públicos-privados)", "protagonist": "Recursos técnicos y profesionales", "url": "https://www.aldeasinfantiles.es/", "instagram": "https://www.instagram.com/aldeasinfantiles_es/", "facebook": "https://www.facebook.com/AldeasInfantilesSOSEspana", "twitter": "https://twitter.com/AldeasEspana", "address": "Calle La Folia, 57. San Cristóbal de La Laguna, Santa Cruz de Tenerife", "municipality": "San Cristóbal de La Laguna", "province": "Santa Cruz de Tenerife", "phones": ["922315931"], "emails": ["rmedina@aldeasinfantiles.es"], "island": "Tenerife", "logo": "5eb765de-cb82-400d-8e2a-10600af9d2ea"}}, {"type": "Feature", "geometry": {"type": "Point", "coordinates": [-13.556952255907918, 28.964278429967205]}, "properties": {"id": "1d45f486-91d1-4a85-bf8a-1d9c1dd6e426", "name": "Asociación Horizontes de la Línea de Inmigrantes en Lanzarote ", "sector": "Sector ciudadano", "typology": "Asociación formal de personas migradas", "protagonist": "Ciudadanía", "url": "", "instagram": "", "facebook": "", "twitter": "", "address": "Calle Bolivia, 9. Arrecife, Las Palmas", "municipality": "Arrecife", "province": "Las Palmas", "phones": ["631659433"], "emails": ["alafaqhoriz19@gmail.com"], "island": "Lanzarote", "logo": ""}}, {"type": "Feature", "geometry": {"type": "Point", "coordinates": [-15.680943016655622, 27.76086276116389]}, "properties": {"id": "4ebd770a-ba82-44a1-90a8-5475a367968c", "name": "Acogida Digna", "sector": "Sector ciudadano", "typology": "Asociación cultural", "protagonist": "Recursos técnicos y profesionales", "url": "", "instagram": "", "facebook": "", "twitter": "", "address": "Plaza Pérez Galdós de Arguineguín. Mogán, Las Palmas", "municipality": "Mogán", "province": "Las Palmas", "phones": ["639592681"], "emails": ["valeroncazorlajosefarosa@gmail.com"], "island": "Gran Canaria", "logo": ""}}, {"type": "Feature", "geometry": {"type": "Point", "coordinates": [-17.913432314987602, 28.657519343877716]}, "properties": {"id": "11a51803-bb50-42fb-923a-3cbbdfcb0d15", "name": "Cruz Roja Asamblea Insular de La Palma", "sector": "Sector servicios sociales", "typology": "Entidad privada o semipública prestadora de servicios públicos (Cáritas, Cruz Roja…)", "protagonist": "Recursos técnicos y profesionales", "url": "https://www2.cruzroja.es/", "instagram": "", "facebook": "", "twitter": "", "address": "Calle Francisca de Gázmira , 25. Los Llanos de Aridane, Santa Cruz de Tenerife", "municipality": "Los Llanos de Aridane", "province": "Santa Cruz de Tenerife", "phones": ["922461000"], "emails": ["depllanos@cruzroja.es"], "island": "La Palma", "logo": ""}}, {"type": "Feature", "geometry": {"type": "Point", "coordinates": [-17.113372, 28.095153]}, "properties": {"id": "9e294eee-7b37-4aa6-97be-9ac4e5622552", "name": "Cruz Roja - Asamblea Insular de San Sebastián de La Gomera", "sector": "Sector servicios sociales", "typology": "Entidad privada o semipública prestadora de servicios públicos (Cáritas, Cruz Roja…)", "protagonist": "Recursos técnicos y profesionales", "url": "https://www2.cruzroja.es/", "instagram": "", "facebook": "", "twitter": "", "address": "Calle Ral, 102. San Sebastián de La Gomera, Santa Cruz de Tenerife", "municipality": "San Sebastián de La Gomera", "province": "Santa Cruz de Tenerife", "phones": ["922871557"], "emails": ["lumosa@cruzroja.es"], "island": "La Gomera", "logo": ""}}, {"type": "Feature", "geometry": {"type": "Point", "coordinates": [-13.871147404198476, 28.49893355310056]}, "properties": {"id": "ec094a5d-df9f-41a7-9078-81b184b131f4", "name": "Altihay Fuerteventura", "sector": "Sector ciudadano", "typology": "Asociación cultural", "protagonist": "Recursos técnicos y profesionales", "url": "https://www.altihayfuerteventura.org/contacto", "instagram": "", "facebook": "", "twitter": "", "address": "Calle goya, 3. Puerto del Rosario, Las Palmas", "municipality": "Puerto del Rosario", "province": "Las Palmas", "phones": ["828912381", "669512694"], "emails": ["altihay@altihayfuerteventura.org"], "island": "Fuerteventura", "logo": ""}}, {"type": "Feature", "geometry": {"type": "Point", "coordinates": [-15.415435417426739, 28.107731329223988]}, "properties": {"id": "0efd6b29-3e72-43bc-89be-b2d7d428cb90", "name": "Fundacion para el Estudio de la Promoción de la Acción Social (FEPAS)", "sector": "Sector ciudadano", "typology": "Asociación cultural", "protagonist": "Recursos técnicos y profesionales", "url": "http://www.fepas.org/", "instagram": "", "facebook": "", "twitter": "", "address": "Avenida Rafael Cabrera , 26. Las Palmas de Gran Canaria, Las Palmas", "municipality": "Las Palmas de Gran Canaria", "province": "Las Palmas", "phones": ["682246678"], "emails": ["cflorez@fepas.org"], "island": "Gran Canaria", "logo": ""}}, {"type": "Feature", "geometry": {"type": "Point", "coordinates": [-17.111228260037393, 28.09145904515561]}, "properties": {"id": "418f8b5a-c990-4e5c-8e91-3112e3ba79d0", "name": "Comisiones Obreras La Gomera", "sector": "Sector empleo", "typology": "Sindicato", "protagonist": "Ciudadanía", "url": "https://canarias.ccoo.es/", "instagram": "https://www.instagram.com/comisionesobreras/", "facebook": "", "twitter": "", "address": "Calle Ruiz de Padrón , 21. San Sebastián de la Gomera, Santa Cruz de Tenerife", "municipality": "San Sebastián de la Gomera", "province": "Santa Cruz de Tenerife", "phones": ["922141214"], "emails": ["unioninsular.go@canarias.ccoo.es"], "island": "La Gomera", "logo": ""}}, {"type": "Feature", "geometry": {"type": "Point", "coordinates": [-15.406263027075623, 28.030117952727235]}, "properties": {"id": "c206c021-1957-4757-b58d-fd58142a0362", "name": "Red de Solidaridad Popular de Jinámar ", "sector": "Sector ciudadano", "typology": "Federación de asociaciones", "protagonist": "Ciudadanía", "url": "", "instagram": "", "facebook": "", "twitter": "", "address": "Rambla Ramblas de jinámar , Bl. 7. Las Palmas de Gran Canaria, Las Palmas", "municipality": "Las Palmas de Gran Canaria", "province": "Las Palmas", "phones": [], "emails": [], "island": "Gran Canaria", "logo": ""}}, {"type": "Feature", "geometry": {"type": "Point", "coordinates": [-16.301533461871966, 28.4230439514204]}, "properties": {"id": "6238bcdd-fa68-457e-bbc4-04b93701044f", "name": "Asociación Asociación de la Familia Canaria (AFAMCA)", "sector": "Sector ciudadano", "typology": "ONG (prestadora de servicios / gestora de fondos públicos-privados)", "protagonist": "Recursos técnicos y profesionales", "url": "", "instagram": "https://www.instagram.com/asociacion.afamca/", "facebook": "", "twitter": "", "address": "Santa Cruz de Tenerife, Santa Cruz de Tenerife", "municipality": "Santa Cruz de Tenerife", "province": "Santa Cruz de Tenerife", "phones": ["646009197"], "emails": ["afamca.tenerife@gmail.com"], "island": "Tenerife", "logo": ""}}, {"type": "Feature", "geometry": {"type": "Point", "coordinates": [-15.606210349574988, 27.757075587467803]}, "properties": {"id": "5db85f91-e00b-49fa-99a1-88cb7d787454", "name": "Asociación Cultural Batucada Timbalao", "sector": "Sector ciudadano", "typology": "Asociación cultural", "protagonist": "Ciudadanía", "url": "", "instagram": "https://www.instagram.com/batucada_timbalao_2016/", "facebook": "https://www.facebook.com/batucadatimbalao.vecindario.9", "twitter": "", "address": "Calle Poeta Tomás Morales , 38 . Santa Lucía de Tirajana, Las Palmas", "municipality": "Santa Lucía de Tirajana", "province": "Las Palmas", "phones": ["676219921"], "emails": ["batucadatimbalao-vecindario@hotmail.com"], "island": "Gran Canaria", "logo": ""}}, {"type": "Feature", "geometry": {"type": "Point", "coordinates": [-15.422023472526748, 28.15086793281468]}, "properties": {"id": "17a8dd5e-2302-4c7a-8861-71cabe42e243", "name": "Asociación Cultural y Social TRIB-Arte ", "sector": "Sector ciudadano", "typology": "Asociación cultural", "protagonist": "Recursos técnicos y profesionales", "url": "https://www.tribarte.com/", "instagram": "https://www.instagram.com/tribarte/", "facebook": "https://www.facebook.com/tribarte/about", "twitter": "https://twitter.com/trib_arte", "address": "Calle Anzofé, 115. Las Palmas de Gran Canaria, Las Palmas", "municipality": "Las Palmas de Gran Canaria", "province": "Las Palmas", "phones": ["828081215", "662387095", "690808286", "616930406"], "emails": ["asociaciontribarte@gmail.com"], "island": "Gran Canaria", "logo": ""}}, {"type": "Feature", "geometry": {"type": "Point", "coordinates": [-15.431201119554096, 28.11609098045401]}, "properties": {"id": "9ee7d495-655c-478c-8f59-f5c5c48733fa", "name": "Asociación Voserdem", "sector": "Sector ciudadano", "typology": "Asociación cultural", "protagonist": "Ciudadanía", "url": "", "instagram": "", "facebook": "https://www.facebook.com/voserdem.canarias", "twitter": "", "address": "Calle Párroco Villar Reina , 84. Las Palmas de Gran Canaria, Las Palmas", "municipality": "Las Palmas de Gran Canaria", "province": "Las Palmas", "phones": ["605660354"], "emails": ["voserdemcanarias@gmail.com"], "island": "Gran Canaria", "logo": ""}}, {"type": "Feature", "geometry": {"type": "Point", "coordinates": [-16.317927510398633, 28.482861218356806]}, "properties": {"id": "bce9e15d-14c7-4fd1-a5f0-28b0e9987d52", "name": "Asociación Canaria de Amistad con el Pueblo Saharaui ", "sector": "Sector ciudadano", "typology": "Asociación formal de personas migradas", "protagonist": "Ciudadanía", "url": "https://acapscanarias.com/", "instagram": "", "facebook": "https://www.facebook.com/canariasconelsahara", "twitter": "https://twitter.com/sahara_canarias", "address": "Calle Benito Pérez Armas, 4. San Cristóbal de La Laguna, Santa Cruz de Tenerife", "municipality": "San Cristóbal de La Laguna", "province": "Santa Cruz de Tenerife", "phones": ["922253713", "690004779"], "emails": ["info@acapscanarias.com"], "island": "Tenerife", "logo": "e52387d7-962d-45fb-87f8-b57c4092da2d"}}, {"type": "Feature", "geometry": {"type": "Point", "coordinates": [-16.27315591, 28.46537827]}, "properties": {"id": "3e744d7c-d4c1-4293-86e2-d15c860c0053", "name": "Tenerife Isla Solidaria", "sector": "Sector ciudadano", "typology": "Recurso, Servicio o Dispositivo de la Administración Provincial", "protagonist": "Recursos técnicos y profesionales", "url": "https://sinpromi.es/cee/servicios-cee-y-encargos/programa-tenerife-isla-solidaria-oficina-de-voluntariado/", "instagram": "https://www.instagram.com/sinpromi_tenerife/", "facebook": "https://www.facebook.com/SinpromiCabildoTF", "twitter": "https://twitter.com/Sinpromi", "address": "Calle Juan Rumeu García, 28. Santa Cruz de Tenerife, Santa Cruz de Tenerife", "municipality": "Santa Cruz de Tenerife", "province": "Santa Cruz de Tenerife", "phones": ["922882325"], "emails": ["voluntariado.sinpromi@tenerife.es"], "island": "Tenerife", "logo": "4bb934be-d89c-411d-94d1-413aee3f600f"}}, {"type": "Feature", "geometry": {"type": "Point", "coordinates": [-15.428260163517177, 28.123381018890935]}, "properties": {"id": "468100ef-6e9a-4a6f-b7bb-f72adca78254", "name": "Cruz Roja Española - Oficina Autonómica de Cruz Roja en Canarias", "sector": "Sector servicios sociales", "typology": "Entidad privada o semipública prestadora de servicios públicos (Cáritas, Cruz Roja…)", "protagonist": "Recursos técnicos y profesionales", "url": "https://www.cruzroja.es/principal/web/laspalmas", "instagram": "", "facebook": "https://www.facebook.com/CruzRojaenLasPalmas", "twitter": "https://twitter.com/CruzRojaLP", "address": "Calle León y Castillo, 231. Las Palmas de Gran Canaria, Las Palmas", "municipality": "Las Palmas de Gran Canaria", "province": "Las Palmas", "phones": ["928290000"], "emails": ["laspalmas@cruzroja.es"], "island": "Gran Canaria", "logo": "27d216f7-f857-4011-9c9a-158cfbdc6d49"}}, {"type": "Feature", "geometry": {"type": "Point", "coordinates": [-16.54645309903263, 28.416284270808916]}, "properties": {"id": "9ac4784b-e808-46a8-af21-607199a94a3e", "name": "Club Finlandia de Tenerife - Tenerifen Suomi-Kerho", "sector": "Sector ciudadano", "typology": "Asociación formal de personas migradas", "protagonist": "Ciudadanía", "url": "http://www.tenerifensuomikerho.net/", "instagram": "", "facebook": "https://www.facebook.com/groups/tenerifensuomikerho", "twitter": "", "address": "Calle Iriarte, 43. Puerto la Cruz, Santa Cruz de Tenerife", "municipality": "Puerto la Cruz", "province": "Santa Cruz de Tenerife", "phones": ["922383050"], "emails": ["info@tenerifensuomi-kerho.org"], "island": "Tenerife", "logo": ""}}, {"type": "Feature", "geometry": {"type": "Point", "coordinates": [-15.431381162145094, 28.106341760712567]}, "properties": {"id": "3ca7bec8-fad1-4e9e-a9d0-aa8a56b88a61", "name": "Asociación de Sierra Leoneses y Amigos en Canarias ", "sector": "Sector ciudadano", "typology": "Asociación formal de personas migradas", "protagonist": "Ciudadanía", "url": "https://aslacan.wordpress.com/", "instagram": "", "facebook": "https://m.facebook.com/Asociaci%C3%B3n-de-Sierra-Leoneses-en-Canarias-Aslacan-452667644912647/", "twitter": "", "address": "Calle General del Norte, 14. Las Palmas de Gran Canaria, Las Palmas", "municipality": "Las Palmas de Gran Canaria", "province": "Las Palmas", "phones": ["672850052"], "emails": ["unionsierraleona@yahoo.com"], "island": "Gran Canaria", "logo": "6bfda5c0-c8b0-4b70-82c6-4e3968a82354"}}, {"type": "Feature", "geometry": {"type": "Point", "coordinates": [-15.451182807707543, 28.0631067306255]}, "properties": {"id": "07a50008-ee51-4d24-818f-4aa639e7387f", "name": "Asociación Oportunidades de Vida", "sector": "Sector ciudadano", "typology": "ONG (prestadora de servicios / gestora de fondos públicos-privados)", "protagonist": "Ciudadanía", "url": "https://www.asopvi.com/", "instagram": "https://www.instagram.com/asociacionoportunidadesdevida/", "facebook": "https://www.facebook.com/asociacionoportunidadesdevida", "twitter": "", "address": "Calle Camilo José Cela, 5. Las Palmas de Gran Canaria, Santa Cruz de Tenerife", "municipality": "Las Palmas de Gran Canaria", "province": "Santa Cruz de Tenerife", "phones": ["928355077", "696020079"], "emails": ["asociacionoportunidadesdevida@asopvi.com"], "island": "Tenerife", "logo": "f1df5235-791d-4efb-bdee-d27e06ac4dc4"}}, {"type": "Feature", "geometry": {"type": "Point", "coordinates": [-16.335389205789003, 28.423400852850058]}, "properties": {"id": "0cedc4ec-311a-4a80-b6d7-474ea7671c9d", "name": "Asociación Domitila Hernández por la Igualdad de Oportunidades", "sector": "Sector ciudadano", "typology": "Asociación Formal de Mujeres", "protagonist": "Ciudadanía", "url": "https://www.asociaciondomitila.com/", "instagram": "https://www.instagram.com/domitilahernan2020/?hl=es", "facebook": "https://www.facebook.com/PIIIL-Entresociosanitarios-100105335680196", "twitter": "https://twitter.com/asociaciondh", "address": "Calle Turilago, 4. Santa Cruz de Tenerife, Santa Cruz de Tenerife", "municipality": "Santa Cruz de Tenerife", "province": "Santa Cruz de Tenerife", "phones": ["922573289"], "emails": ["domitilaedu@gmail.com"], "island": "Tenerife", "logo": "6fde40e8-e480-4b65-bb24-dbdd5aaed324"}}, {"type": "Feature", "geometry": {"type": "Point", "coordinates": [-15.4352542167502, 28.13405876109414]}, "properties": {"id": "acb797bb-d484-490b-9695-e6035c70fc96", "name": "Asociación Intercultural Afrocanarias", "sector": "Sector ciudadano", "typology": "Asociación cultural", "protagonist": "Ciudadanía", "url": "https://asociacionafrocanarias.org/", "instagram": "https://www.instagram.com/afrocanarias/", "facebook": "https://www.facebook.com/profile.php?id=100070509796479", "twitter": "", "address": "Paseo de Chil, 313. Las Palmas de Gran Canaria, Las Palmas", "municipality": "Las Palmas de Gran Canaria", "province": "Las Palmas", "phones": ["828665482"], "emails": ["info@asociacionafrocanarias.org"], "island": "Gran Canaria", "logo": "978a119b-27ab-41c0-97c0-423932e1c883"}}, {"type": "Feature", "geometry": {"type": "Point", "coordinates": [-16.27315591420705, 28.46537826548304]}, "properties": {"id": "3bdfb736-ee2e-41c2-b470-5bccc822f14b", "name": "Asociación Canaria de Cooperación Solidaridad Internacional", "sector": "Sector ciudadano", "typology": "ONG (prestadora de servicios / gestora de fondos públicos-privados)", "protagonist": "Ciudadanía", "url": "https://www.solidaridadcanarias.org/?fbclid=IwAR2pTVbttKpP0DJgTUgpnS1Bk2G-0ZT6_YdWHBbdaw6U7_gHIOUckbHqVmY", "instagram": "https://www.instagram.com/sicanarias/?hl=es", "facebook": "https://www.facebook.com/sicanarias/?ref=page_internal", "twitter": "https://twitter.com/sicanarias1", "address": "Calle Juan Rumeu García, 28. Santa Cruz de Tenerife, Santa Cruz de Tenerife", "municipality": "Santa Cruz de Tenerife", "province": "Santa Cruz de Tenerife", "phones": ["640210541"], "emails": ["gerencia@solidaridadcanarias.org"], "island": "Tenerife", "logo": "aa940558-ecc7-46f1-a7dd-1c28da626c0a"}}, {"type": "Feature", "geometry": {"type": "Point", "coordinates": [-16.29847627729361, 28.43955124574954]}, "properties": {"id": "76ddcdc8-cf5e-40bd-a40a-dc117b18dabb", "name": "Comunidad Baha'í de La Laguna", "sector": "Sector religioso", "typology": "Entidad o asociación religiosa", "protagonist": "Ciudadanía", "url": "https://www.bahai-canarias.es/la-comunidad-bahai-de-la-laguna-ha-sido-invitada-a-participar-en-el-proyecto-comunidad/", "instagram": "", "facebook": "https://www.facebook.com/bahaicanarias/", "twitter": "https://twitter.com/BahaiCanarias", "address": "Calle Las Majadas, 13. San Cristóbal de La Laguna, Santa Cruz de Tenerife", "municipality": "San Cristóbal de La Laguna", "province": "Santa Cruz de Tenerife", "phones": ["630425298"], "emails": ["lalaguna@bahai-canarias.es"], "island": "Tenerife", "logo": "da4c2228-4a8d-4688-af13-b928e7d2cceb"}}, {"type": "Feature", "geometry": {"type": "Point", "coordinates": [-16.565254, 28.072184]}, "properties": {"id": "8355c194-d4c6-4de6-843d-430e21996248", "name": "Danzarte Canarias", "sector": "Sector deporte, ocio y cultura", "typology": "Asociación cultural", "protagonist": "Ciudadanía", "url": "https://danzartecanarias.org/", "instagram": "https://www.instagram.com/danzartecanarias/", "facebook": "https://www.facebook.com/danzartecanarias1/about/?ref=page_internal", "twitter": "", "address": "Calle Domingo Pérez Minik, 30. Santa Cruz de Tenerife, Santa Cruz de Tenerife", "municipality": "Santa Cruz de Tenerife", "province": "Santa Cruz de Tenerife", "phones": ["643 48 06 92"], "emails": ["asociaciondanzarte@gmail.com"], "island": "Tenerife", "logo": "b485d456-8fc7-4de5-8a1f-f9e42db34a56"}}, {"type": "Feature", "geometry": {"type": "Point", "coordinates": [-15.43761011860117, 28.118832176587723]}, "properties": {"id": "e649ac26-0052-4b3d-b448-6fc0e185da9f", "name": "Asociación Cultural de Danzas Raíces Argentinas", "sector": "Sector ciudadano", "typology": "Asociación cultural", "protagonist": "Ciudadanía", "url": "", "instagram": "", "facebook": "https://www.facebook.com/gruporaicesargentinas/about/?ref=page_internal", "twitter": "", "address": "Avenida Escaleritas, 66. Las Palmas de Gran Canaria, Las Palmas", "municipality": "Las Palmas de Gran Canaria", "province": "Las Palmas", "phones": ["678855088"], "emails": ["gruporaicesargentinas@gmail.com"], "island": "Gran Canaria", "logo": "39a96ff7-403d-44d9-9e92-acbc17bbf6ee"}}, {"type": "Feature", "geometry": {"type": "Point", "coordinates": [-16.313210293223893, 28.452141441436694]}, "properties": {"id": "f7f7e456-2139-4ac7-9429-0d0724321957", "name": "Africanas Mujeres Tour", "sector": "Sector ciudadano", "typology": "Asociación Formal de Mujeres", "protagonist": "Ciudadanía", "url": "", "instagram": "", "facebook": "", "twitter": "", "address": "Calle Corinto, 6. San Cristóbal de La Laguna, Santa Cruz de Tenerife", "municipality": "San Cristóbal de La Laguna", "province": "Santa Cruz de Tenerife", "phones": ["612574491"], "emails": ["fatudjk@gmail.com"], "island": "Tenerife", "logo": ""}}, {"type": "Feature", "geometry": {"type": "Point", "coordinates": [-16.251782858311916, 28.46557565934504]}, "properties": {"id": "166eda30-d68d-43eb-87b3-24d5034fe715", "name": "Federación de Asociaciones de Mujeres Arena y Laurisilva", "sector": "Sector ciudadano", "typology": "Asociación Formal de Mujeres", "protagonist": "Ciudadanía", "url": "https://arenaylaurisilva.org/", "instagram": "https://www.instagram.com/arenaylaurisilva/", "facebook": "https://www.facebook.com/FederacionDeAsociacionesDeMujeresArenaYLaurisilva", "twitter": "https://twitter.com/ArenaLaurisilva", "address": "Calle Milaflores, 8. Santa Cruz de Tenerife, Santa Cruz de Tenerife", "municipality": "Santa Cruz de Tenerife", "province": "Santa Cruz de Tenerife", "phones": ["922888514", "627030407"], "emails": ["info@arenaylaurisilva.org"], "island": "Tenerife", "logo": "0be7c635-ab1b-4ddc-88cd-38dbd2ab3037"}}, {"type": "Feature", "geometry": {"type": "Point", "coordinates": [-16.73045765532829, 28.08177132783925]}, "properties": {"id": "b45a85bf-47ed-4e24-ba14-ce520f909a93", "name": "Ghe Pel Ling Canarias Centro de Estudio de Budismo Tibetano", "sector": "Sector ciudadano", "typology": "Asociación cultural", "protagonist": "Ciudadanía", "url": "http://www.gplingcanarias.org/", "instagram": "https://www.instagram.com/gplingcanarias/", "facebook": "https://www.facebook.com/GhePelLingCanarias", "twitter": "https://twitter.com/gplingcanarias", "address": "Avenida de los pueblos, 47. Adeje, Santa Cruz de Tenerife", "municipality": "Adeje", "province": "Santa Cruz de Tenerife", "phones": ["602642025", "922715366", "666546300"], "emails": ["ghepellingcanarias@gmail.com"], "island": "Tenerife", "logo": "9aa4ec30-6191-41de-bec1-d6b376db40e5"}}, {"type": "Feature", "geometry": {"type": "Point", "coordinates": [-16.712154140950545, 28.049016678450517]}, "properties": {"id": "eac3370f-7743-4ea1-a581-673fc5475fdb", "name": "Federación Islámica de Canarias", "sector": "Sector religioso", "typology": "Entidad o asociación religiosa", "protagonist": "Ciudadanía", "url": "http://www.islamcanarias.com/?fbclid=IwAR2JIMClUT8UgbupC-bYzgHxc0-v9WkxvKbspr6kNbz1XfpMv9xy8Vz5E4s", "instagram": "", "facebook": "https://www.facebook.com/Al.muhsinin.tf/", "twitter": "", "address": "Avenida Juan Carlos I, 30. Arona, Santa Cruz de Tenerife", "municipality": "Arona", "province": "Santa Cruz de Tenerife", "phones": ["607901368"], "emails": ["fidcanarias@gmail.com"], "island": "Tenerife", "logo": "098abf1a-1fe6-40e6-b49d-3ba4e0e1faa6"}}, {"type": "Feature", "geometry": {"type": "Point", "coordinates": [-16.71217043209553, 28.048993343833175]}, "properties": {"id": "c93d9c9a-7ce5-417f-bbae-68e461b2256f", "name": "Comunidad Musulmana de Tenerife \"Al-Muhsinin\"", "sector": "Sector ciudadano", "typology": "Entidad o asociación religiosa", "protagonist": "Ciudadanía", "url": "http://www.islamcanarias.com/?fbclid=IwAR2JIMClUT8UgbupC-bYzgHxc0-v9WkxvKbspr6kNbz1XfpMv9xy8Vz5E4s", "instagram": "", "facebook": "https://www.facebook.com/Al.muhsinin.tf/", "twitter": "", "address": "Avenida Juan Carlos I, 30. Arona, Santa Cruz de Tenerife", "municipality": "Arona", "province": "Santa Cruz de Tenerife", "phones": ["607901368"], "emails": ["info@islamcanarias.com"], "island": "Tenerife", "logo": "7efd74c6-3789-45f7-90e1-a7c154f54df6"}}, {"type": "Feature", "geometry": {"type": "Point", "coordinates": [-16.662589974423483, 28.06900601385564]}, "properties": {"id": "dc90a693-1fa0-4f37-a936-14f80a1d45d8", "name": "Alianza Francesa de Las Palmas de Gran Canaria", "sector": "Sector ciudadano", "typology": "Asociación formal de personas migradas", "protagonist": "Ciudadanía", "url": "https://alianzaflp.org/", "instagram": "https://www.instagram.com/alianzalaspalmas/", "facebook": "https://www.facebook.com/alianzalaspalmas", "twitter": "https://twitter.com/alianzalaspalm1", "address": "Buenos Aires, 56. Las Palmas de Gran Canaria, Las Palmas", "municipality": "Las Palmas de Gran Canaria", "province": "Las Palmas", "phones": ["928368379"], "emails": ["direccion@alianzaflp.org"], "island": "Gran Canaria", "logo": "1bc7cc72-3d92-42bb-98ce-cf92755928fb"}}, {"type": "Feature", "geometry": {"type": "Point", "coordinates": [-16.25171943208508, 28.46262100862904]}, "properties": {"id": "bf8900e4-855b-4989-9889-d5180f5c4b28", "name": "Asociación Yo soy Venezolana", "sector": "Sector ciudadano", "typology": "Asociación formal de personas migradas", "protagonist": "Ciudadanía", "url": "https://www.yosoyvenezolana.es/", "instagram": "https://www.instagram.com/yosoyvenezolana2018/", "facebook": "https://www.facebook.com/groups/YosoyVENEZOLANA", "twitter": "", "address": "Calle Darias y Padrón, 1. Santa Cruz de Tenerife, Santa Cruz de Tenerife", "municipality": "Santa Cruz de Tenerife", "province": "Santa Cruz de Tenerife", "phones": ["627460055"], "emails": ["rpestana@yosoyvenezolana.es"], "island": "Tenerife", "logo": "f8424110-fd75-4b47-aeaa-130449788347"}}, {"type": "Feature", "geometry": {"type": "Point", "coordinates": [-13.571359589743395, 28.985357920266313]}, "properties": {"id": "e1a2a40c-c567-4866-8595-061122c1f080", "name": "Asociación sociocultural de Guineoecuatorianos de Lanzarote", "sector": "Sector ciudadano", "typology": "Asociación cultural", "protagonist": "Ciudadanía", "url": "", "instagram": "", "facebook": "https://ms-my.facebook.com/asocgelan.lanzarote", "twitter": "", "address": "Calle Guinea Ecuatorial, 3. Arrecife, Las Palmas", "municipality": "Arrecife", "province": "Las Palmas", "phones": ["638666186"], "emails": ["asocgelan@outlook.es"], "island": "Lanzarote", "logo": "ade9a687-07c0-491b-99fa-b1c8f4cb542b"}}, {"type": "Feature", "geometry": {"type": "Point", "coordinates": [-15.431281290005192, 28.131700723783982]}, "properties": {"id": "54ab2a62-0119-4ab8-b2aa-08f1d051d940", "name": "Asociación Hispafrica", "sector": "Sector ciudadano", "typology": "Asociación formal de personas migradas", "protagonist": "Ciudadanía", "url": "http://www.hispafrica.com/", "instagram": "", "facebook": "", "twitter": "", "address": "Calle Blasco Ibáñez, 22. Las Palmas de Gran Canaria, Las Palmas", "municipality": "Las Palmas de Gran Canaria", "province": "Las Palmas", "phones": ["928967514"], "emails": ["info@hispafrica.com"], "island": "Gran Canaria", "logo": "87055040-51c3-48ae-ad6b-edb12868c7b7"}}, {"type": "Feature", "geometry": {"type": "Point", "coordinates": [-13.547922718466761, 28.96331686080976]}, "properties": {"id": "53eaeb81-41b6-4cb4-87d9-52dc66815650", "name": "Federación de Migrantes en Lanzarote ", "sector": "Sector ciudadano", "typology": "Federación de asociaciones", "protagonist": "Ciudadanía", "url": "https://federaciondeinmigrantesfail.blogspot.com/2009/04/extranjeros-residentes-en-lanzarote.html", "instagram": "", "facebook": "", "twitter": "", "address": "Calle Perez Galdós, 23. Arrecife, Las Palmas", "municipality": "Arrecife", "province": "Las Palmas", "phones": ["685705761"], "emails": ["fedemilanz19@gmail.com"], "island": "Lanzarote", "logo": "1b7a7b35-10a5-4270-936b-46ee36e7b4ce"}}, {"type": "Feature", "geometry": {"type": "Point", "coordinates": [-13.648799363364846, 28.924208585184104]}, "properties": {"id": "a1aa49c5-1170-4f73-bd70-a4b18c3e0749", "name": "Asociación Hindu Satnam Sakhi (Dios te guarde)", "sector": "Sector ciudadano", "typology": "Asociación formal de personas migradas", "protagonist": "Ciudadanía", "url": "", "instagram": "", "facebook": "", "twitter": "", "address": "Calle Remo, 9. Tías, Las Palmas", "municipality": "Tías", "province": "Las Palmas", "phones": [], "emails": ["satnamsakhi@hotmail.com"], "island": "Lanzarote", "logo": ""}}, {"type": "Feature", "geometry": {"type": "Point", "coordinates": [-15.680658703267058, 27.757632231957782]}, "properties": {"id": "61b30ed9-278a-4829-8d8a-3cb0496306bc", "name": "Asociación Club Noruego de Gran Canaria", "sector": "Sector ciudadano", "typology": "Asociación formal de personas migradas", "protagonist": "Ciudadanía", "url": "http://dnkgc.com/kontakt/", "instagram": "", "facebook": "https://www.facebook.com/DNKGC/", "twitter": "", "address": "Calle Domingo Suárez, 14 . Mogán, Las Palmas", "municipality": "Mogán", "province": "Las Palmas", "phones": ["928150307"], "emails": ["post@dnkgc.com"], "island": "Gran Canaria", "logo": "91e34a93-3bec-4278-be6a-b5f13439fd85"}}, {"type": "Feature", "geometry": {"type": "Point", "coordinates": [-16.301093641303982, 28.448196921388984]}, "properties": {"id": "f55199ac-103a-4836-851e-b2d176b50286", "name": "Fundación Don Bosco Salesianos Social", "sector": "Sector ciudadano", "typology": "Entidad privada o semipública prestadora de servicios públicos (Cáritas, Cruz Roja…)", "protagonist": "Recursos técnicos y profesionales", "url": "https://fundaciondonbosco.es/", "instagram": "", "facebook": "", "twitter": "", "address": "Calle Aguere, 43. San Cristóbal de La Laguna, Santa Cruz de Tenerife", "municipality": "San Cristóbal de La Laguna", "province": "Santa Cruz de Tenerife", "phones": ["922626638"], "emails": ["santacruz@fundaciondonbosco.es"], "island": "Tenerife", "logo": "8225bcdb-49fd-49e5-befe-9ec3b7256a11"}}, {"type": "Feature", "geometry": {"type": "Point", "coordinates": [-16.322631960920504, 28.4811359529268]}, "properties": {"id": "90a3de7d-9d3b-441b-93cb-8a21c569677a", "name": "Tenerife Vive Diversidad", "sector": "Sector ciudadano", "typology": "Departamento, facultad u organismo de Universidad pública", "protagonist": "Recursos técnicos y profesionales", "url": "https://www.juntasenlamismadireccion.com/marco-estrategico-de-convivencia-intercultural-tenerife-vive-diversidad/", "instagram": "", "facebook": "", "twitter": "", "address": "Avenida Astrofísico Francisco Sánchez, 23. San Cristóbal de La Laguna, Santa Cruz de Tenerife", "municipality": "San Cristóbal de La Laguna", "province": "Santa Cruz de Tenerife", "phones": ["922317762", "649227747"], "emails": ["estrategia@juntasenlamismadireccion.com"], "island": "Tenerife", "logo": "6fa18c6c-c102-490f-87b1-807f332bfd13"}}, {"type": "Feature", "geometry": {"type": "Point", "coordinates": [-16.286889259514652, 28.46780049254641]}, "properties": {"id": "406d0052-f9dc-44d6-9121-8c74bb4d5366", "name": "Asociación Mujeres Gitanas Romí Camela Nakerar", "sector": "Sector ciudadano", "typology": "Asociación Formal de Mujeres", "protagonist": "Ciudadanía", "url": "https://www.romicamelanakerar.org/", "instagram": "", "facebook": "", "twitter": "", "address": "Calle Alonso de Castro, 16. San Cristóbal de La Laguna, Santa Cruz de Tenerife", "municipality": "San Cristóbal de La Laguna", "province": "Santa Cruz de Tenerife", "phones": ["677796187", "622491364", "642854421"], "emails": ["intervencionromi@gmail.com", "pilarherediasantiago7@gmail.com", "cai.kamira@gmail.com"], "island": "Tenerife", "logo": "36d7e2ea-f221-4300-b46f-6426dcb4108d"}}, {"type": "Feature", "geometry": {"type": "Point", "coordinates": [-16.321152460920555, 28.481474682707546]}, "properties": {"id": "948d209f-b2f5-4895-b190-e03da96c9931", "name": "Fundación General de la Universidad de La Laguna - Juntas En la misma dirección", "sector": "Sector educación", "typology": "Departamento, facultad u organismo de Universidad pública", "protagonist": "Recursos técnicos y profesionales", "url": "", "instagram": "", "facebook": "", "twitter": "https://twitter.com/juntosenlamisma", "address": "Avenida Astrofísico Francisco Sánchez, 23. San Cristóbal de La Laguna, Santa Cruz de Tenerife", "municipality": "San Cristóbal de La Laguna", "province": "Santa Cruz de Tenerife", "phones": ["922317762", "649227747"], "emails": ["estrategia@juntasenlamismadireccion.com"], "island": "Tenerife", "logo": "c8e60778-e34d-4546-8687-c2214957edab"}}, {"type": "Feature", "geometry": {"type": "Point", "coordinates": [-16.249086991806376, 28.466721504204017]}, "properties": {"id": "e717d62c-8c85-4d97-b7d2-3841ffe4daaf", "name": "Asociación de beneficencia Franco-Española de Tenerife", "sector": "Sector ciudadano", "typology": "Asociación cultural", "protagonist": "Ciudadanía", "url": "http://abfet.es/index.php/es/", "instagram": "", "facebook": "", "twitter": "", "address": "Calle Cruz Verde, 24. Santa Cruz de Tenerife, Santa Cruz de Tenerife", "municipality": "Santa Cruz de Tenerife", "province": "Santa Cruz de Tenerife", "phones": ["646468582", "635440770"], "emails": ["mmkermel@yahoo.fr"], "island": "Tenerife", "logo": "20faacf4-42f6-46f7-8727-116fee076c45"}}, {"type": "Feature", "geometry": {"type": "Point", "coordinates": [-16.421678540368617, 28.33733511127737]}, "properties": {"id": "f3c8d17b-d215-42e3-a101-5dd521150c57", "name": "ONG Inlakesh", "sector": "Sector ciudadano", "typology": "Asociación formal de personas migradas", "protagonist": "Ciudadanía", "url": "", "instagram": "", "facebook": "https://www.facebook.com/Ong-Inlakesh-798482576941185/", "twitter": "", "address": "Calle Galván, 69. Arafo, Santa Cruz de Tenerife", "municipality": "Arafo", "province": "Santa Cruz de Tenerife", "phones": ["649733047"], "emails": ["onginlakesh@gmail.com"], "island": "Tenerife", "logo": ""}}, {"type": "Feature", "geometry": {"type": "Point", "coordinates": [-16.622300659080857, 28.04803094527432]}, "properties": {"id": "465071fe-dc95-40e9-b959-db19cc607a7e", "name": "Fundación Cruz Blanca Tenerife", "sector": "Sector ciudadano", "typology": "ONG (prestadora de servicios / gestora de fondos públicos-privados)", "protagonist": "Recursos técnicos y profesionales", "url": "https://www.fundacioncruzblanca.org/area/atencion-humanitaria", "instagram": "", "facebook": "", "twitter": "", "address": "Avenida Modesto Hernández, 63. San Miguel de Abona, Santa Cruz de Tenerife", "municipality": "San Miguel de Abona", "province": "Santa Cruz de Tenerife", "phones": ["639004191"], "emails": ["c.tenerife@fundacioncruzblanca.org"], "island": "Tenerife", "logo": "631f74da-0048-4606-9fa5-fad8712633ac"}}, {"type": "Feature", "geometry": {"type": "Point", "coordinates": [-15.414601303396195, 28.098853817144448]}, "properties": {"id": "a406a62b-7be4-415e-978b-339006abc726", "name": "Fundación Cruz Blanca Gran Canaria", "sector": "Sector ciudadano", "typology": "Entidad privada o semipública prestadora de servicios públicos (Cáritas, Cruz Roja…)", "protagonist": "Recursos técnicos y profesionales", "url": "https://www.fundacioncruzblanca.org/area/atencion-humanitaria", "instagram": "", "facebook": "", "twitter": "", "address": "Calle García Tello, 10. Las Palmas de Gran Canaria, Las Palmas", "municipality": "Las Palmas de Gran Canaria", "province": "Las Palmas", "phones": ["699571722"], "emails": ["c.canarias@fundacioncruzblanca.org"], "island": "Gran Canaria", "logo": "c33ea93e-aead-49c1-949c-c8f43cf34556"}}, {"type": "Feature", "geometry": {"type": "Point", "coordinates": [-15.420836587914918, 28.114613722996285]}, "properties": {"id": "e43c6c21-c8bd-4c15-b8a4-a007a32a6f57", "name": "Asociación Canaria de mediadores/mediadoras interculturales Acamei", "sector": "Sector ciudadano", "typology": "ONG (prestadora de servicios / gestora de fondos públicos-privados)", "protagonist": "Ciudadanía", "url": "http://www.acamei.org/HTML/nosotros.html", "instagram": "", "facebook": "", "twitter": "", "address": "Calle Leon y Castillo, 89. Las Palmas de Gran Canaria, Las Palmas", "municipality": "Las Palmas de Gran Canaria", "province": "Las Palmas", "phones": ["619518146", "676172901"], "emails": ["asociacion@acamei.org"], "island": "Gran Canaria", "logo": "95b97993-7e9a-4d69-bb39-4829ee06ec94"}}, {"type": "Feature", "geometry": {"type": "Point", "coordinates": [-15.414307845586917, 28.100324711162198]}, "properties": {"id": "ca59886d-b75f-4f8a-a2dc-c0eae92460a9", "name": "Asociación Sociocultural y Humanitaria Virgen de Coromoto", "sector": "Sector ciudadano", "typology": "Asociación cultural", "protagonist": "Ciudadanía", "url": "", "instagram": "", "facebook": "https://www.facebook.com/ASOCIACIONVIRGENDECOROMOTO/", "twitter": "", "address": "Calle Doctor Chil, 15. Las Palmas de Gran Canaria, Las Palmas", "municipality": "Las Palmas de Gran Canaria", "province": "Las Palmas", "phones": ["654249453"], "emails": ["virgendecoromotogc@gmail.com"], "island": "Gran Canaria", "logo": "d90f5f2c-af71-45c0-8820-7f84cdd9886c"}}, {"type": "Feature", "geometry": {"type": "Point", "coordinates": [-17.76770137440796, 28.6810018500806]}, "properties": {"id": "12d02a28-2a89-4eb8-8506-c15c1b1e9e8c", "name": "Asociación de la Protección al Menor en La Palma", "sector": "Sector ciudadano", "typology": "Entidad privada o semipública prestadora de servicios públicos (Cáritas, Cruz Roja…)", "protagonist": "Recursos técnicos y profesionales", "url": "https://asociacion-promepal.negocio.site/", "instagram": "", "facebook": "", "twitter": "", "address": "Plaza Constitución, 6. Santa Cruz de la Palma, Santa Cruz de Tenerife", "municipality": "Santa Cruz de la Palma", "province": "Santa Cruz de Tenerife", "phones": ["922411491"], "emails": ["asociacionpromepal@msn.com"], "island": "La Palma", "logo": ""}}, {"type": "Feature", "geometry": {"type": "Point", "coordinates": [-13.862242441949398, 28.497360952984383]}, "properties": {"id": "4f3f3ff1-f6b2-41db-8209-f98b107dd523", "name": "Asociación Social Proyecto Ikual", "sector": "Sector ciudadano", "typology": "ONG (prestadora de servicios / gestora de fondos públicos-privados)", "protagonist": "Ciudadanía", "url": "", "instagram": "", "facebook": "https://www.facebook.com/proyectoikual/", "twitter": "", "address": "Calle Secundino Alonso, 39. Puerto del Rosario, Las Palmas", "municipality": "Puerto del Rosario", "province": "Las Palmas", "phones": ["928284430", "659793982"], "emails": ["beatricekunz@proyectoikual.com"], "island": "Fuerteventura", "logo": "5c4df87d-510e-4bcd-b81b-c901a93a88a3"}}, {"type": "Feature", "geometry": {"type": "Point", "coordinates": [-16.298636, 28.4247509]}, "properties": {"id": "40e8ed4a-89be-42ed-9348-1e425e82cb0e", "name": "Fundación Canaria El Buen Samaritano", "sector": "Sector religioso", "typology": "Entidad privada o semipública prestadora de servicios públicos (Cáritas, Cruz Roja…)", "protagonist": "Recursos técnicos y profesionales", "url": "https://www.fcanariabuensamaritano.org/", "instagram": "", "facebook": "", "twitter": "", "address": "Calle Santa María de Añaza, 2. Santa Cruz de Tenerife, Santa Cruz de Tenerife", "municipality": "Santa Cruz de Tenerife", "province": "Santa Cruz de Tenerife", "phones": ["620174164"], "emails": ["info@fcanariabuensamaritano.org"], "island": "Tenerife", "logo": "4b434294-e2b1-456f-bd8a-6a7c0282c59b"}}, {"type": "Feature", "geometry": {"type": "Point", "coordinates": [-16.318682528387523, 28.569951200884073]}, "properties": {"id": "895f5ec4-3040-4314-90f3-19e222c1d7f4", "name": "Asociación Sociocultural África Guimanam", "sector": "Sector ciudadano", "typology": "Asociación cultural", "protagonist": "Ciudadanía", "url": "https://www.africaguimanam.org/", "instagram": "https://www.instagram.com/africaguimanam/", "facebook": "https://www.facebook.com/Africa-Guimanam-107874961589290", "twitter": "", "address": "Carretera Gral Punta Hidalgo , 252. Santa Cruz de Tenerife, Santa Cruz de Tenerife", "municipality": "Santa Cruz de Tenerife", "province": "Santa Cruz de Tenerife", "phones": ["683289653"], "emails": ["contacto@africaguimanam.org"], "island": "Tenerife", "logo": "7f8986fb-269d-4ce1-bfae-c75a973ee5d6"}}, {"type": "Feature", "geometry": {"type": "Point", "coordinates": [-16.29627064779347, 28.477097107736615]}, "properties": {"id": "2c0ef4bd-627b-4ced-a16d-466f88e2f809", "name": "Asociación para la Promoción del Empleo y la Cohesión Social \"CREATIVA\"", "sector": "Sector ciudadano", "typology": "ONG (prestadora de servicios / gestora de fondos públicos-privados)", "protagonist": "Recursos técnicos y profesionales", "url": "https://asociacioncreativa.org/conocenos/mision/", "instagram": "https://www.instagram.com/creativacanarias/?hl=es", "facebook": "https://www.facebook.com/creativacanarias", "twitter": "", "address": "Calle La Victoria, 28. San Cristóbal de La Laguna, Santa Cruz de Tenerife", "municipality": "San Cristóbal de La Laguna", "province": "Santa Cruz de Tenerife", "phones": ["922926069"], "emails": ["lalaguna@asociacioncreativa.org"], "island": "Tenerife", "logo": "cb119873-fe73-434c-b63e-7e8b6b99beb0"}}, {"type": "Feature", "geometry": {"type": "Point", "coordinates": [-17.934038469943374, 28.64153338249753]}, "properties": {"id": "3e68bd2f-d7e2-46e8-aaeb-518b6e260aba", "name": "Asociación Multicultural Tazacorte, La banana ", "sector": "Sector ciudadano", "typology": "Asociación cultural", "protagonist": "Ciudadanía", "url": "https://la-banana-tazacorte.com/?fbclid=IwAR1eRlOrZ_NE-7OCXE9AoW3BWmn4XUgRpTGDSep-roeaSmAtLsnTJyofkMY", "instagram": "", "facebook": "https://www.facebook.com/labananatazacorte", "twitter": "", "address": "Calle Caballos Fufos, 21. Tazacorte, Santa Cruz de Tenerife", "municipality": "Tazacorte", "province": "Santa Cruz de Tenerife", "phones": ["620256644"], "emails": ["labananatazacorte@gmail.com"], "island": "La Palma", "logo": "2a5c173d-0b7f-44de-a70e-44cbb080328b"}}, {"type": "Feature", "geometry": {"type": "Point", "coordinates": [-13.568967671941632, 28.980591037548102]}, "properties": {"id": "75aed2ed-5630-4257-a4b3-0c408d91552b", "name": "Asociación Sociocultural “La Vida es Zuaina”", "sector": "Sector ciudadano", "typology": "Asociación cultural", "protagonist": "Ciudadanía", "url": "http://lavidaeszuaina.es/", "instagram": "https://www.instagram.com/la.vida.es.zuaina/", "facebook": "https://www.facebook.com/lavidaeszuaina/", "twitter": "", "address": "Calle Valle Inclán, 17. Arrecife, Las Palmas", "municipality": "Arrecife", "province": "Las Palmas", "phones": [], "emails": ["lavidaeszuaina7@gmail.com"], "island": "Lanzarote", "logo": "c3e226aa-2e9f-4230-b7e3-0c535c886a1f"}}, {"type": "Feature", "geometry": {"type": "Point", "coordinates": [-15.574113277460269, 27.759476000825664]}, "properties": {"id": "8bdac214-81a1-41fe-a58d-17544f9a74ab", "name": "Asociación de Pensionistas Italianos y Compatriotas en el Extranjero", "sector": "Sector ciudadano", "typology": "Asociación formal de personas migradas", "protagonist": "Ciudadanía", "url": "", "instagram": "", "facebook": "https://www.facebook.com/associazioneitaliani.estero", "twitter": "", "address": "Avenida de España, 7. San Bartolomé de Tirajana, Las Palmas", "municipality": "San Bartolomé de Tirajana", "province": "Las Palmas", "phones": ["690108704"], "emails": ["ufficiosegreteria.apice@gmail.com"], "island": "Gran Canaria", "logo": ""}}, {"type": "Feature", "geometry": {"type": "Point", "coordinates": [-15.42649974132778, 28.14943661159615]}, "properties": {"id": "be9d4388-5963-4248-9907-1ca9c7df296a", "name": "Federación Foro por la Isleta", "sector": "Sector ciudadano", "typology": "Federación de asociaciones", "protagonist": "Ciudadanía", "url": "", "instagram": "", "facebook": "https://www.facebook.com/groups/1493073527392203/", "twitter": "", "address": "Calle La Naval, 102. Las Palmas de Gran Canaria, Las Palmas", "municipality": "Las Palmas de Gran Canaria", "province": "Las Palmas", "phones": ["656481928"], "emails": ["falonsofalcon@hotmail.com"], "island": "Gran Canaria", "logo": "023c5045-ad76-496f-b656-bc889767ee21"}}, {"type": "Feature", "geometry": {"type": "Point", "coordinates": [-15.41822027132364, 28.099928726383784]}, "properties": {"id": "a6e8ff77-5908-44f5-abe6-708a56df0c6a", "name": "Obra Social de Acogida y Desarrollo", "sector": "Sector ciudadano", "typology": "Entidad privada o semipública prestadora de servicios públicos (Cáritas, Cruz Roja…)", "protagonist": "Recursos técnicos y profesionales", "url": "https://osdad.org/", "instagram": "", "facebook": "https://www.facebook.com/osdadlaspalmas", "twitter": "", "address": "Calle Juan de Quesada, 21. Las Palmas de Gran Canaria, Las Palmas", "municipality": "Las Palmas de Gran Canaria", "province": "Las Palmas", "phones": ["928332626"], "emails": ["osdad@osdad.org"], "island": "Gran Canaria", "logo": "59018926-beee-42ad-9fcd-3a2ebeeac697"}}, {"type": "Feature", "geometry": {"type": "Point", "coordinates": [-13.546635467032637, 28.963123768697358]}, "properties": {"id": "1a23ca03-7702-42d2-9143-da4bc78da65b", "name": "Fundación Canaria Flora Acoge", "sector": "Sector ciudadano", "typology": "Entidad privada o semipública prestadora de servicios públicos (Cáritas, Cruz Roja…)", "protagonist": "Ciudadanía", "url": "https://floraacogefundacion.org/", "instagram": "", "facebook": "", "twitter": "", "address": "Calle La Palma , 12. Arrecife, Las Palmas", "municipality": "Arrecife", "province": "Las Palmas", "phones": ["928805937"], "emails": ["floraacoge@gmail.com"], "island": "Lanzarote", "logo": "0966691b-6cf4-4057-a790-e4660efacdb1"}}, {"type": "Feature", "geometry": {"type": "Point", "coordinates": [-16.319770256092568, 28.49025645830704]}, "properties": {"id": "8a616c6a-82dc-4a4d-8174-722ae776298b", "name": "Asociación Opción 3 Canarias", "sector": "Sector ciudadano", "typology": "ONG (prestadora de servicios / gestora de fondos públicos-privados)", "protagonist": "Recursos técnicos y profesionales", "url": "http://opcion3canarias.org/", "instagram": "https://www.instagram.com/asociacionopcion3/", "facebook": "https://www.facebook.com/opcion3/?ref=page_internal", "twitter": "", "address": "Plaza La Concepción, 8. San Cristóbal de La Laguna, Santa Cruz de Tenerife", "municipality": "San Cristóbal de La Laguna", "province": "Santa Cruz de Tenerife", "phones": ["922651962"], "emails": ["info@opcion3canarias.org"], "island": "Tenerife", "logo": "e7c066d3-6364-4fc7-aa34-e14bf6971392"}}, {"type": "Feature", "geometry": {"type": "Point", "coordinates": [-16.2994115618462, 28.449514457345774]}, "properties": {"id": "dfacbc16-4e96-48d8-942a-3f7f1091e621", "name": "Asociación Signo de Vida", "sector": "Sector ciudadano", "typology": "Asociación Formal de Mujeres", "protagonist": "Ciudadanía", "url": "https://www.signodevida.org/buptenerife-3/", "instagram": "https://www.instagram.com/signodevida.proyecto/", "facebook": "https://www.facebook.com/SignodeVidaTenerife/", "twitter": "", "address": "Calle San Jerónimo, 23. San Cristóbal de La Laguna, Santa Cruz de Tenerife", "municipality": "San Cristóbal de La Laguna", "province": "Santa Cruz de Tenerife", "phones": ["608150115"], "emails": ["contacto@signodevida.org"], "island": "Tenerife", "logo": "73e5be4a-42a0-4b9f-b42a-546321fd54c8"}}, {"type": "Feature", "geometry": {"type": "Point", "coordinates": [-15.4307684, 28.1486294]}, "properties": {"id": "16fd8e76-9dbe-410b-8d21-23835092bef9", "name": "Asociación Canaria de Enseñantes por la Paz y la Solidaridad", "sector": "Sector ciudadano", "typology": "Asociación cultural", "protagonist": "Ciudadanía", "url": "https://aceps.wordpress.com/", "instagram": "", "facebook": "", "twitter": "", "address": "Calle Juan Rejòn , 18. Las Palmas de Gran Canaria, Las Palmas", "municipality": "Las Palmas de Gran Canaria", "province": "Las Palmas", "phones": ["671864745"], "emails": ["sizq1961@gmail.com"], "island": "Gran Canaria", "logo": "0912af5a-42de-4cba-b736-491c746dae18"}}, {"type": "Feature", "geometry": {"type": "Point", "coordinates": [-15.410408503544675, 27.902040720675213]}, "properties": {"id": "00b1b0b0-f461-414d-9cce-14cbb5040ccf", "name": "Asociación de Uruguayos en Gran Canaria", "sector": "Sector ciudadano", "typology": "Asociación formal de personas migradas", "protagonist": "Ciudadanía", "url": "", "instagram": "", "facebook": "https://www.facebook.com/UruGran/about/?ref=page_internal", "twitter": "", "address": "Calle Gardenia , s/n. Agüimes, Las Palmas", "municipality": "Agüimes", "province": "Las Palmas", "phones": [], "emails": [], "island": "Gran Canaria", "logo": "0e4d8a31-85eb-4463-9040-c56c5b1cb88a"}}, {"type": "Feature", "geometry": {"type": "Point", "coordinates": [-16.360532624926293, 28.534129614219783]}, "properties": {"id": "f27b4bba-8a8a-482c-b3c0-052c367c6f6b", "name": "Asociación Solidaria de Corazón", "sector": "Sector ciudadano", "typology": "ONG (prestadora de servicios / gestora de fondos públicos-privados)", "protagonist": "Ciudadanía", "url": "https://asociacionsolidariadecorazon.com/contacto-2/", "instagram": "https://www.instagram.com/asocsolidariadecorazon/?hl=es", "facebook": "https://www.facebook.com/asocsolidariadecorazon", "twitter": "", "address": "Calle Tomas González Rivero, 9. San Cristóbal de La Laguna, Santa Cruz de Tenerife", "municipality": "San Cristóbal de La Laguna", "province": "Santa Cruz de Tenerife", "phones": ["696312537"], "emails": ["asocsolidariadecorazon@gmail.com"], "island": "Tenerife", "logo": "ea312fba-5063-47ca-be12-a2196d719bb0"}}, {"type": "Feature", "geometry": {"type": "Point", "coordinates": [-16.4183195458526, 28.339099897346806]}, "properties": {"id": "d700c3d3-058c-4458-9e5a-335d82485bce", "name": "Asociación Mamachama", "sector": "Sector ciudadano", "typology": "ONG (prestadora de servicios / gestora de fondos públicos-privados)", "protagonist": "Ciudadanía", "url": "https://mamachama.com/", "instagram": "https://www.instagram.com/mamachama__/", "facebook": "https://www.facebook.com/MamaChamaa", "twitter": "https://twitter.com/mamachamaa", "address": "Calle Músicos de Arafo, 13. Arafo, Santa Cruz de Tenerife", "municipality": "Arafo", "province": "Santa Cruz de Tenerife", "phones": ["676136303"], "emails": ["somos@mamachama.com"], "island": "Tenerife", "logo": "6667a66d-0d16-4033-afd3-9f33e79d7569"}}, {"type": "Feature", "geometry": {"type": "Point", "coordinates": [-16.281269890886332, 28.451895366991607]}, "properties": {"id": "ab6f32dc-619b-497c-a749-e2a9aea9d924", "name": "Unión de Asociaciones de Trabajadores Autónomos y Emprendedores", "sector": "Sector económico/comercial", "typology": "Asociación empresarial", "protagonist": "Recursos técnicos y profesionales", "url": "https://uatae.org/", "instagram": "", "facebook": "https://www.facebook.com/uatae/", "twitter": "https://twitter.com/uatae_es?lang=es", "address": "Carretera del Rosario, 103. Santa Cruz de Tenerife, Santa Cruz de Tenerife", "municipality": "Santa Cruz de Tenerife", "province": "Santa Cruz de Tenerife", "phones": ["922100903"], "emails": ["bproyectos@uatae.org"], "island": "Tenerife", "logo": "55d0161c-7692-458c-bbd3-0818f0f3a294"}}, {"type": "Feature", "geometry": {"type": "Point", "coordinates": [-16.316810873521717, 28.48608937198746]}, "properties": {"id": "f0cf26ed-aed8-4574-8ad5-256fdd28e311", "name": "Asociación Provivienda", "sector": "Sector ciudadano", "typology": "Entidad privada o semipública prestadora de servicios públicos (Cáritas, Cruz Roja…)", "protagonist": "Recursos técnicos y profesionales", "url": "https://www.provivienda.org/", "instagram": "https://www.instagram.com/provivienda_/", "facebook": "https://www.facebook.com/Provivienda.org", "twitter": "https://twitter.com/provivienda_org", "address": "Calle Fotógrafo José Norberto Rodríguez Díaz ‘Zenon’ , 2. San Cristóbal de La Laguna, Santa Cruz de Tenerife", "municipality": "San Cristóbal de La Laguna", "province": "Santa Cruz de Tenerife", "phones": ["922255766"], "emails": ["canarias@provivienda.org"], "island": "Tenerife", "logo": "fe007833-ce8b-47d4-9bee-a86275147a43"}}, {"type": "Feature", "geometry": {"type": "Point", "coordinates": [-16.468017507923847, 28.44837789405655]}, "properties": {"id": "7842fa65-bc18-441c-be92-a7b205d09a7a", "name": "Asociación por la Paz Petra Klein", "sector": "Sector ciudadano", "typology": "Asociación formal de personas migradas", "protagonist": "Ciudadanía", "url": "http://asociacionporlapazpetraklein.com/", "instagram": "https://instagram.com/asociacionporlapazpetraklein?utm_medium=copy_link", "facebook": "", "twitter": "https://twitter.com/aspazpetraklein?s=11", "address": "Camino Jagria, 11. La Matanza de Acentejo, Santa Cruz de Tenerife", "municipality": "La Matanza de Acentejo", "province": "Santa Cruz de Tenerife", "phones": ["652211282"], "emails": ["info@asociacionporlapazpetraklein.com"], "island": "Tenerife", "logo": "eec7db45-8671-452e-9d5e-2698990e3c68"}}, {"type": "Feature", "geometry": {"type": "Point", "coordinates": [-16.26304358475927, 28.46955477555129]}, "properties": {"id": "760272f5-1ef8-4553-acf9-c10ebad06d32", "name": "Cooperación Internacional en Canarias", "sector": "Sector ciudadano", "typology": "ONG (prestadora de servicios / gestora de fondos públicos-privados)", "protagonist": "Recursos técnicos y profesionales", "url": "https://ciong.org/region/canarias/", "instagram": "https://www.instagram.com/ciongcanarias/?hl=es", "facebook": "https://www.facebook.com/CIongCanarias/", "twitter": "", "address": "Calle Calvo Sotelo, 68. Santa Cruz de Tenerife, Santa Cruz de Tenerife", "municipality": "Santa Cruz de Tenerife", "province": "Santa Cruz de Tenerife", "phones": ["669046870"], "emails": ["canarias@ciong.org"], "island": "Tenerife", "logo": "43cac873-e2a2-41ac-bad7-9975ec31f5f9"}}, {"type": "Feature", "geometry": {"type": "Point", "coordinates": [-13.555977514197288, 28.962257936336187]}, "properties": {"id": "4dc62fcc-b51a-4462-a665-2e4aeb9b1a67", "name": "Asociación de Kellys", "sector": "Sector empleo", "typology": "Sindicato", "protagonist": "Ciudadanía", "url": "", "instagram": "", "facebook": "", "twitter": "", "address": "Calle Góngora , 43. Arrecife, Las Palmas", "municipality": "Arrecife", "province": "Las Palmas", "phones": [], "emails": ["kellyslanzarote@gmail.com"], "island": "Lanzarote", "logo": ""}}, {"type": "Feature", "geometry": {"type": "Point", "coordinates": [-16.558478111345963, 28.077566932483247]}, "properties": {"id": "6be50628-01fb-480d-9878-19bb9e01a650", "name": "Asociación Cultural, Recreativa y deportiva INCLÚYEME", "sector": "Sector ciudadano", "typology": "Asociación o grupo de apoyo de personas con necesidades especiales", "protagonist": "Ciudadanía", "url": "", "instagram": "https://www.instagram.com/incluyeme.tenerife/", "facebook": "https://www.facebook.com/Incluyeme.te", "twitter": "", "address": "Calle Santa María de la Cabeza , 3. Granadilla de Abona, Santa Cruz de Tenerife", "municipality": "Granadilla de Abona", "province": "Santa Cruz de Tenerife", "phones": ["639539812"], "emails": ["asesora_incluyeme_te@outlook.es"], "island": "Tenerife", "logo": "2fc0b1ac-7d70-437a-a8e2-84330d901dee"}}, {"type": "Feature", "geometry": {"type": "Point", "coordinates": [-15.438389310582098, 28.112258524443472]}, "properties": {"id": "3dc19239-9c56-4056-baeb-3130325dc14c", "name": "Asociación Socio Cultural de Artesanos Senegaleses del Archipielago Canario BAMBA ", "sector": "Sector ciudadano", "typology": "Asociación cultural", "protagonist": "Ciudadanía", "url": "", "instagram": "", "facebook": "", "twitter": "", "address": "Calle Silvestre Bello, 23. Santa Lucía de Tirajana, Santa Cruz de Tenerife", "municipality": "Santa Lucía de Tirajana", "province": "Santa Cruz de Tenerife", "phones": ["610062323"], "emails": ["khady1976@hotmail.com"], "island": "Tenerife", "logo": ""}}, {"type": "Feature", "geometry": {"type": "Point", "coordinates": [-15.43144520174343, 28.111080864215538]}, "properties": {"id": "acf7d639-7009-47b6-8e94-9233b68c06e0", "name": "Asociación Cultural Centro Humanista de las Culturas", "sector": "Sector ciudadano", "typology": "Asociación cultural", "protagonist": "Ciudadanía", "url": "https://centrohumanistadelasculturasgc.blogspot.com/", "instagram": "", "facebook": "https://www.facebook.com/centrohumanistadelasculturas", "twitter": "", "address": "Calle Doña Perfecta, 25. Las Palmas de Gran Canaria, Las Palmas", "municipality": "Las Palmas de Gran Canaria", "province": "Las Palmas", "phones": ["641857162", "677873175"], "emails": ["centrodelasculturas@hotmail.com"], "island": "Gran Canaria", "logo": "921c77e2-1112-4305-8677-e3c24d1b79e5"}}, {"type": "Feature", "geometry": {"type": "Point", "coordinates": [-15.421498973571937, 28.156878144231644]}, "properties": {"id": "57743451-083f-4ac1-9713-e76cb47db931", "name": "Asociación Mojo de Caña", "sector": "Sector ciudadano", "typology": "Asociación cultural", "protagonist": "Ciudadanía", "url": "https://www.xn--mojodecaa-s6a.org/", "instagram": "https://www.instagram.com/mojodecana/", "facebook": "https://www.facebook.com/mojocana/", "twitter": "https://twitter.com/mojodecana", "address": "Calle Corrientes, 11. Las Palmas de Gran Canaria, Las Palmas", "municipality": "Las Palmas de Gran Canaria", "province": "Las Palmas", "phones": ["922983034"], "emails": ["info@mojodecana.org"], "island": "Gran Canaria", "logo": "7f762cfb-4763-47c9-9a10-e4d82321d676"}}, {"type": "Feature", "geometry": {"type": "Point", "coordinates": [-16.2486584, 28.4658697]}, "properties": {"id": "5340f50f-e007-46f1-86ef-81e18a240558", "name": "Asociación Comercial y Turística de China con Canarias Hua Shang Hui", "sector": "Sector ciudadano", "typology": "Asociación formal de personas migradas", "protagonist": "Ciudadanía", "url": "", "instagram": "", "facebook": "https://www.facebook.com/Asociaci%C3%B3n-Comercial-y-Tur%C3%ADstica-de-China-con-Canarias-Hua-Shang-Hui-396487474531378/?ref=page_internal", "twitter": "", "address": "Calle Candelaria, 23. Santa Cruz de Tenerife, Santa Cruz de Tenerife", "municipality": "Santa Cruz de Tenerife", "province": "Santa Cruz de Tenerife", "phones": ["619755788"], "emails": [], "island": "Tenerife", "logo": "5b8fb042-93ca-46de-88f3-8404669e163a"}}, {"type": "Feature", "geometry": {"type": "Point", "coordinates": [-16.2479093, 28.4727027]}, "properties": {"id": "5cd0c256-c351-42ec-aefe-2d86966cd416", "name": "Asociación Puente Humano", "sector": "Sector ciudadano", "typology": "ONG (prestadora de servicios / gestora de fondos públicos-privados)", "protagonist": "Ciudadanía", "url": "http://puentehumano.blogspot.com/p/quienes-somos.html", "instagram": "", "facebook": "https://www.facebook.com/info.arroba.puentehumano.org", "twitter": "https://twitter.com/puentehumano", "address": "Calle San Francico , 105. Santa Cruz de Tenerife, Santa Cruz de Tenerife", "municipality": "Santa Cruz de Tenerife", "province": "Santa Cruz de Tenerife", "phones": [], "emails": ["puentehumano@gmail.com"], "island": "Tenerife", "logo": "7704435e-53d1-4749-b6ab-856649b9472c"}}, {"type": "Feature", "geometry": {"type": "Point", "coordinates": [-15.4342052, 28.1144397]}, "properties": {"id": "18faf1b0-db68-474c-a122-b59bc9ac9ef5", "name": "Asociación AMIC", "sector": "Sector ciudadano", "typology": "Asociación formal de personas migradas", "protagonist": "Ciudadanía", "url": "https://www.asociacionmarroqui.com/nosotros-as/convenios/", "instagram": "", "facebook": "", "twitter": "", "address": "Calle Barranquillo de Don Zoilo, 84. Las Palmas de Gran Canaria, Las Palmas", "municipality": "Las Palmas de Gran Canaria", "province": "Las Palmas", "phones": ["604314464"], "emails": ["phi_2021@hotmail.com"], "island": "Gran Canaria", "logo": "4734011a-7cab-44b7-a8ff-b61cfc11eacd"}}, {"type": "Feature", "geometry": {"type": "Point", "coordinates": [-15.4186833, 28.0761996]}, "properties": {"id": "13ba04b5-e30b-4575-b870-fb2d742905c2", "name": "Asociación Benéfica Rosa del Desierto", "sector": "Sector ciudadano", "typology": "ONG (prestadora de servicios / gestora de fondos públicos-privados)", "protagonist": "Recursos técnicos y profesionales", "url": "https://www.rosadeldesierto.org/", "instagram": "https://www.instagram.com/rosadeldesiertorg/", "facebook": "https://www.facebook.com/rosadeldesierto.ong.3", "twitter": "", "address": "Calle Laurisilva, 4. Las Palmas de Gran Canaria, Las Palmas", "municipality": "Las Palmas de Gran Canaria", "province": "Las Palmas", "phones": ["649002157", "667693768"], "emails": ["gestiones@rosadeldesierto.org"], "island": "Gran Canaria", "logo": "d860a79c-e18f-48ba-b54f-602ab8a80332"}}, {"type": "Feature", "geometry": {"type": "Point", "coordinates": [-16.30251449089362, 28.457970903477165]}, "properties": {"id": "73b03638-bad8-4c22-8593-c5712c447aa0", "name": "Asociación Instituto Intercultural Canario", "sector": "Sector ciudadano", "typology": "Asociación cultural", "protagonist": "Recursos técnicos y profesionales", "url": "", "instagram": "", "facebook": "https://www.facebook.com/Instituto-Intercultural-Canario-INCAN-627589841220998", "twitter": "", "address": "Calle Lapilli, 1. San Cristóbal de La Laguna, Santa Cruz de Tenerife", "municipality": "San Cristóbal de La Laguna", "province": "Santa Cruz de Tenerife", "phones": ["922496118"], "emails": ["direccionincan@gmail.com"], "island": "Tenerife", "logo": "b7e8d392-370e-4567-8cdf-e35359fe8b30"}}, {"type": "Feature", "geometry": {"type": "Point", "coordinates": [-13.86262230002476, 28.500035144589308]}, "properties": {"id": "b6f82ed4-31e1-48b2-8f47-859ceccf35c0", "name": "Cruz Roja Española - Asamblea Insular Fuerteventura", "sector": "Sector servicios sociales", "typology": "Entidad privada o semipública prestadora de servicios públicos (Cáritas, Cruz Roja…)", "protagonist": "Recursos técnicos y profesionales", "url": "", "instagram": "", "facebook": "", "twitter": "", "address": "Avenida de la Constitución, 3. Puerto del Rosario, Las Palmas", "municipality": "Puerto del Rosario", "province": "Las Palmas", "phones": ["928858064"], "emails": ["fuerteventura@cruzroja.es"], "island": "Fuerteventura", "logo": "fbecb4e7-95c5-479d-8577-0050ae2d4927"}}, {"type": "Feature", "geometry": {"type": "Point", "coordinates": [-14.232752463168984, 28.166035547852832]}, "properties": {"id": "e76f4670-c5ea-426f-8781-91069530760e", "name": "Asociación Louchaa de la Comunidad Saharaui en Fuerteventura", "sector": "Sector ciudadano", "typology": "Asociación formal de personas migradas", "protagonist": "Ciudadanía", "url": "", "instagram": "", "facebook": "", "twitter": "", "address": "Calle Tabueriente, 35. Pájara, Las Palmas", "municipality": "Pájara", "province": "Las Palmas", "phones": ["617690583"], "emails": ["asociacionsaharauilouchaa@gmail.com"], "island": "Fuerteventura", "logo": ""}}, {"type": "Feature", "geometry": {"type": "Point", "coordinates": [-16.299327910790286, 28.448625543288323]}, "properties": {"id": "2cb4d9fa-4c66-4476-be52-6d039e1fd477", "name": "Fundación Canaria para la Formación Integral e Inserción Socio-Laboral \"Ataretaco\"", "sector": "Sector ciudadano", "typology": "Entidad privada o semipública prestadora de servicios públicos (Cáritas, Cruz Roja…)", "protagonist": "Ciudadanía", "url": "https://www.ataretaco.org/", "instagram": "https://www.instagram.com/ataretaco/", "facebook": "https://www.facebook.com/fundacionataretaco", "twitter": "https://twitter.com/ataretaco", "address": "Calle María Luisa, 26. San Cristóbal de La Laguna, Santa Cruz de Tenerife", "municipality": "San Cristóbal de La Laguna", "province": "Santa Cruz de Tenerife", "phones": ["922610354", "667558619"], "emails": ["info@ataretaco.org"], "island": "Tenerife", "logo": "fc61795b-a38a-4edf-b2c9-2c1ef80318de"}}, {"type": "Feature", "geometry": {"type": "Point", "coordinates": [-16.578424587962008, 28.12550237874453]}, "properties": {"id": "caeb00af-a073-40b8-ab90-18f4db950bac", "name": "Asociación Social Solidaridad Venezuela", "sector": "Sector ciudadano", "typology": "Asociación formal de personas migradas", "protagonist": "Recursos técnicos y profesionales", "url": "https://solidaridadvenezuela.tenerifeislasolidaria.org/", "instagram": "", "facebook": "", "twitter": "", "address": "Avenida Santa Rita , 8. Granadilla de Abona, Santa Cruz de Tenerife", "municipality": "Granadilla de Abona", "province": "Santa Cruz de Tenerife", "phones": ["602012454"], "emails": ["a.solidaridadvenezuela@gmail.com"], "island": "Tenerife", "logo": "19263c42-8ca6-45c0-b2ba-7f30a879023e"}}, {"type": "Feature", "geometry": {"type": "Point", "coordinates": [-16.3093588, 28.4784924]}, "properties": {"id": "ac782635-065c-4166-9107-d6bbf2c03b8c", "name": "Asociación de Investigación, Sensibilización y Educación para la acción social \"En Procesos\"", "sector": "Sector ciudadano", "typology": "ONG (prestadora de servicios / gestora de fondos públicos-privados)", "protagonist": "Recursos técnicos y profesionales", "url": "https://www.enprocesos.org/co-creando", "instagram": "", "facebook": "https://www.facebook.com/enprocesos/?modal=admin_todo_tour", "twitter": "https://mobile.twitter.com/en_procesos", "address": "Calle Doctor Pasteur, 57. San Cristóbal de La Laguna, Santa Cruz de Tenerife", "municipality": "San Cristóbal de La Laguna", "province": "Santa Cruz de Tenerife", "phones": ["665496429"], "emails": ["en-procesos@mail.com"], "island": "Tenerife", "logo": "002062c8-af85-4ccd-92c7-83a9b7f7b33c"}}, {"type": "Feature", "geometry": {"type": "Point", "coordinates": [-16.72997587548451, 28.073083612805444]}, "properties": {"id": "2866eb74-7c34-4d6a-b540-074d361e9f31", "name": "Asociación Candombe Sur ", "sector": "Sector ciudadano", "typology": "Asociación cultural", "protagonist": "Ciudadanía", "url": "", "instagram": "", "facebook": "https://es-la.facebook.com/groups/124155518841/", "twitter": "", "address": "Calle Guatemala, 4. Adeje, Santa Cruz de Tenerife", "municipality": "Adeje", "province": "Santa Cruz de Tenerife", "phones": ["677611663"], "emails": ["edusouto79@gmail.com"], "island": "Tenerife", "logo": ""}}, {"type": "Feature", "geometry": {"type": "Point", "coordinates": [-16.326345184759983, 28.428438418081413]}, "properties": {"id": "e7d1a79a-7b96-4ee9-a2a6-d3b3406bef55", "name": "Asociación Mosaico Canarias", "sector": "Sector ciudadano", "typology": "Asociación cultural", "protagonist": "Ciudadanía", "url": "https://www.mosaicoaccionsocial.org/?fbclid=IwAR237zrmw3IiMrilo9LIEvUs_ZxCYC3wLPEtDvbS4xwrjUowkiCMrU5Zz1I", "instagram": "", "facebook": "https://www.facebook.com/asociacion.m.canarias/", "twitter": "", "address": "Camino Candil , 21. Santa Cruz de Tenerife, Santa Cruz de Tenerife", "municipality": "Santa Cruz de Tenerife", "province": "Santa Cruz de Tenerife", "phones": ["652181852", "649006652"], "emails": ["mosaicocanarias@gmail.com"], "island": "Tenerife", "logo": "9899516f-47e6-484e-b8e8-6a254fbed2be"}}, {"type": "Feature", "geometry": {"type": "Point", "coordinates": [-16.557186516350534, 28.07615221594733]}, "properties": {"id": "a869ca91-faae-4dfd-b979-9e259a2a8077", "name": "Asociación Nigeria IGBO Unión Tenerife Spain", "sector": "Sector ciudadano", "typology": "Asociación formal de personas migradas", "protagonist": "Ciudadanía", "url": "", "instagram": "", "facebook": "", "twitter": "", "address": "Calle Princesa Guajara, 3. Granadilla de Abona, Santa Cruz de Tenerife", "municipality": "Granadilla de Abona", "province": "Santa Cruz de Tenerife", "phones": ["672840145"], "emails": ["igbotenerife@yahoo.com"], "island": "Tenerife", "logo": ""}}, {"type": "Feature", "geometry": {"type": "Point", "coordinates": [-13.558045602540522, 28.9612338360565]}, "properties": {"id": "3663c7be-00b3-4dac-9433-060d8b1ddb70", "name": "ONG Paz en Construcción ", "sector": "Sector ciudadano", "typology": "Entidad privada o semipública prestadora de servicios públicos (Cáritas, Cruz Roja…)", "protagonist": "Ciudadanía", "url": "https://www.pazenconstruccion.org/", "instagram": "", "facebook": "", "twitter": "", "address": "Calle Guenia, 7. Arrecife, Las Palmas", "municipality": "Arrecife", "province": "Las Palmas", "phones": ["655697306"], "emails": ["pazenconstruccionddhh@gmail.com"], "island": "Lanzarote", "logo": "bd285cd8-8020-44fa-83d9-023840261860"}}, {"type": "Feature", "geometry": {"type": "Point", "coordinates": [-16.29546315905478, 28.469612192895884]}, "properties": {"id": "a99c888f-9cef-4e9f-8a96-da6d20cb4a05", "name": "Asociación Coliseo", "sector": "Sector servicios sociales", "typology": "Entidad privada o semipública prestadora de servicios públicos (Cáritas, Cruz Roja…)", "protagonist": "Recursos técnicos y profesionales", "url": "https://asociacioncoliseo.com/", "instagram": "", "facebook": "https://www.facebook.com/asociacioncoliseo", "twitter": "", "address": "Avenida Los Menceyes, 184. San Cristóbal de La Laguna, Santa Cruz de Tenerife", "municipality": "San Cristóbal de La Laguna", "province": "Santa Cruz de Tenerife", "phones": ["922032690"], "emails": ["administracion@asociacioncoliseo.com"], "island": "Tenerife", "logo": "93615e2b-7b84-4419-a7bc-14193dd347b3"}}, {"type": "Feature", "geometry": {"type": "Point", "coordinates": [-16.29400885569164, 28.46943006809094]}, "properties": {"id": "2c1eeae2-d70e-4843-a714-7a17fceb82a6", "name": "Intersindical Canaria", "sector": "Sector empleo", "typology": "Sindicato", "protagonist": "Ciudadanía", "url": "https://intersindicalcanaria.org/", "instagram": "", "facebook": "", "twitter": "", "address": "Avenida Los Menceyes, 210. San Cristóbal de La Laguna, Santa Cruz de Tenerife", "municipality": "San Cristóbal de La Laguna", "province": "Santa Cruz de Tenerife", "phones": ["928431600 ()", "922640105", "922649401()"], "emails": ["grancanaria@intersindicalcanaria.com"], "island": "Tenerife", "logo": "68c802a3-5020-4479-87cd-31a01a5b1973"}}, {"type": "Feature", "geometry": {"type": "Point", "coordinates": [-16.2784252, 28.452584]}, "properties": {"id": "90c3fbd3-ce46-46ac-a089-2e3da802c9a3", "name": "Instituto Insular de Atención Social y Sociosanitaria - Unidad Orgánica de Infancia y Familia", "sector": "Sector ciudadano", "typology": "Recurso, Servicio o Dispositivo de la Administración Provincial", "protagonist": "Recursos técnicos y profesionales", "url": "https://www.iass.es/", "instagram": "https://www.instagram.com/iasstenerife/", "facebook": "https://www.facebook.com/IASSTenerife2020", "twitter": "https://twitter.com/IASS_Tenerife", "address": "Calle Diego de Almagro, 1. Santa Cruz de Tenerife, Santa Cruz de Tenerife", "municipality": "Santa Cruz de Tenerife", "province": "Santa Cruz de Tenerife", "phones": ["922843131", "922843132"], "emails": ["uisre@iass.es"], "island": "Tenerife", "logo": "569b98fb-a453-4f06-a068-5c42df8f0ea4"}}, {"type": "Feature", "geometry": {"type": "Point", "coordinates": [-16.2603107, 28.4679459]}, "properties": {"id": "8e7988dc-a183-4a00-a0f9-7867b3e2ca88", "name": "Asociación de Malienses en Canarias ", "sector": "Sector ciudadano", "typology": "Asociación formal de personas migradas", "protagonist": "Ciudadanía", "url": "", "instagram": "", "facebook": "", "twitter": "", "address": "Calle Castro, 20. Santa Cruz de Tenerife, Santa Cruz de Tenerife", "municipality": "Santa Cruz de Tenerife", "province": "Santa Cruz de Tenerife", "phones": ["628743733"], "emails": ["bubakonate@gmail.com"], "island": "Tenerife", "logo": ""}}, {"type": "Feature", "geometry": {"type": "Point", "coordinates": [-15.437400314192391, 28.109167648724426]}, "properties": {"id": "8e49c9ec-4c62-4e57-bbf0-34d32d29758e", "name": "Asociación de Malienses en Canarias BENKADY", "sector": "Sector ciudadano", "typology": "Asociación formal de personas migradas", "protagonist": "Ciudadanía", "url": "", "instagram": "", "facebook": "", "twitter": "", "address": "Calle Pablo Penaguilas, 122. Las Palmas de Gran Canaria, Las Palmas", "municipality": "Las Palmas de Gran Canaria", "province": "Las Palmas", "phones": ["687633244"], "emails": ["souleymanemagassouba@hotmail.com"], "island": "Gran Canaria", "logo": ""}}, {"type": "Feature", "geometry": {"type": "Point", "coordinates": [-16.24931082817433, 28.465297679642568]}, "properties": {"id": "3f14af18-ec0c-454b-afc4-8145fc4d8aa4", "name": "Amnistía Internacional", "sector": "Sector ciudadano", "typology": "ONG (prestadora de servicios / gestora de fondos públicos-privados)", "protagonist": "Ciudadanía", "url": "https://www.es.amnesty.org/grupos/canarias/", "instagram": "", "facebook": "", "twitter": "", "address": "Calle Santo Domingo, 10. Santa Cruz de Tenerife, Santa Cruz de Tenerife", "municipality": "Santa Cruz de Tenerife", "province": "Santa Cruz de Tenerife", "phones": ["922249417"], "emails": ["tenerife@es.amnesty.org"], "island": "Tenerife", "logo": "eb623be2-d452-4d97-8b4e-4c65e5506022"}}, {"type": "Feature", "geometry": {"type": "Point", "coordinates": [-13.852814420911814, 28.50161645018903]}, "properties": {"id": "dc9f67a8-1b1c-4496-9274-7a2f43fd1595", "name": "El Refugio Majorero", "sector": "Sector ciudadano", "typology": "Asociación cultural", "protagonist": "Ciudadanía", "url": "https://www.elrefugiomajorero.org/historia/", "instagram": "", "facebook": "", "twitter": "", "address": "Calle Juan de Austria, 15. Puerto del Rosario, Las Palmas", "municipality": "Puerto del Rosario", "province": "Las Palmas", "phones": ["928 85 06 45"], "emails": ["info@elrefugiomajorero.org"], "island": "Fuerteventura", "logo": ""}}, {"type": "Feature", "geometry": {"type": "Point", "coordinates": [-16.308130622354696, 28.473322761118126]}, "properties": {"id": "c653d79e-f966-46b1-a358-b00a446f3241", "name": "Asociación Meraki Formación y Desarrollo", "sector": "Sector ciudadano", "typology": "Asociación o grupo de apoyo de personas con necesidades especiales", "protagonist": "Ciudadanía", "url": "", "instagram": "", "facebook": "https://www.facebook.com/Meraki-104845192053774/", "twitter": "", "address": "Calle Saturno, 5. San Cristóbal de La Laguna, Santa Cruz de Tenerife", "municipality": "San Cristóbal de La Laguna", "province": "Santa Cruz de Tenerife", "phones": ["675560898", "649389435"], "emails": ["info@proyecto-meraki.org"], "island": "Tenerife", "logo": "0f823a2f-112c-4511-ae35-df936d58642c"}}, {"type": "Feature", "geometry": {"type": "Point", "coordinates": [-16.30522548642052, 28.470017172482322]}, "properties": {"id": "864e2e06-2f14-4567-bce9-2443aef43d2e", "name": "Cátedra Cultural, Globalización, Migraciones y Nuevas Ciudadanías. Adscrita al Vicerrectorado de Cultura y Participación Social ULL", "sector": "Sector educación", "typology": "Departamento, facultad u organismo de Universidad pública", "protagonist": "Recursos técnicos y profesionales", "url": "https://www.ull.es/catedras/catedra-globalizacion-migraciones-nuevas-ciuadanias/", "instagram": "", "facebook": "", "twitter": "", "address": "Camino La Hornera, s/n. San Cristóbal de La Laguna, Santa Cruz de Tenerife", "municipality": "San Cristóbal de La Laguna", "province": "Santa Cruz de Tenerife", "phones": ["922317446"], "emails": ["cascanio@ull.es"], "island": "Tenerife", "logo": "d6911e78-7e50-400a-8b76-553d80fecdb1"}}, {"type": "Feature", "geometry": {"type": "Point", "coordinates": [-15.4328881, 28.1325201]}, "properties": {"id": "77e8c705-23da-49ed-b98b-a160865a1d99", "name": "Asociación Canaria de Solidaridad Con El Pueblo Saharaui", "sector": "Sector ciudadano", "typology": "Asociación formal de personas migradas", "protagonist": "Ciudadanía", "url": "http://canariasconelsahara.org/", "instagram": "", "facebook": "https://www.facebook.com/canariasconelsahara", "twitter": "https://twitter.com/sahara_canarias", "address": "Calle Pi y Margal, 2. Las Palmas de Gran Canaria, Las Palmas", "municipality": "Las Palmas de Gran Canaria", "province": "Las Palmas", "phones": ["928240884", "629317907"], "emails": ["saharaligc@gmail.com"], "island": "Gran Canaria", "logo": "416077b7-bf39-479f-adb0-44f401d86c0c"}}, {"type": "Feature", "geometry": {"type": "Point", "coordinates": [-16.548800635657727, 28.41560584283194]}, "properties": {"id": "513d718e-7932-41b7-a59a-fc0bc7b026c2", "name": "Club India Puerto de la Cruz", "sector": "Sector ciudadano", "typology": "Asociación formal de personas migradas", "protagonist": "Ciudadanía", "url": "", "instagram": "", "facebook": "", "twitter": "", "address": "Calle Agustín de Bethencourt, 25. Puerto la Cruz, Santa Cruz de Tenerife", "municipality": "Puerto la Cruz", "province": "Santa Cruz de Tenerife", "phones": ["922370274"], "emails": ["sunilspain@hotmail.com"], "island": "Tenerife", "logo": ""}}, {"type": "Feature", "geometry": {"type": "Point", "coordinates": [-15.437951572910771, 27.85492396214639]}, "properties": {"id": "5d917abd-2430-46f8-91bb-9c9a5deb34bd", "name": "Asociación de Inmigrantes del Sáhara Occidental en Canarias ", "sector": "Sector ciudadano", "typology": "Asociación formal de personas migradas", "protagonist": "Ciudadanía", "url": "", "instagram": "", "facebook": "", "twitter": "", "address": "Calle Marianela, 8. Santa Lucía de Tirajana, Las Palmas", "municipality": "Santa Lucía de Tirajana", "province": "Las Palmas", "phones": ["632772055"], "emails": ["asociacioninmigrantessaharaui@gmail.com"], "island": "Gran Canaria", "logo": ""}}, {"type": "Feature", "geometry": {"type": "Point", "coordinates": [-15.431903892966913, 28.10418688842922]}, "properties": {"id": "93c5a04d-1782-47b5-b61d-5443ae9479d3", "name": "Asociación MIRA España ", "sector": "Sector ciudadano", "typology": "Asociación formal de personas migradas", "protagonist": "Ciudadanía", "url": "http://www.amigosmira.es/", "instagram": "", "facebook": "", "twitter": "", "address": "Calle Rafael García Pérez, 25. Las Palmas de Gran Canaria, Las Palmas", "municipality": "Las Palmas de Gran Canaria", "province": "Las Palmas", "phones": ["638893411"], "emails": ["lanzarote@amigosmira.es"], "island": "Gran Canaria", "logo": "740d5372-2538-4e19-bbd9-90317fa657d9"}}, {"type": "Feature", "geometry": {"type": "Point", "coordinates": [-15.438703991153297, 27.849381618387884]}, "properties": {"id": "8ca5f7cc-db5c-4dc3-b191-711db4edfd2c", "name": "Casa Argentina en Gran Canaria \"El Ombú\"", "sector": "Sector ciudadano", "typology": "Asociación formal de personas migradas", "protagonist": "Ciudadanía", "url": "", "instagram": "", "facebook": "https://es-es.facebook.com/pages/category/Community/Casa-Argentina-en-Gran-Canaria-El-Omb%C3%BA-910650998950754/", "twitter": "", "address": "Calle Colón, 22. Santa Lucía de Tirajana, Las Palmas", "municipality": "Santa Lucía de Tirajana", "province": "Las Palmas", "phones": ["608942083"], "emails": ["casargentina.elombu@gmail.com"], "island": "Gran Canaria", "logo": "e3827882-b698-4fe4-8749-b8f80d700a66"}}, {"type": "Feature", "geometry": {"type": "Point", "coordinates": [-15.4216813, 28.110193]}, "properties": {"id": "194abac2-75c2-4edd-b15c-84cd8d3c448e", "name": "Asociación E-CANAFRIK ", "sector": "Sector ciudadano", "typology": "Asociación formal de personas migradas", "protagonist": "Ciudadanía", "url": "http://www.aeca.canafrik.es/", "instagram": "", "facebook": "", "twitter": "", "address": "Calle Murga, 57. Las Palmas de Gran Canaria, Las Palmas", "municipality": "Las Palmas de Gran Canaria", "province": "Las Palmas", "phones": [], "emails": ["aeca@canafrik.es"], "island": "Gran Canaria", "logo": "b5de8520-3cc7-4a29-855c-5b9a319bd224"}}, {"type": "Feature", "geometry": {"type": "Point", "coordinates": [-16.30748691223815, 28.426565995617167]}, "properties": {"id": "8a6dbf9e-da90-4828-8f2b-67d80c507f30", "name": "Asociación Asistencial ONG Sonrisas del Suroeste", "sector": "Sector ciudadano", "typology": "ONG (prestadora de servicios / gestora de fondos públicos-privados)", "protagonist": "Ciudadanía", "url": "", "instagram": "", "facebook": "https://www.facebook.com/Sonrisas-del-Suroeste-ONG-550656638415754/", "twitter": "", "address": "Calle Chirama, 100. Santa Cruz de Tenerife, Santa Cruz de Tenerife", "municipality": "Santa Cruz de Tenerife", "province": "Santa Cruz de Tenerife", "phones": ["662342048", "637108965"], "emails": ["ong.sonrisasdelsuroeste@gmail.com"], "island": "Tenerife", "logo": "3691262e-2153-43f7-b0df-20e001867d8e"}}, {"type": "Feature", "geometry": {"type": "Point", "coordinates": [-15.414231786047356, 28.0999772610601]}, "properties": {"id": "b995e30e-0b68-40e9-8f23-efab47b8506d", "name": "Coordinadora de ONG de Desarrollo de Canarias ", "sector": "Sector ciudadano", "typology": "ONG (prestadora de servicios / gestora de fondos públicos-privados)", "protagonist": "Recursos técnicos y profesionales", "url": "https://coordinadoracanarias.org/", "instagram": "", "facebook": "https://www.facebook.com/congdca/", "twitter": "https://twitter.com/CONGDCA", "address": "Calle Doctor Chill, 15. Las Palmas de Gran Canaria, Las Palmas", "municipality": "Las Palmas de Gran Canaria", "province": "Las Palmas", "phones": ["928242257", "656354094"], "emails": ["info@coordinadoracanarias.org"], "island": "Gran Canaria", "logo": "5cc82d8a-4314-432d-b535-a5b25419445f"}}, {"type": "Feature", "geometry": {"type": "Point", "coordinates": [-16.6670335, 28.0117784]}, "properties": {"id": "e6b0c1dd-abbc-49ef-bbdc-59f239d3895d", "name": "Asociación Sáhara-Canarias (La Concordia)", "sector": "Sector ciudadano", "typology": "Asociación formal de personas migradas", "protagonist": "Ciudadanía", "url": "", "instagram": "", "facebook": "", "twitter": "", "address": "Calle Fuerteventura, 3. Arona, Santa Cruz de Tenerife", "municipality": "Arona", "province": "Santa Cruz de Tenerife", "phones": ["622660406"], "emails": ["saharaoccidental2020@gmail.com"], "island": "Tenerife", "logo": ""}}, {"type": "Feature", "geometry": {"type": "Point", "coordinates": [-16.251140807298604, 28.46917390197294]}, "properties": {"id": "51a9de58-88a1-44ed-931e-d357c5b34378", "name": "Asociación Nuevo Futuro ", "sector": "Sector ciudadano", "typology": "ONG (prestadora de servicios / gestora de fondos públicos-privados)", "protagonist": "Recursos técnicos y profesionales", "url": "https://www.nuevofuturotenerife.org/", "instagram": "https://instagram.com/nuevofuturotenerife?utm_medium=copy_link", "facebook": "https://www.facebook.com/nuevofuturotfe", "twitter": "https://twitter.com/nuevofuturotf", "address": "Calle Puerto Escondido , 1. Santa Cruz de Tenerife, Santa Cruz de Tenerife", "municipality": "Santa Cruz de Tenerife", "province": "Santa Cruz de Tenerife", "phones": ["922200211"], "emails": ["administracion@nuevofuturotenerife.es"], "island": "Tenerife", "logo": "9ea7870f-1375-46b2-a5e7-b738ff648840"}}, {"type": "Feature", "geometry": {"type": "Point", "coordinates": [-15.4201539, 28.1136249]}, "properties": {"id": "48e9f054-a6b9-4d93-a93f-0e480b2ec9f6", "name": "Federación de Asociaciones Africanas en Canarias", "sector": "Sector ciudadano", "typology": "Federación de asociaciones", "protagonist": "Recursos técnicos y profesionales", "url": "https://federationaac.blogspot.com/?fbclid=IwAR0NfvuF-PxfuKShGdJ3thFtJDBXfHg72Zlb5wSyjrkkMhgabtUqPDhONxg", "instagram": "", "facebook": "", "twitter": "", "address": "Avenida Alcalde José Ramírez Bethencourt, 10. Las Palmas de Gran Canaria, Las Palmas", "municipality": "Las Palmas de Gran Canaria", "province": "Las Palmas", "phones": ["928238079", "696918620"], "emails": ["faac2008@gmail.com"], "island": "Gran Canaria", "logo": "f8786779-7746-4d2e-ac62-b0946d2440e4"}}, {"type": "Feature", "geometry": {"type": "Point", "coordinates": [-13.549302023483005, 28.970632897457175]}, "properties": {"id": "a183ef98-2db9-4bc2-9e3e-1d9d62170d5f", "name": "Asociación de mujeres Unidas de Lanzarote Mboolo Mooy Dolee", "sector": "Sector ciudadano", "typology": "Asociación formal de personas migradas", "protagonist": "Ciudadanía", "url": "", "instagram": "", "facebook": "https://www.facebook.com/Asociacionmboolomooydolee", "twitter": "", "address": "Calle Dr. Ramón y Cajal, 49. Arrecife, Las Palmas", "municipality": "Arrecife", "province": "Las Palmas", "phones": ["632776058"], "emails": [], "island": "Lanzarote", "logo": ""}}, {"type": "Feature", "geometry": {"type": "Point", "coordinates": [-13.549449291714831, 28.970410109078593]}, "properties": {"id": "c23b8de5-c981-42d6-a217-d8e5ddd5ba08", "name": "Asociación social y cultural Tidiania de Lanzarote", "sector": "Sector ciudadano", "typology": "Asociación formal de personas migradas", "protagonist": "Ciudadanía", "url": "", "instagram": "", "facebook": "", "twitter": "", "address": "Calle de Menéndez y Pelayo, 40. Arrecife, Las Palmas", "municipality": "Arrecife", "province": "Las Palmas", "phones": ["632594117"], "emails": [], "island": "Lanzarote", "logo": ""}}, {"type": "Feature", "geometry": {"type": "Point", "coordinates": [-16.667588552832278, 28.011850415166784]}, "properties": {"id": "becb615f-be11-4dd8-9094-527467adf89e", "name": "Comunidad Islámica del Fraile", "sector": "Sector ciudadano", "typology": "Asociación formal de personas migradas", "protagonist": "Ciudadanía", "url": "", "instagram": "", "facebook": "https://www.facebook.com/Comunidad-Islamica-del-Fraile-Mezquita-at-tauba-370603469630396", "twitter": "", "address": "Calle Lanzarote, 59. Arona, Santa Cruz de Tenerife", "municipality": "Arona", "province": "Santa Cruz de Tenerife", "phones": ["677125438"], "emails": ["cisslamin@hotmail.com"], "island": "Tenerife", "logo": "a4f5bbcb-2a6b-4a7b-9fcd-3530ee46fdd2"}}, {"type": "Feature", "geometry": {"type": "Point", "coordinates": [-16.2590399, 28.4681709]}, "properties": {"id": "da6c756b-c7d1-4129-8f2c-c932d58cef33", "name": "Cáritas Diocesana de Tenerife", "sector": "Sector religioso", "typology": "ONG (prestadora de servicios / gestora de fondos públicos-privados)", "protagonist": "Recursos técnicos y profesionales", "url": "", "instagram": "", "facebook": "", "twitter": "", "address": "Calle Juan Pablo II, 23. San Cristóbal de La Laguna, Santa Cruz de Tenerife", "municipality": "San Cristóbal de La Laguna", "province": "Santa Cruz de Tenerife", "phones": ["922277212"], "emails": ["migraciones@caritastenerife.org"], "island": "Tenerife", "logo": "44cdde15-f0b7-4ff7-a07c-ff610f8dc7e9"}}, {"type": "Feature", "geometry": {"type": "Point", "coordinates": [-16.31583333, 28.48972222]}, "properties": {"id": "0b896137-4982-42ab-ac90-05cfba5c4ad3", "name": "Asociación Unidad es Buena - Ghana Unión", "sector": "Sector ciudadano", "typology": "Asociación formal de personas migradas", "protagonist": "Ciudadanía", "url": "", "instagram": "", "facebook": "", "twitter": "", "address": "Calle San Agustín, s/n. San Cristóbal de La Laguna, Santa Cruz de Tenerife", "municipality": "San Cristóbal de La Laguna", "province": "Santa Cruz de Tenerife", "phones": ["632382761"], "emails": ["betfrim@hotmail.com"], "island": "Tenerife", "logo": ""}}, {"type": "Feature", "geometry": {"type": "Point", "coordinates": [-16.7000490716829, 28.07399020045144]}, "properties": {"id": "00ec1e51-3e5a-406e-b3c6-2bef0f87af8d", "name": "Fundación Proyecto Perfecto", "sector": "Sector ciudadano", "typology": "Asociación cultural", "protagonist": "Ciudadanía", "url": "https://perfectprojectfoundation.com/es/", "instagram": "", "facebook": "", "twitter": "", "address": "Calle Panizo, 2. Arona, Santa Cruz de Tenerife", "municipality": "Arona", "province": "Santa Cruz de Tenerife", "phones": ["636847012"], "emails": ["info@perfectprojectfoundation.com"], "island": "Tenerife", "logo": "9dbacbcb-e04d-4423-bc0c-98eb0a4101df"}}, {"type": "Feature", "geometry": {"type": "Point", "coordinates": [-16.723895959070273, 28.077079258065588]}, "properties": {"id": "26a68c88-3890-464f-9802-7eb2be9a6fa8", "name": "Asociación Polako-Canaria \"Arka\"", "sector": "Sector ciudadano", "typology": "Asociación cultural", "protagonist": "Ciudadanía", "url": "https://www.arkacanarias.org/es/", "instagram": "", "facebook": "", "twitter": "", "address": "Avenida Europa, 68. Arona, Santa Cruz de Tenerife", "municipality": "Arona", "province": "Santa Cruz de Tenerife", "phones": ["636847012"], "emails": ["info@arkacanarias.org"], "island": "Tenerife", "logo": ""}}, {"type": "Feature", "geometry": {"type": "Point", "coordinates": [-15.425624321882983, 28.11424212026951]}, "properties": {"id": "0d6c4e12-ea3f-4f69-8924-7f3b0341f15c", "name": "Fundación Save the Children", "sector": "Sector ciudadano", "typology": "ONG (prestadora de servicios / gestora de fondos públicos-privados)", "protagonist": "Recursos técnicos y profesionales", "url": "https://www.savethechildren.es/", "instagram": "", "facebook": "", "twitter": "", "address": "Calle Pérez del toro, 23. Las Palmas de Gran Canaria, Las Palmas", "municipality": "Las Palmas de Gran Canaria", "province": "Las Palmas", "phones": ["660 61 46 32"], "emails": ["celia.limpo@savethechildren.org"], "island": "Gran Canaria", "logo": "a0d21359-446f-44ea-8ed6-e844c3523336"}}, {"type": "Feature", "geometry": {"type": "Point", "coordinates": [-13.5536107, 28.9611825]}, "properties": {"id": "02064979-571c-45c2-b2b4-7ed3f59cb400", "name": "Asociación Cultural y Social TRIB-Arte Lanzarote", "sector": "Sector ciudadano", "typology": "Asociación cultural", "protagonist": "Ciudadanía", "url": "https://www.tribarte.com/", "instagram": "https://www.instagram.com/tribarte/", "facebook": "https://www.facebook.com/tribarte/about", "twitter": "https://twitter.com/trib_arte", "address": "Calle Triana, 35. Arrecife, Las Palmas", "municipality": "Arrecife", "province": "Las Palmas", "phones": ["828081215"], "emails": ["asociaciontribarte@gmail.com"], "island": "Lanzarote", "logo": "10e4292f-bbd8-471c-b180-1582cf28bf39"}}, {"type": "Feature", "geometry": {"type": "Point", "coordinates": [-16.277472117860714, 28.454333874392386]}, "properties": {"id": "0013d246-76d1-4d9f-ab88-027bfa05c47d", "name": "Asociación Canaria para la Intervención y Mediación Familiar, Educativa y Psicosocial  \"+Familia\"", "sector": "Sector ciudadano", "typology": "ONG (prestadora de servicios / gestora de fondos públicos-privados)", "protagonist": "Recursos técnicos y profesionales", "url": "https://asociacionmasfamilia.com/", "instagram": "", "facebook": "", "twitter": "", "address": "Calle Ernesto Anastasio, 9. San Cristóbal de La Laguna, Santa Cruz de Tenerife", "municipality": "San Cristóbal de La Laguna", "province": "Santa Cruz de Tenerife", "phones": ["822296590"], "emails": ["info@asociacionmasfamilia.com"], "island": "Tenerife", "logo": "fe61c893-083c-4020-905d-87dea17837c3"}}, {"type": "Feature", "geometry": {"type": "Point", "coordinates": [-16.386507, 28.517389]}, "properties": {"id": "7e56f69b-e5e9-4b87-9ca7-c3314942dd31", "name": "Asociación Accem", "sector": "Sector ciudadano", "typology": "ONG (prestadora de servicios / gestora de fondos públicos-privados)", "protagonist": "Recursos técnicos y profesionales", "url": "https://www.accem.es/", "instagram": "https://www.instagram.com/accem_ong/", "facebook": "https://www.facebook.com/accem", "twitter": "https://twitter.com/Accem_ong", "address": "Camino Camino Puerto Escondido, 1. San Cristóbal de La Laguna, Santa Cruz de Tenerife", "municipality": "San Cristóbal de La Laguna", "province": "Santa Cruz de Tenerife", "phones": ["922 248 092"], "emails": ["canarias@accem.es"], "island": "Tenerife", "logo": "7f2b9d7b-fcf8-4ad1-a497-5b0952184938"}}, {"type": "Feature", "geometry": {"type": "Point", "coordinates": [-16.5195492, 28.3924095]}, "properties": {"id": "7cabbbf9-8b46-4529-8f10-ef45d7b0cd8f", "name": "Asociación para el desarrollo económico y social Rayuela", "sector": "Sector ciudadano", "typology": "ONG (prestadora de servicios / gestora de fondos públicos-privados)", "protagonist": "Recursos técnicos y profesionales", "url": "https://asociacionrayuela.com/", "instagram": "https://www.instagram.com/asociacionrayuela/", "facebook": "https://www.facebook.com/AsociacionRayuela", "twitter": "https://twitter.com/AsocRayuela", "address": "Calle La Milagrosa, 3. La Orotava, Santa Cruz de Tenerife", "municipality": "La Orotava", "province": "Santa Cruz de Tenerife", "phones": [], "emails": [], "island": "Tenerife", "logo": "f01f3ee3-ef2a-4513-999e-0d6c6d684377"}}, {"type": "Feature", "geometry": {"type": "Point", "coordinates": [-16.303521043179956, 28.467933962227463]}, "properties": {"id": "9d52baa8-43aa-4eb2-b73f-7925dc4e2631", "name": "Universidad de La Laguna - Observatorio de la Inmigración de Tenerife", "sector": "Sector educación", "typology": "Departamento, facultad u organismo de Universidad pública", "protagonist": "Recursos técnicos y profesionales", "url": "https://www.obiten.com", "instagram": "", "facebook": "https://www.facebook.com/observatoriodelainmigraciondetenerife", "twitter": "", "address": "Calle Profesor José Luis Moreno Becerra, s/n. San Cristóbal de La Laguna, Santa Cruz de Tenerife", "municipality": "San Cristóbal de La Laguna", "province": "Santa Cruz de Tenerife", "phones": ["922317762"], "emails": ["obiten@ulll.edu.es"], "island": "Tenerife", "logo": "3f01062b-2061-4b1c-b09e-db87cc34c65a"}}, {"type": "Feature", "geometry": {"type": "Point", "coordinates": [-16.816185408583152, 28.181170403935]}, "properties": {"id": "f2a75ffc-94b0-4179-85f7-43ad66347961", "name": "Asociación de Inmigrantes del Sur", "sector": "Sector ciudadano", "typology": "Asociación formal de personas migradas", "protagonist": "Ciudadanía", "url": "", "instagram": "", "facebook": "", "twitter": "", "address": "Calle Isla Bonita, 23. Guía de Isora, Santa Cruz de Tenerife", "municipality": "Guía de Isora", "province": "Santa Cruz de Tenerife", "phones": ["686434843"], "emails": ["nawel_73@hotmail.com"], "island": "Tenerife", "logo": ""}}, {"type": "Feature", "geometry": {"type": "Point", "coordinates": [-13.871325, 28.736557]}, "properties": {"id": "91bf7df0-ed08-4bfc-a22c-a32fef70bee3", "name": "Asociación para la cooperación al desarrollo e inclusión social Amanay ", "sector": "Sector ciudadano", "typology": "Asociación formal de personas migradas", "protagonist": "Recursos técnicos y profesionales", "url": "", "instagram": "", "facebook": "", "twitter": "", "address": "Calle Ciudad Jardin. La Oliva, Las Palmas", "municipality": "La Oliva", "province": "Las Palmas", "phones": ["665415476"], "emails": ["directivoamanay@gmail.com"], "island": "Lanzarote", "logo": ""}}, {"type": "Feature", "geometry": {"type": "Point", "coordinates": [-15.460497, 28.09235]}, "properties": {"id": "dd33583f-0f75-4faa-a6c8-08bcb7f1e755", "name": "Fundación Canaria Main", "sector": "Sector ciudadano", "typology": "ONG (prestadora de servicios / gestora de fondos públicos-privados)", "protagonist": "Ciudadanía", "url": "https://fundacionmain.org/", "instagram": "", "facebook": "", "twitter": "", "address": "Calle San Ignacio, 52. Las Palmas de Gran Canaria, Las Palmas", "municipality": "Las Palmas de Gran Canaria", "province": "Las Palmas", "phones": ["928436830"], "emails": ["direccion@fundacionmain.org", "administracion@fundacionmain.org"], "island": "Gran Canaria", "logo": ""}}, {"type": "Feature", "geometry": {"type": "Point", "coordinates": [-15.695894, 28.099961]}, "properties": {"id": "3b61ced3-a91f-479d-b5df-f342f6453ccb", "name": "Social Innovation Cluster For Change", "sector": "Sector ciudadano", "typology": "ONG (prestadora de servicios / gestora de fondos públicos-privados)", "protagonist": "Recursos técnicos y profesionales", "url": "", "instagram": "", "facebook": "", "twitter": "", "address": "Calle Aguadulce, 1. Agaete, Las Palmas", "municipality": "Agaete", "province": "Las Palmas", "phones": ["610084451"], "emails": ["escuchamos@sic4change.org"], "island": "Gran Canaria", "logo": ""}}]}