{"type":"FeatureCollection","features":[{"type":"Feature","properties":{"name":"San Cristóbal de La Laguna"},"geometry":{"type":"MultiPolygon","coordinates":[[[[-16.36201,28.54932],[-16.36184,28.54906],[-16.3617,28.54925],[-16.36201,28.54932]]],[[[-16.27469,28.57215],[-16.27528,28.57172],[-16.27615,28.5719],[-16.2767,28.57132],[-16.2781,28.57131],[-16.27854,28.57157],[-16.2786,28.57204],[-16.28027,28.57272],[-16.2803,28.57299],[-16.28084,28.57263],[-16.28132,28.57323],[-16.28115,28.57363],[-16.28237,28.57457],[-16.2821,28.57508],[-16.28242,28.57494],[-16.28364,28.57614],[-16.28428,28.57561],[-16.28497,28.57648],[-16.28644,28.57608],[-16.28604,28.57584],[-16.28599,28.5755],[-16.2863,28.57542],[-16.28596,28.57498],[-16.2863,28.57298],[-16.28813,28.57167],[-16.28834,28.5711],[-16.29063,28.57013],[-16.29253,28.57068],[-16.29328,28.57161],[-16.29341,28.57133],[-16.29429,28.57121],[-16.29483,28.56966],[-16.29762,28.56902],[-16.2981,28.56953],[-16.29796,28.57041],[-16.29893,28.57047],[-16.29901,28.56986],[-16.29949,28.56973],[-16.30044,28.57025],[-16.30052,28.57077],[-16.30131,28.57109],[-16.30243,28.57056],[-16.30377,28.57079],[-16.30433,28.57183],[-16.30514,28.57219],[-16.30513,28.57256],[-16.30634,28.57252],[-16.30682,28.57323],[-16.30655,28.57339],[-16.3066,28.57391],[-16.3071,28.57447],[-16.30991,28.57253],[-16.31003,28.5717],[-16.31096,28.57129],[-16.31195,28.57125],[-16.3135,28.57173],[-16.31576,28.57103],[-16.31654,28.5719],[-16.31626,28.57225],[-16.31671,28.57223],[-16.31637,28.57271],[-16.31736,28.57373],[-16.31723,28.57446],[-16.31847,28.57658],[-16.31826,28.57675],[-16.31873,28.57797],[-16.32113,28.5788],[-16.323,28.57885],[-16.32325,28.5784],[-16.32361,28.57853],[-16.32397,28.57772],[-16.32516,28.57785],[-16.3263,28.57689],[-16.32909,28.57649],[-16.32955,28.5757],[-16.32913,28.57457],[-16.33008,28.57446],[-16.33105,28.57387],[-16.33176,28.57313],[-16.33175,28.57253],[-16.33246,28.57136],[-16.33336,28.57127],[-16.33356,28.57093],[-16.33278,28.56966],[-16.33342,28.56903],[-16.33291,28.56855],[-16.33291,28.56759],[-16.33153,28.5653],[-16.33243,28.56459],[-16.33191,28.56378],[-16.33204,28.56342],[-16.33311,28.56264],[-16.33286,28.56133],[-16.333,28.55891],[-16.33389,28.55753],[-16.33546,28.5572],[-16.33692,28.55604],[-16.33933,28.55638],[-16.34258,28.55632],[-16.34332,28.55676],[-16.34429,28.55673],[-16.34629,28.55558],[-16.34608,28.55539],[-16.34512,28.55575],[-16.34555,28.55495],[-16.34638,28.55496],[-16.34719,28.55419],[-16.34822,28.55407],[-16.3497,28.55271],[-16.35036,28.55299],[-16.35223,28.5527],[-16.35407,28.55302],[-16.35436,28.55203],[-16.35415,28.54981],[-16.35442,28.54962],[-16.35529,28.5495],[-16.35605,28.5502],[-16.35647,28.54999],[-16.35676,28.55027],[-16.35694,28.55013],[-16.35652,28.54964],[-16.35738,28.54958],[-16.35745,28.54832],[-16.35781,28.54798],[-16.35832,28.54808],[-16.35871,28.54899],[-16.35962,28.54964],[-16.36009,28.54873],[-16.36099,28.54816],[-16.36125,28.54845],[-16.36196,28.54819],[-16.36268,28.54697],[-16.3629,28.54795],[-16.36384,28.54789],[-16.36546,28.54515],[-16.36626,28.54542],[-16.36698,28.54629],[-16.36765,28.54611],[-16.3682,28.54655],[-16.36821,28.54708],[-16.36784,28.54734],[-16.36823,28.54742],[-16.36843,28.54678],[-16.36924,28.54655],[-16.37019,28.54687],[-16.3701,28.54725],[-16.37051,28.54758],[-16.37086,28.5475],[-16.37102,28.54684],[-16.37194,28.54725],[-16.37233,28.5463],[-16.37281,28.54621],[-16.37341,28.54629],[-16.37466,28.54766],[-16.37539,28.54736],[-16.37636,28.54788],[-16.37765,28.54797],[-16.37775,28.54755],[-16.37815,28.54742],[-16.3786,28.54766],[-16.38007,28.54757],[-16.38043,28.54738],[-16.38041,28.54633],[-16.38069,28.54625],[-16.38082,28.54658],[-16.38136,28.54643],[-16.38195,28.54698],[-16.38184,28.54655],[-16.3826,28.54646],[-16.38317,28.54707],[-16.38336,28.5458],[-16.38419,28.54521],[-16.38544,28.54606],[-16.38572,28.54588],[-16.38585,28.54457],[-16.38678,28.54375],[-16.38781,28.54349],[-16.38865,28.54376],[-16.38857,28.54348],[-16.38937,28.54323],[-16.39003,28.54248],[-16.39131,28.5422],[-16.39191,28.54171],[-16.39176,28.54136],[-16.39207,28.54102],[-16.39327,28.54116],[-16.39313,28.54065],[-16.3935,28.54078],[-16.39438,28.54014],[-16.39514,28.54016],[-16.39503,28.53979],[-16.39533,28.53979],[-16.39505,28.53919],[-16.3956,28.53811],[-16.39654,28.53791],[-16.39768,28.53845],[-16.39746,28.53761],[-16.39819,28.53579],[-16.39799,28.53445],[-16.39872,28.53344],[-16.40018,28.53315],[-16.40095,28.53387],[-16.40097,28.53329],[-16.40185,28.53328],[-16.40205,28.53361],[-16.40215,28.53314],[-16.40266,28.53313],[-16.40295,28.53132],[-16.40354,28.53052],[-16.40517,28.53021],[-16.40884,28.52748],[-16.4107,28.52685],[-16.40564,28.52056],[-16.40002,28.50963],[-16.39431,28.50551],[-16.39463,28.50516],[-16.39249,28.50364],[-16.38863,28.50016],[-16.38497,28.49833],[-16.38162,28.49556],[-16.37784,28.49335],[-16.37467,28.49076],[-16.37247,28.47197],[-16.37352,28.4714],[-16.37535,28.47139],[-16.3771,28.47097],[-16.37811,28.46783],[-16.37813,28.46689],[-16.37985,28.46358],[-16.38075,28.45869],[-16.38203,28.45679],[-16.38236,28.45537],[-16.38338,28.45391],[-16.38321,28.45118],[-16.38296,28.45089],[-16.38256,28.45062],[-16.38185,28.453],[-16.38056,28.45371],[-16.38048,28.45453],[-16.37817,28.45507],[-16.37744,28.45559],[-16.3765,28.45895],[-16.37623,28.46141],[-16.37503,28.46302],[-16.37348,28.46398],[-16.37274,28.46565],[-16.37066,28.46714],[-16.36887,28.46912],[-16.36845,28.46919],[-16.36283,28.46694],[-16.35196,28.46479],[-16.34953,28.46513],[-16.34436,28.46322],[-16.34257,28.46213],[-16.34195,28.46136],[-16.34191,28.46014],[-16.34056,28.45939],[-16.33951,28.45829],[-16.33643,28.45736],[-16.33379,28.45554],[-16.33054,28.45468],[-16.32641,28.45013],[-16.32367,28.45017],[-16.32298,28.45079],[-16.32126,28.45106],[-16.31709,28.45008],[-16.31521,28.45024],[-16.31407,28.44959],[-16.31226,28.44951],[-16.30934,28.44682],[-16.30485,28.44724],[-16.3046,28.44672],[-16.30376,28.44626],[-16.30095,28.44576],[-16.29988,28.44475],[-16.29905,28.44301],[-16.3008,28.44164],[-16.30107,28.43941],[-16.30067,28.43837],[-16.29909,28.43731],[-16.29895,28.43707],[-16.29959,28.43661],[-16.2993,28.43565],[-16.29876,28.43527],[-16.29856,28.43467],[-16.298,28.43449],[-16.29748,28.43309],[-16.29663,28.43246],[-16.29647,28.43161],[-16.29417,28.43197],[-16.29313,28.4418],[-16.28991,28.46017],[-16.28214,28.46585],[-16.27293,28.48959],[-16.27234,28.49027],[-16.27164,28.49553],[-16.27029,28.49824],[-16.27028,28.49869],[-16.27185,28.50142],[-16.27613,28.50433],[-16.27796,28.50662],[-16.2805,28.50812],[-16.28152,28.50833],[-16.28211,28.50908],[-16.28449,28.50961],[-16.28528,28.51146],[-16.28526,28.51217],[-16.2861,28.51307],[-16.28645,28.51401],[-16.28644,28.51448],[-16.28567,28.51541],[-16.28529,28.51738],[-16.28457,28.51846],[-16.28424,28.52013],[-16.27974,28.52812],[-16.27999,28.52978],[-16.27911,28.53279],[-16.27694,28.5332],[-16.27441,28.53472],[-16.27303,28.53493],[-16.26894,28.53666],[-16.27005,28.53752],[-16.27003,28.538],[-16.26874,28.541],[-16.26787,28.54177],[-16.26713,28.54355],[-16.26955,28.54708],[-16.26963,28.54791],[-16.27091,28.55056],[-16.27114,28.5521],[-16.27094,28.55314],[-16.26965,28.55384],[-16.26926,28.55533],[-16.2707,28.5558],[-16.27047,28.55703],[-16.27099,28.55739],[-16.27026,28.55806],[-16.27179,28.55853],[-16.2715,28.55983],[-16.27298,28.5602],[-16.27164,28.56234],[-16.27276,28.56344],[-16.2732,28.56352],[-16.27359,28.5631],[-16.27383,28.56327],[-16.27396,28.56515],[-16.27317,28.56572],[-16.27284,28.56686],[-16.27307,28.56753],[-16.27399,28.56832],[-16.27376,28.56935],[-16.27504,28.56986],[-16.27424,28.57114],[-16.27469,28.57215]],[[-16.32911,28.50832],[-16.33527,28.50458],[-16.33587,28.50266],[-16.33828,28.50137],[-16.34009,28.49954],[-16.34464,28.49774],[-16.34784,28.49572],[-16.34847,28.49451],[-16.3496,28.49335],[-16.35542,28.49045],[-16.35789,28.49045],[-16.35868,28.49075],[-16.35891,28.49188],[-16.3597,28.49301],[-16.36232,28.49296],[-16.36308,28.49388],[-16.36344,28.49525],[-16.36512,28.49708],[-16.36676,28.49721],[-16.37108,28.499],[-16.37167,28.49964],[-16.37185,28.50119],[-16.37298,28.50196],[-16.37215,28.504],[-16.37263,28.50572],[-16.37172,28.50702],[-16.37167,28.50802],[-16.37216,28.50887],[-16.37164,28.50989],[-16.37167,28.51132],[-16.37224,28.51279],[-16.37201,28.51403],[-16.37263,28.51492],[-16.37201,28.51639],[-16.37203,28.51768],[-16.36408,28.52197],[-16.3575,28.52613],[-16.3529,28.52778],[-16.35111,28.52899],[-16.35206,28.53065],[-16.34939,28.53547],[-16.34826,28.53604],[-16.34452,28.54046],[-16.34414,28.54136],[-16.34135,28.54259],[-16.342,28.54506],[-16.33858,28.54564],[-16.33668,28.54545],[-16.335,28.54592],[-16.32944,28.54509],[-16.32805,28.5439],[-16.32456,28.54279],[-16.32307,28.54265],[-16.32132,28.54308],[-16.31944,28.54105],[-16.31703,28.54125],[-16.31562,28.54087],[-16.3143,28.54146],[-16.31254,28.54005],[-16.31012,28.53912],[-16.3088,28.53894],[-16.30773,28.53937],[-16.3069,28.5387],[-16.30367,28.53828],[-16.30295,28.53735],[-16.29886,28.53503],[-16.2968,28.5345],[-16.2936,28.53487],[-16.29318,28.53463],[-16.29231,28.53263],[-16.29297,28.5322],[-16.29385,28.53068],[-16.29557,28.52996],[-16.29493,28.5277],[-16.29692,28.526],[-16.29766,28.52461],[-16.29773,28.52346],[-16.29898,28.52226],[-16.29988,28.51948],[-16.30605,28.51396],[-16.30753,28.51212],[-16.31376,28.5109],[-16.31596,28.51011],[-16.31563,28.50867],[-16.31785,28.50834],[-16.32048,28.50843],[-16.32194,28.51056],[-16.32441,28.51182],[-16.32768,28.50883],[-16.32911,28.50832]]],[[[-16.27589,28.57277],[-16.27574,28.57241],[-16.27558,28.57257],[-16.27589,28.57277]]],[[[-16.31617,28.57321],[-16.31643,28.57299],[-16.31609,28.57291],[-16.31617,28.57321]]],[[[-16.27608,28.57311],[-16.2764,28.57337],[-16.27657,28.57295],[-16.27608,28.57311]]]]}},{"type":"Feature","properties":{"name":"San Sebastián de la Gomera"},"geometry":{"type":"MultiPolygon","coordinates":[[[[-17.1562,28.04875],[-17.15681,28.04877],[-17.15611,28.04831],[-17.1562,28.04875]]],[[[-17.1386,28.16051],[-17.14301,28.15588],[-17.14466,28.15468],[-17.14552,28.15355],[-17.14566,28.15262],[-17.14655,28.15151],[-17.14888,28.15015],[-17.15014,28.1487],[-17.15197,28.1474],[-17.15407,28.14691],[-17.15639,28.14835],[-17.16148,28.14851],[-17.16358,28.14827],[-17.16472,28.14889],[-17.16919,28.14819],[-17.1701,28.14767],[-17.17083,28.14637],[-17.17191,28.14599],[-17.17323,28.14471],[-17.17405,28.14336],[-17.17492,28.14335],[-17.17556,28.14378],[-17.17959,28.14401],[-17.18075,28.14226],[-17.1808,28.1414],[-17.18028,28.14043],[-17.181,28.13982],[-17.181,28.13942],[-17.18033,28.13854],[-17.18037,28.13816],[-17.18066,28.13751],[-17.18258,28.13657],[-17.1825,28.13547],[-17.1852,28.13518],[-17.18622,28.13358],[-17.18691,28.13332],[-17.18893,28.13144],[-17.19041,28.13137],[-17.19499,28.12879],[-17.19469,28.1285],[-17.1949,28.12761],[-17.1956,28.12704],[-17.20395,28.12387],[-17.20689,28.12398],[-17.20847,28.12342],[-17.21014,28.12328],[-17.21187,28.12241],[-17.21664,28.12172],[-17.21693,28.1205],[-17.21771,28.1199],[-17.21775,28.11894],[-17.21856,28.11797],[-17.21843,28.11629],[-17.21812,28.11576],[-17.21863,28.11516],[-17.21817,28.11171],[-17.21913,28.10913],[-17.22081,28.10808],[-17.22344,28.10914],[-17.22819,28.10953],[-17.22929,28.10928],[-17.22996,28.10858],[-17.23226,28.10749],[-17.23289,28.10675],[-17.23418,28.10747],[-17.23511,28.10714],[-17.23663,28.10739],[-17.23828,28.10635],[-17.23868,28.10496],[-17.23558,28.10146],[-17.2354,28.10092],[-17.23572,28.09887],[-17.23521,28.09658],[-17.23441,28.09503],[-17.23354,28.09428],[-17.23313,28.09165],[-17.23186,28.09096],[-17.23184,28.0889],[-17.23142,28.08755],[-17.23064,28.08603],[-17.22859,28.08451],[-17.2276,28.08301],[-17.22732,28.08125],[-17.22617,28.0801],[-17.22529,28.07644],[-17.22398,28.07555],[-17.22265,28.072],[-17.22116,28.0702],[-17.22055,28.06884],[-17.21842,28.0678],[-17.21753,28.06569],[-17.21729,28.0641],[-17.21647,28.0625],[-17.21555,28.06159],[-17.215,28.0603],[-17.21403,28.05952],[-17.21263,28.05734],[-17.21091,28.05551],[-17.21053,28.05454],[-17.21045,28.05184],[-17.20966,28.05017],[-17.20364,28.04569],[-17.20321,28.04469],[-17.20269,28.04135],[-17.19918,28.03754],[-17.19753,28.03405],[-17.19396,28.03146],[-17.19211,28.02957],[-17.19024,28.02975],[-17.18806,28.0292],[-17.18531,28.02975],[-17.18504,28.0305],[-17.18442,28.03047],[-17.18367,28.03169],[-17.18314,28.0318],[-17.18405,28.03384],[-17.18249,28.03531],[-17.18132,28.03532],[-17.18146,28.03696],[-17.17952,28.03806],[-17.17884,28.03796],[-17.17831,28.03833],[-17.17548,28.03886],[-17.17537,28.03916],[-17.17375,28.03934],[-17.17219,28.03796],[-17.17082,28.03563],[-17.16877,28.03551],[-17.1678,28.03613],[-17.16701,28.03693],[-17.16737,28.03737],[-17.16742,28.0385],[-17.16849,28.03955],[-17.16859,28.04021],[-17.16805,28.04067],[-17.16844,28.04171],[-17.16762,28.04275],[-17.16651,28.04325],[-17.165,28.04305],[-17.16359,28.04235],[-17.16332,28.04249],[-17.16386,28.04288],[-17.16326,28.04347],[-17.1628,28.04348],[-17.16296,28.0441],[-17.16265,28.0449],[-17.16228,28.04513],[-17.16159,28.04454],[-17.161,28.04474],[-17.16126,28.04547],[-17.1608,28.04791],[-17.15923,28.04881],[-17.15679,28.04892],[-17.15688,28.04949],[-17.1565,28.0502],[-17.15608,28.05055],[-17.15519,28.05058],[-17.15482,28.05102],[-17.15474,28.05178],[-17.15505,28.05218],[-17.15467,28.05235],[-17.15471,28.05279],[-17.1539,28.05318],[-17.15302,28.0546],[-17.15235,28.05506],[-17.14992,28.05569],[-17.14944,28.05493],[-17.14864,28.05465],[-17.14805,28.05374],[-17.14766,28.05392],[-17.1476,28.05357],[-17.14727,28.05354],[-17.14693,28.05413],[-17.14575,28.05402],[-17.14537,28.05426],[-17.14532,28.05502],[-17.14405,28.05577],[-17.1444,28.05799],[-17.14383,28.05869],[-17.14469,28.06074],[-17.14189,28.06435],[-17.14147,28.06436],[-17.1411,28.06488],[-17.13917,28.06526],[-17.1386,28.06574],[-17.13875,28.06612],[-17.13795,28.06628],[-17.13783,28.06723],[-17.13617,28.06834],[-17.13501,28.06848],[-17.13428,28.06874],[-17.13398,28.06927],[-17.13331,28.06934],[-17.13243,28.0704],[-17.13174,28.07063],[-17.13035,28.07239],[-17.12817,28.07385],[-17.12454,28.07306],[-17.12378,28.07258],[-17.12036,28.07389],[-17.11926,28.0749],[-17.11791,28.07558],[-17.11715,28.07846],[-17.11661,28.07906],[-17.11502,28.07972],[-17.1137,28.08114],[-17.11355,28.08259],[-17.1127,28.08434],[-17.11226,28.08447],[-17.11356,28.08585],[-17.11361,28.08659],[-17.11201,28.08786],[-17.11227,28.08822],[-17.11196,28.08858],[-17.11045,28.08922],[-17.10996,28.08909],[-17.10998,28.08857],[-17.10837,28.08828],[-17.10991,28.08869],[-17.1095,28.08987],[-17.10742,28.08929],[-17.10791,28.08798],[-17.1075,28.08779],[-17.10788,28.08666],[-17.10765,28.08661],[-17.10843,28.08534],[-17.10817,28.08521],[-17.10986,28.08252],[-17.10968,28.08242],[-17.10779,28.08552],[-17.10684,28.08777],[-17.10599,28.08799],[-17.10596,28.08766],[-17.10541,28.08929],[-17.10456,28.08927],[-17.10585,28.0898],[-17.10536,28.09109],[-17.10435,28.09145],[-17.10131,28.09374],[-17.10056,28.09393],[-17.09963,28.09521],[-17.09852,28.09559],[-17.09922,28.09661],[-17.0988,28.09728],[-17.09912,28.09746],[-17.09896,28.09799],[-17.09934,28.09822],[-17.10003,28.09761],[-17.1007,28.09754],[-17.10159,28.09876],[-17.10157,28.09916],[-17.10079,28.0995],[-17.10166,28.1002],[-17.10091,28.10106],[-17.1011,28.10146],[-17.10084,28.10188],[-17.10163,28.10236],[-17.10198,28.10307],[-17.10182,28.10399],[-17.1025,28.10347],[-17.10356,28.10331],[-17.10432,28.10371],[-17.10431,28.10424],[-17.10382,28.10473],[-17.10443,28.10593],[-17.10425,28.10798],[-17.10377,28.10837],[-17.10414,28.10909],[-17.10386,28.10929],[-17.10416,28.10968],[-17.10408,28.11058],[-17.10535,28.11046],[-17.10587,28.11083],[-17.10557,28.11237],[-17.10372,28.11248],[-17.10317,28.11304],[-17.10243,28.11302],[-17.10166,28.11369],[-17.10139,28.11437],[-17.10296,28.11399],[-17.10394,28.11418],[-17.10527,28.11738],[-17.10513,28.11809],[-17.10475,28.11832],[-17.10526,28.11855],[-17.10507,28.12012],[-17.10523,28.1206],[-17.10567,28.12076],[-17.10612,28.12268],[-17.10581,28.12379],[-17.10348,28.12675],[-17.10346,28.12835],[-17.10465,28.12929],[-17.10602,28.1292],[-17.10705,28.12986],[-17.10924,28.13042],[-17.11046,28.13169],[-17.1099,28.13249],[-17.11116,28.13232],[-17.11143,28.13292],[-17.11254,28.13325],[-17.11352,28.13446],[-17.114,28.13564],[-17.11371,28.13582],[-17.11361,28.13681],[-17.11289,28.13823],[-17.1119,28.13881],[-17.11223,28.13909],[-17.11211,28.13945],[-17.11108,28.14034],[-17.11076,28.14161],[-17.11142,28.14176],[-17.1113,28.14257],[-17.11199,28.14271],[-17.11237,28.14314],[-17.11218,28.14429],[-17.11238,28.14446],[-17.11314,28.14399],[-17.11338,28.14338],[-17.11439,28.14345],[-17.11746,28.14513],[-17.11813,28.14686],[-17.1181,28.14753],[-17.11752,28.14797],[-17.11779,28.14826],[-17.11769,28.14906],[-17.11821,28.14956],[-17.11853,28.15073],[-17.11788,28.15152],[-17.11789,28.15197],[-17.11906,28.1529],[-17.1189,28.15341],[-17.11999,28.15317],[-17.12046,28.15349],[-17.12122,28.15193],[-17.12406,28.15282],[-17.12514,28.15217],[-17.12619,28.15222],[-17.12792,28.15319],[-17.12914,28.15477],[-17.13203,28.15477],[-17.13326,28.15578],[-17.13333,28.15697],[-17.13388,28.1579],[-17.13598,28.15967],[-17.1386,28.16051]]]]}},{"type":"Feature","properties":{"name":"Vallehermoso"},"geometry":{"type":"MultiPolygon","coordinates":[[[[-17.23562,28.20387],[-17.2369,28.20324],[-17.23729,28.20334],[-17.23768,28.20288],[-17.23845,28.20298],[-17.23876,28.2036],[-17.2394,28.20327],[-17.23955,28.20213],[-17.24006,28.2018],[-17.24132,28.20171],[-17.24147,28.20211],[-17.24249,28.20103],[-17.24405,28.20069],[-17.24518,28.20094],[-17.24548,28.20219],[-17.24514,28.20253],[-17.24519,28.20306],[-17.24566,28.2046],[-17.24668,28.20396],[-17.24744,28.20394],[-17.24718,28.20262],[-17.2475,28.20252],[-17.24908,28.20315],[-17.2486,28.20362],[-17.249,28.20451],[-17.25018,28.20403],[-17.25026,28.20333],[-17.25151,28.20295],[-17.25271,28.20368],[-17.25297,28.20457],[-17.25266,28.20498],[-17.25295,28.20539],[-17.25229,28.20583],[-17.25297,28.20619],[-17.25226,28.20689],[-17.25398,28.20698],[-17.25407,28.20761],[-17.25271,28.20781],[-17.25291,28.20801],[-17.25256,28.20856],[-17.2528,28.2086],[-17.25283,28.20914],[-17.25382,28.20972],[-17.25348,28.21001],[-17.25387,28.21059],[-17.25434,28.21058],[-17.25432,28.21087],[-17.25487,28.21124],[-17.25648,28.21062],[-17.25673,28.21125],[-17.25624,28.21139],[-17.2572,28.21128],[-17.25721,28.21192],[-17.25752,28.21179],[-17.25828,28.21219],[-17.25784,28.21261],[-17.26046,28.21337],[-17.26032,28.21479],[-17.26118,28.21567],[-17.26069,28.21618],[-17.26092,28.21673],[-17.26039,28.21717],[-17.26058,28.21789],[-17.26141,28.21785],[-17.26238,28.21703],[-17.26359,28.21728],[-17.26503,28.21701],[-17.26555,28.21716],[-17.26561,28.21769],[-17.26597,28.21784],[-17.26768,28.21704],[-17.2691,28.21766],[-17.27083,28.21739],[-17.27149,28.2167],[-17.27228,28.21491],[-17.27322,28.21429],[-17.27428,28.21475],[-17.27528,28.21578],[-17.27541,28.21607],[-17.27435,28.2163],[-17.27425,28.21657],[-17.27498,28.21764],[-17.27617,28.21795],[-17.27855,28.21695],[-17.2784,28.21581],[-17.27892,28.21518],[-17.27848,28.21499],[-17.27885,28.21456],[-17.27857,28.21388],[-17.27921,28.21341],[-17.27993,28.21412],[-17.2808,28.21337],[-17.281,28.21367],[-17.2812,28.21351],[-17.28087,28.21238],[-17.28134,28.2117],[-17.2817,28.21183],[-17.2818,28.21116],[-17.28312,28.21127],[-17.28332,28.21209],[-17.28374,28.21194],[-17.28375,28.21111],[-17.2846,28.21085],[-17.2853,28.21021],[-17.286,28.21035],[-17.28622,28.21118],[-17.28729,28.21145],[-17.28751,28.21266],[-17.28867,28.21209],[-17.28869,28.21109],[-17.28983,28.20947],[-17.29026,28.20928],[-17.29081,28.20966],[-17.29143,28.20954],[-17.29168,28.20896],[-17.29212,28.20877],[-17.29259,28.2076],[-17.29326,28.20715],[-17.29482,28.20682],[-17.29708,28.20697],[-17.2988,28.20749],[-17.29984,28.20831],[-17.30101,28.2077],[-17.30349,28.20502],[-17.30488,28.2043],[-17.30587,28.20337],[-17.30982,28.20234],[-17.31345,28.20252],[-17.3142,28.20362],[-17.31595,28.20439],[-17.31699,28.20438],[-17.31849,28.20375],[-17.31862,28.20318],[-17.31795,28.20226],[-17.31862,28.20176],[-17.31852,28.20118],[-17.32027,28.20135],[-17.32019,28.20073],[-17.3211,28.20006],[-17.32102,28.19908],[-17.32151,28.19897],[-17.32187,28.19786],[-17.32287,28.1977],[-17.32133,28.19459],[-17.32157,28.19414],[-17.32127,28.19241],[-17.32166,28.19157],[-17.32302,28.19117],[-17.32356,28.1897],[-17.32458,28.18854],[-17.32575,28.18813],[-17.3279,28.18838],[-17.32853,28.18798],[-17.32918,28.18695],[-17.329,28.18599],[-17.32936,28.18532],[-17.32882,28.1851],[-17.32877,28.1845],[-17.32926,28.18441],[-17.32924,28.18374],[-17.33109,28.18325],[-17.33157,28.18256],[-17.33141,28.18228],[-17.33092,28.18244],[-17.33093,28.1822],[-17.33269,28.17991],[-17.33189,28.17964],[-17.33197,28.1792],[-17.33233,28.17911],[-17.33228,28.17802],[-17.33292,28.17792],[-17.3333,28.17638],[-17.33431,28.17553],[-17.33536,28.17547],[-17.33591,28.17453],[-17.33655,28.17471],[-17.33638,28.17443],[-17.33668,28.17371],[-17.33707,28.17347],[-17.33701,28.1727],[-17.3359,28.17227],[-17.33581,28.17032],[-17.33542,28.17009],[-17.33596,28.16883],[-17.33651,28.16873],[-17.33605,28.16656],[-17.33616,28.16614],[-17.33659,28.16597],[-17.33625,28.16537],[-17.33482,28.16439],[-17.3345,28.16304],[-17.33473,28.16268],[-17.33563,28.16247],[-17.33532,28.16198],[-17.33563,28.16163],[-17.3366,28.16094],[-17.33734,28.16088],[-17.33709,28.16006],[-17.33844,28.15999],[-17.33813,28.15908],[-17.33917,28.15771],[-17.33912,28.15685],[-17.34028,28.15651],[-17.34036,28.1561],[-17.34194,28.1559],[-17.34211,28.15539],[-17.34139,28.15461],[-17.34195,28.15435],[-17.34191,28.1539],[-17.33773,28.15168],[-17.33496,28.1519],[-17.33442,28.15252],[-17.333,28.15185],[-17.3314,28.15194],[-17.33055,28.15162],[-17.32964,28.15072],[-17.32667,28.14903],[-17.32027,28.14327],[-17.31919,28.14302],[-17.31769,28.1433],[-17.31693,28.14392],[-17.3146,28.14464],[-17.30983,28.14867],[-17.31005,28.14884],[-17.30982,28.14906],[-17.30741,28.15031],[-17.30655,28.15158],[-17.2958,28.1501],[-17.2932,28.14858],[-17.28807,28.14647],[-17.28547,28.14379],[-17.28504,28.14237],[-17.28146,28.13852],[-17.28159,28.13634],[-17.27991,28.13449],[-17.27945,28.13338],[-17.27756,28.13281],[-17.27196,28.12959],[-17.26822,28.1295],[-17.26585,28.12879],[-17.26688,28.12828],[-17.27021,28.12787],[-17.27182,28.12676],[-17.27324,28.12699],[-17.27542,28.12634],[-17.27783,28.12671],[-17.2794,28.12747],[-17.28126,28.12754],[-17.28263,28.12728],[-17.28426,28.12618],[-17.28493,28.12618],[-17.28608,28.12518],[-17.28701,28.12365],[-17.28786,28.12311],[-17.28814,28.1188],[-17.29379,28.11683],[-17.29425,28.1163],[-17.29903,28.11452],[-17.29907,28.11407],[-17.29977,28.11355],[-17.30186,28.11296],[-17.30517,28.10957],[-17.30693,28.10859],[-17.30889,28.10683],[-17.3102,28.10602],[-17.3116,28.10584],[-17.31193,28.10532],[-17.3135,28.1044],[-17.31448,28.10245],[-17.31642,28.10141],[-17.32031,28.10024],[-17.32264,28.09557],[-17.32394,28.09498],[-17.32491,28.09198],[-17.32499,28.09078],[-17.32598,28.08905],[-17.32616,28.0861],[-17.32561,28.08398],[-17.32722,28.08381],[-17.32735,28.08257],[-17.3296,28.08089],[-17.32817,28.08022],[-17.32458,28.07998],[-17.32336,28.07878],[-17.32262,28.07744],[-17.32107,28.07658],[-17.32038,28.07575],[-17.31947,28.07354],[-17.31945,28.07252],[-17.31905,28.072],[-17.31919,28.07091],[-17.31855,28.0699],[-17.31902,28.06833],[-17.32018,28.06715],[-17.31984,28.06688],[-17.32021,28.06539],[-17.32092,28.06494],[-17.32079,28.06445],[-17.32025,28.06437],[-17.31977,28.0637],[-17.31929,28.06356],[-17.31931,28.06181],[-17.3198,28.0604],[-17.31935,28.05998],[-17.31942,28.05965],[-17.31905,28.05962],[-17.3195,28.05876],[-17.31805,28.05903],[-17.31709,28.05999],[-17.31515,28.05818],[-17.31528,28.0575],[-17.31484,28.05719],[-17.314,28.05734],[-17.31332,28.0571],[-17.31327,28.05594],[-17.31285,28.05556],[-17.31297,28.05517],[-17.31258,28.05507],[-17.3127,28.05415],[-17.31233,28.05372],[-17.31039,28.05223],[-17.30865,28.05185],[-17.30883,28.05147],[-17.30763,28.0514],[-17.30719,28.05178],[-17.30609,28.05197],[-17.30571,28.05187],[-17.30564,28.0515],[-17.30427,28.0516],[-17.30341,28.05119],[-17.30313,28.05066],[-17.30339,28.05003],[-17.30263,28.05003],[-17.30276,28.04954],[-17.30236,28.04954],[-17.30237,28.04911],[-17.30107,28.04915],[-17.29859,28.05005],[-17.29599,28.04821],[-17.29573,28.04753],[-17.29366,28.05292],[-17.29118,28.05527],[-17.29102,28.05566],[-17.29138,28.05687],[-17.29079,28.05805],[-17.28877,28.05926],[-17.28861,28.0599],[-17.28675,28.06013],[-17.28402,28.06171],[-17.28247,28.06369],[-17.28086,28.06503],[-17.28089,28.06569],[-17.27979,28.06594],[-17.27914,28.06666],[-17.27829,28.06797],[-17.2788,28.0689],[-17.27855,28.0692],[-17.27697,28.07016],[-17.2745,28.07091],[-17.27136,28.07401],[-17.26933,28.07538],[-17.26502,28.07723],[-17.26396,28.07958],[-17.26462,28.0807],[-17.26445,28.0812],[-17.26354,28.08185],[-17.26244,28.08213],[-17.26122,28.08334],[-17.25827,28.08535],[-17.25725,28.08647],[-17.25692,28.0877],[-17.25572,28.08972],[-17.25426,28.09079],[-17.25349,28.09213],[-17.25293,28.09622],[-17.24922,28.09756],[-17.24899,28.09992],[-17.24779,28.10186],[-17.24765,28.10404],[-17.24711,28.10483],[-17.24762,28.10564],[-17.24927,28.10694],[-17.2491,28.10814],[-17.24832,28.10995],[-17.24363,28.11153],[-17.24377,28.11423],[-17.2435,28.11515],[-17.24595,28.11704],[-17.24829,28.12123],[-17.24946,28.12201],[-17.25006,28.12296],[-17.25113,28.12339],[-17.25317,28.12663],[-17.25512,28.12557],[-17.25581,28.12572],[-17.25546,28.12704],[-17.25625,28.12755],[-17.25677,28.12837],[-17.25619,28.12916],[-17.25596,28.13022],[-17.25667,28.13096],[-17.25664,28.13153],[-17.25511,28.13271],[-17.25442,28.13285],[-17.25339,28.13383],[-17.25356,28.13485],[-17.25437,28.13642],[-17.25429,28.13713],[-17.25377,28.13846],[-17.2528,28.13975],[-17.25195,28.14334],[-17.25283,28.14434],[-17.25295,28.14492],[-17.25122,28.14691],[-17.25094,28.14841],[-17.25171,28.1505],[-17.2534,28.15108],[-17.25313,28.15293],[-17.25264,28.1539],[-17.2516,28.15488],[-17.2486,28.15625],[-17.24699,28.15633],[-17.24537,28.15733],[-17.24509,28.15828],[-17.24389,28.15936],[-17.24323,28.16183],[-17.24405,28.16179],[-17.2451,28.16243],[-17.24519,28.16306],[-17.24425,28.16469],[-17.24269,28.16546],[-17.24056,28.16772],[-17.2422,28.17205],[-17.24079,28.17233],[-17.23994,28.17378],[-17.23862,28.17394],[-17.2376,28.17767],[-17.23543,28.17804],[-17.23489,28.17859],[-17.23389,28.17892],[-17.2332,28.17967],[-17.23234,28.18251],[-17.23186,28.18258],[-17.23101,28.1838],[-17.23038,28.18399],[-17.22932,28.18518],[-17.22973,28.18727],[-17.2294,28.18749],[-17.22922,28.18874],[-17.22977,28.19042],[-17.23194,28.19194],[-17.23225,28.19262],[-17.23338,28.19351],[-17.23364,28.19466],[-17.23573,28.19562],[-17.23628,28.19692],[-17.23652,28.19894],[-17.2372,28.20038],[-17.23562,28.20387]]],[[[-17.27119,28.21761],[-17.27057,28.21762],[-17.26936,28.21837],[-17.27159,28.21852],[-17.2718,28.21817],[-17.27119,28.21761]]],[[[-17.29981,28.20949],[-17.30047,28.20999],[-17.30051,28.2097],[-17.29981,28.20949]]]]}},{"type":"Feature","properties":{"name":"Tazacorte"},"geometry":{"type":"MultiPolygon","coordinates":[[[[-17.93799,28.66283],[-17.94465,28.65864],[-17.94745,28.65538],[-17.94845,28.65477],[-17.94997,28.65247],[-17.94933,28.65175],[-17.94897,28.65042],[-17.94904,28.65151],[-17.94858,28.65173],[-17.94689,28.65096],[-17.9465,28.65027],[-17.94667,28.64972],[-17.94628,28.64964],[-17.94556,28.64809],[-17.94531,28.64324],[-17.946,28.64288],[-17.94476,28.63842],[-17.94443,28.63851],[-17.945,28.64019],[-17.94468,28.64027],[-17.94484,28.6412],[-17.944,28.64143],[-17.94389,28.64089],[-17.94308,28.64103],[-17.94348,28.64109],[-17.94381,28.64252],[-17.94351,28.64257],[-17.94345,28.64335],[-17.9428,28.64354],[-17.94277,28.64381],[-17.94378,28.6435],[-17.94444,28.64551],[-17.94408,28.64647],[-17.94376,28.64651],[-17.94198,28.64425],[-17.94234,28.64391],[-17.94213,28.64328],[-17.94262,28.64316],[-17.94209,28.64316],[-17.94169,28.64164],[-17.94057,28.64223],[-17.93894,28.64088],[-17.9384,28.63995],[-17.93741,28.63385],[-17.93489,28.63065],[-17.93365,28.62749],[-17.93397,28.62611],[-17.9345,28.62534],[-17.93407,28.6242],[-17.93215,28.62417],[-17.92932,28.62157],[-17.92598,28.61576],[-17.92689,28.61449],[-17.92838,28.61405],[-17.92914,28.61152],[-17.92811,28.60907],[-17.92724,28.60865],[-17.92709,28.60793],[-17.92736,28.60755],[-17.92624,28.60631],[-17.9242,28.60267],[-17.92398,28.60083],[-17.92508,28.59972],[-17.92626,28.59975],[-17.92594,28.59932],[-17.92628,28.59876],[-17.92578,28.59842],[-17.92562,28.59778],[-17.92594,28.59654],[-17.92494,28.59505],[-17.9231,28.59449],[-17.92106,28.59275],[-17.91884,28.59206],[-17.90514,28.59297],[-17.91193,28.61507],[-17.91366,28.62885],[-17.91626,28.63377],[-17.91782,28.63478],[-17.922,28.63608],[-17.92333,28.63722],[-17.92457,28.64009],[-17.92402,28.6405],[-17.92512,28.6446],[-17.92436,28.64578],[-17.92408,28.64763],[-17.92565,28.64861],[-17.92635,28.64817],[-17.93435,28.64721],[-17.93499,28.64748],[-17.93609,28.649],[-17.93828,28.649],[-17.93926,28.64965],[-17.94286,28.65038],[-17.93849,28.65263],[-17.93706,28.65523],[-17.93546,28.65578],[-17.93465,28.65683],[-17.93463,28.65794],[-17.93597,28.65996],[-17.93669,28.65998],[-17.9367,28.66109],[-17.93799,28.66283]]]]}},{"type":"Feature","properties":{"name":"San Juan de la Rambla"},"geometry":{"type":"MultiPolygon","coordinates":[[[[-16.62366,28.39587],[-16.6273,28.39637],[-16.63069,28.39564],[-16.63175,28.39595],[-16.63561,28.39423],[-16.63782,28.3942],[-16.63956,28.39524],[-16.64008,28.39595],[-16.64015,28.39701],[-16.64083,28.39702],[-16.64091,28.39777],[-16.64257,28.39749],[-16.64353,28.39829],[-16.64439,28.39854],[-16.64512,28.39795],[-16.64558,28.39694],[-16.64702,28.39613],[-16.64795,28.39623],[-16.64983,28.39552],[-16.65066,28.39627],[-16.65116,28.39577],[-16.6523,28.39648],[-16.65193,28.39488],[-16.65272,28.39212],[-16.65363,28.3905],[-16.65488,28.3896],[-16.65527,28.38862],[-16.65398,28.38623],[-16.65062,28.383],[-16.6501,28.38205],[-16.64959,28.37837],[-16.6484,28.37702],[-16.64926,28.37401],[-16.64852,28.37209],[-16.64628,28.36929],[-16.64283,28.36806],[-16.64305,28.3658],[-16.64192,28.36564],[-16.64107,28.36437],[-16.64025,28.36398],[-16.6377,28.36007],[-16.63735,28.35882],[-16.63673,28.35851],[-16.63543,28.35686],[-16.63282,28.34936],[-16.63202,28.34781],[-16.63174,28.34605],[-16.63065,28.34443],[-16.63015,28.34163],[-16.61137,28.31243],[-16.60809,28.30687],[-16.59226,28.31466],[-16.59181,28.31595],[-16.59362,28.31831],[-16.59393,28.31962],[-16.5949,28.32058],[-16.59706,28.32546],[-16.59848,28.32615],[-16.60055,28.32811],[-16.60092,28.32951],[-16.60315,28.33228],[-16.60321,28.33334],[-16.60554,28.33598],[-16.60643,28.33777],[-16.60776,28.34205],[-16.60997,28.34627],[-16.61147,28.34756],[-16.61414,28.35142],[-16.61551,28.35268],[-16.61672,28.35325],[-16.61765,28.35553],[-16.61933,28.35759],[-16.61918,28.35954],[-16.62063,28.36512],[-16.62118,28.36586],[-16.62215,28.36616],[-16.62339,28.36717],[-16.62306,28.36807],[-16.62357,28.36902],[-16.62294,28.36938],[-16.62298,28.36974],[-16.62422,28.37101],[-16.62403,28.37355],[-16.6253,28.37868],[-16.6254,28.38182],[-16.62632,28.38302],[-16.62586,28.384],[-16.62656,28.38533],[-16.62628,28.38664],[-16.62667,28.38835],[-16.62589,28.39232],[-16.62401,28.39433],[-16.62366,28.39587]]],[[[-16.64851,28.39652],[-16.64821,28.39694],[-16.64869,28.39713],[-16.64851,28.39652]]]]}},{"type":"Feature","properties":{"name":"Tegueste"},"geometry":{"type":"MultiPolygon","coordinates":[[[[-16.32911,28.50832],[-16.32768,28.50883],[-16.32441,28.51182],[-16.32194,28.51056],[-16.32048,28.50843],[-16.31785,28.50834],[-16.31563,28.50867],[-16.31596,28.51011],[-16.31376,28.5109],[-16.30753,28.51212],[-16.30605,28.51396],[-16.29988,28.51948],[-16.29898,28.52226],[-16.29773,28.52346],[-16.29766,28.52461],[-16.29692,28.526],[-16.29493,28.5277],[-16.29557,28.52996],[-16.29385,28.53068],[-16.29297,28.5322],[-16.29231,28.53263],[-16.29318,28.53463],[-16.2936,28.53487],[-16.2968,28.5345],[-16.29886,28.53503],[-16.30295,28.53735],[-16.30367,28.53828],[-16.3069,28.5387],[-16.30773,28.53937],[-16.3088,28.53894],[-16.31012,28.53912],[-16.31254,28.54005],[-16.3143,28.54146],[-16.31562,28.54087],[-16.31703,28.54125],[-16.31944,28.54105],[-16.32132,28.54308],[-16.32307,28.54265],[-16.32456,28.54279],[-16.32805,28.5439],[-16.32944,28.54509],[-16.335,28.54592],[-16.33668,28.54545],[-16.33858,28.54564],[-16.342,28.54506],[-16.34135,28.54259],[-16.34414,28.54136],[-16.34452,28.54046],[-16.34826,28.53604],[-16.34939,28.53547],[-16.35206,28.53065],[-16.35111,28.52899],[-16.3529,28.52778],[-16.3575,28.52613],[-16.36408,28.52197],[-16.37203,28.51768],[-16.37201,28.51639],[-16.37263,28.51492],[-16.37201,28.51403],[-16.37224,28.51279],[-16.37167,28.51132],[-16.37164,28.50989],[-16.37216,28.50887],[-16.37167,28.50802],[-16.37172,28.50702],[-16.37263,28.50572],[-16.37215,28.504],[-16.37298,28.50196],[-16.37185,28.50119],[-16.37167,28.49964],[-16.37108,28.499],[-16.36676,28.49721],[-16.36512,28.49708],[-16.36344,28.49525],[-16.36308,28.49388],[-16.36232,28.49296],[-16.3597,28.49301],[-16.35891,28.49188],[-16.35868,28.49075],[-16.35789,28.49045],[-16.35542,28.49045],[-16.3496,28.49335],[-16.34847,28.49451],[-16.34784,28.49572],[-16.34464,28.49774],[-16.34009,28.49954],[-16.33828,28.50137],[-16.33587,28.50266],[-16.33527,28.50458],[-16.32911,28.50832]]]]}},{"type":"Feature","properties":{"name":"Moya"},"geometry":{"type":"MultiPolygon","coordinates":[[[[-15.61865,28.03863],[-15.618,28.03806],[-15.61794,28.03754],[-15.61848,28.03612],[-15.61852,28.03507],[-15.61903,28.03428],[-15.61747,28.03261],[-15.61768,28.0302],[-15.61671,28.02733],[-15.61627,28.02684],[-15.61623,28.02296],[-15.6159,28.02257],[-15.61605,28.02127],[-15.61728,28.0209],[-15.61555,28.01938],[-15.61383,28.01866],[-15.6123,28.02082],[-15.61218,28.0222],[-15.6115,28.02313],[-15.61044,28.02672],[-15.60725,28.03017],[-15.60698,28.03184],[-15.60515,28.03448],[-15.60457,28.03592],[-15.60234,28.03733],[-15.60137,28.0384],[-15.60035,28.03881],[-15.59914,28.04029],[-15.59895,28.04194],[-15.59989,28.04299],[-15.59876,28.04478],[-15.59796,28.04544],[-15.59689,28.04537],[-15.59712,28.046],[-15.59885,28.04727],[-15.59844,28.04868],[-15.59716,28.0495],[-15.59715,28.05009],[-15.59602,28.05133],[-15.59634,28.05208],[-15.59512,28.05428],[-15.59567,28.05463],[-15.59557,28.0567],[-15.59501,28.05702],[-15.59348,28.05677],[-15.59168,28.0573],[-15.59134,28.05822],[-15.59208,28.05905],[-15.59203,28.05982],[-15.59145,28.0605],[-15.59124,28.06177],[-15.59011,28.06297],[-15.59013,28.06423],[-15.58916,28.06538],[-15.58953,28.06591],[-15.58881,28.06726],[-15.58895,28.06771],[-15.59004,28.06695],[-15.5907,28.06714],[-15.59015,28.06745],[-15.58965,28.06892],[-15.58807,28.07016],[-15.58645,28.07252],[-15.58486,28.07303],[-15.58431,28.0745],[-15.58327,28.07542],[-15.58111,28.0758],[-15.58033,28.07639],[-15.57939,28.07632],[-15.579,28.07734],[-15.57711,28.07788],[-15.57751,28.07833],[-15.57743,28.08059],[-15.57785,28.08107],[-15.57776,28.08279],[-15.57676,28.08379],[-15.57735,28.08518],[-15.576,28.08767],[-15.57404,28.09026],[-15.57536,28.0911],[-15.57453,28.09218],[-15.5745,28.09316],[-15.5739,28.09374],[-15.57272,28.09389],[-15.57299,28.09434],[-15.57458,28.09494],[-15.57585,28.09485],[-15.57618,28.09617],[-15.57569,28.09727],[-15.57537,28.09646],[-15.57266,28.09578],[-15.57113,28.09632],[-15.57155,28.09758],[-15.57204,28.0976],[-15.57283,28.09689],[-15.57439,28.09741],[-15.57423,28.09854],[-15.57484,28.09893],[-15.57398,28.09953],[-15.57364,28.10146],[-15.57327,28.10191],[-15.57349,28.10322],[-15.57297,28.10413],[-15.57294,28.10551],[-15.57223,28.10632],[-15.5721,28.10714],[-15.57102,28.10731],[-15.57054,28.10772],[-15.57154,28.10962],[-15.57091,28.11007],[-15.57037,28.11133],[-15.57056,28.1119],[-15.56957,28.11335],[-15.56747,28.11513],[-15.56589,28.11521],[-15.56559,28.11548],[-15.56554,28.11701],[-15.56417,28.11818],[-15.56368,28.12048],[-15.56276,28.12129],[-15.56315,28.12241],[-15.5622,28.12307],[-15.56251,28.12417],[-15.56166,28.12476],[-15.56261,28.12551],[-15.56179,28.12591],[-15.56072,28.12545],[-15.5604,28.12584],[-15.5617,28.12774],[-15.56094,28.12898],[-15.56132,28.13001],[-15.56071,28.13081],[-15.56162,28.13188],[-15.56053,28.13196],[-15.56033,28.13222],[-15.56136,28.13413],[-15.56295,28.13398],[-15.56317,28.13419],[-15.56284,28.13564],[-15.56302,28.13593],[-15.56464,28.13632],[-15.5642,28.13722],[-15.5643,28.1384],[-15.56406,28.13895],[-15.55909,28.14153],[-15.55879,28.14462],[-15.5594,28.1471],[-15.56012,28.14695],[-15.5619,28.1458],[-15.56416,28.14568],[-15.56595,28.14618],[-15.56727,28.14599],[-15.56887,28.14475],[-15.57034,28.14437],[-15.57298,28.14497],[-15.57308,28.14544],[-15.57348,28.14543],[-15.57388,28.14418],[-15.57525,28.14378],[-15.57611,28.14389],[-15.57663,28.14468],[-15.57706,28.14473],[-15.57783,28.14429],[-15.58054,28.14417],[-15.58276,28.14517],[-15.58465,28.1455],[-15.58719,28.14734],[-15.58863,28.14734],[-15.58817,28.14574],[-15.58695,28.1441],[-15.58719,28.14272],[-15.59056,28.13866],[-15.5916,28.13841],[-15.59131,28.13772],[-15.59057,28.1373],[-15.59151,28.13584],[-15.5914,28.13499],[-15.59033,28.13361],[-15.59029,28.13273],[-15.59117,28.13139],[-15.59044,28.12998],[-15.5897,28.12979],[-15.58965,28.12923],[-15.59017,28.12822],[-15.58936,28.12713],[-15.58978,28.12642],[-15.58947,28.12479],[-15.58958,28.12246],[-15.59002,28.12158],[-15.58966,28.12027],[-15.5909,28.11901],[-15.59061,28.11701],[-15.58986,28.11606],[-15.58949,28.11422],[-15.5881,28.113],[-15.58719,28.11263],[-15.58692,28.1109],[-15.58554,28.10864],[-15.58535,28.10799],[-15.58578,28.10726],[-15.58577,28.10602],[-15.58726,28.10273],[-15.5874,28.10163],[-15.58848,28.10186],[-15.58955,28.10107],[-15.58952,28.1007],[-15.5921,28.10006],[-15.59152,28.09875],[-15.59243,28.09749],[-15.59316,28.09735],[-15.59415,28.09602],[-15.59455,28.09571],[-15.59594,28.09591],[-15.59687,28.0952],[-15.59796,28.09534],[-15.59861,28.09475],[-15.59875,28.09393],[-15.60011,28.09267],[-15.60122,28.0933],[-15.60179,28.09314],[-15.60195,28.09155],[-15.60143,28.09066],[-15.60155,28.09024],[-15.60233,28.08996],[-15.60275,28.09021],[-15.60343,28.08891],[-15.6049,28.08883],[-15.60501,28.08772],[-15.60584,28.08747],[-15.60598,28.08674],[-15.60703,28.08618],[-15.60824,28.08451],[-15.60842,28.08369],[-15.60927,28.08356],[-15.6096,28.08304],[-15.60992,28.08226],[-15.6099,28.08098],[-15.6105,28.08072],[-15.61015,28.08004],[-15.61139,28.08],[-15.61141,28.07901],[-15.61234,28.07815],[-15.61256,28.07697],[-15.61377,28.07586],[-15.61363,28.07504],[-15.61545,28.07456],[-15.61539,28.07398],[-15.61607,28.07353],[-15.61613,28.07238],[-15.61724,28.07194],[-15.61783,28.07095],[-15.62023,28.06881],[-15.62054,28.06804],[-15.62214,28.06717],[-15.62234,28.06457],[-15.62154,28.06305],[-15.62214,28.06253],[-15.62214,28.06195],[-15.62292,28.06062],[-15.62232,28.06025],[-15.62202,28.05911],[-15.62168,28.05887],[-15.62176,28.05789],[-15.62261,28.0576],[-15.62282,28.05631],[-15.62395,28.05567],[-15.62452,28.05386],[-15.624,28.05294],[-15.62412,28.05221],[-15.62338,28.0516],[-15.62301,28.0507],[-15.6231,28.0499],[-15.6226,28.04959],[-15.6227,28.04868],[-15.62182,28.04459],[-15.62185,28.04311],[-15.61888,28.03997],[-15.61865,28.03863]]]]}},{"type":"Feature","properties":{"name":"Valverde"},"geometry":{"type":"MultiPolygon","coordinates":[[[[-17.99515,27.82422],[-17.99485,27.82352],[-17.9946,27.82367],[-17.99515,27.82422]]],[[[-17.99317,27.82544],[-17.99299,27.82473],[-17.99275,27.82493],[-17.99317,27.82544]]],[[[-17.89478,27.83388],[-17.89527,27.83328],[-17.89501,27.83324],[-17.89478,27.83388]]],[[[-17.99208,27.82202],[-17.99113,27.82169],[-17.988,27.81932],[-17.98686,27.81639],[-17.98573,27.81556],[-17.98486,27.8154],[-17.98413,27.81451],[-17.98348,27.81331],[-17.98337,27.81085],[-17.98076,27.809],[-17.98065,27.80628],[-17.97951,27.80375],[-17.98008,27.79971],[-17.97868,27.79674],[-17.97887,27.79368],[-17.98002,27.79116],[-17.9805,27.78897],[-17.98158,27.78778],[-17.98206,27.78671],[-17.98297,27.78355],[-17.98538,27.78102],[-17.98543,27.7797],[-17.98606,27.77906],[-17.98776,27.773],[-17.98743,27.7726],[-17.98504,27.7716],[-17.98387,27.77054],[-17.9827,27.76827],[-17.98158,27.76499],[-17.9811,27.76443],[-17.98101,27.76239],[-17.97919,27.75967],[-17.97903,27.75875],[-17.97987,27.75781],[-17.98052,27.75575],[-17.98215,27.7542],[-17.98422,27.75098],[-17.9868,27.74869],[-17.98685,27.74693],[-17.98874,27.74499],[-17.98927,27.74367],[-17.99188,27.74267],[-17.99258,27.74192],[-17.99279,27.73984],[-17.99452,27.7391],[-17.99598,27.73898],[-17.998,27.73727],[-18.00027,27.73643],[-18.00856,27.732],[-18.01031,27.73041],[-18.01511,27.7281],[-18.01828,27.72894],[-18.0196,27.72836],[-18.02245,27.72874],[-18.02506,27.72817],[-18.02475,27.7272],[-18.01945,27.72617],[-18.00421,27.72553],[-17.99083,27.7278],[-17.98388,27.72848],[-17.97724,27.73007],[-17.97483,27.73258],[-17.97131,27.71899],[-17.9689,27.7169],[-17.96066,27.69256],[-17.95997,27.69196],[-17.9588,27.69249],[-17.95906,27.69307],[-17.95983,27.69348],[-17.95916,27.69432],[-17.95955,27.69493],[-17.95832,27.69529],[-17.95868,27.69641],[-17.9584,27.69684],[-17.95956,27.69821],[-17.95952,27.69941],[-17.95915,27.70017],[-17.95947,27.70017],[-17.95958,27.70052],[-17.95934,27.70247],[-17.95954,27.7038],[-17.95898,27.70653],[-17.95736,27.70982],[-17.95826,27.71242],[-17.95804,27.7171],[-17.95733,27.71957],[-17.9541,27.72287],[-17.95213,27.72568],[-17.95069,27.72664],[-17.94883,27.7287],[-17.94573,27.72904],[-17.94426,27.73006],[-17.94241,27.73046],[-17.94029,27.7294],[-17.94007,27.72838],[-17.9384,27.72851],[-17.9372,27.7277],[-17.93579,27.72851],[-17.93167,27.72855],[-17.93165,27.72886],[-17.93059,27.72913],[-17.93064,27.72942],[-17.92887,27.73053],[-17.92881,27.73108],[-17.92823,27.73147],[-17.92836,27.7317],[-17.92726,27.73184],[-17.92735,27.7322],[-17.92687,27.73244],[-17.92669,27.73465],[-17.92627,27.735],[-17.92517,27.73508],[-17.92521,27.73533],[-17.92673,27.7359],[-17.92685,27.73622],[-17.92609,27.73703],[-17.92659,27.73689],[-17.92677,27.73721],[-17.92541,27.74033],[-17.9258,27.74112],[-17.92576,27.74214],[-17.92503,27.74374],[-17.92414,27.74456],[-17.92452,27.74482],[-17.92435,27.74517],[-17.92389,27.74525],[-17.92391,27.74703],[-17.92312,27.74765],[-17.92306,27.74809],[-17.92248,27.74814],[-17.9228,27.74877],[-17.92261,27.74904],[-17.92191,27.74924],[-17.92103,27.75073],[-17.91956,27.752],[-17.9197,27.75255],[-17.91903,27.7546],[-17.91846,27.75541],[-17.91771,27.75567],[-17.91755,27.75642],[-17.91679,27.757],[-17.9168,27.7576],[-17.91482,27.75975],[-17.91488,27.76037],[-17.91388,27.7613],[-17.91368,27.7621],[-17.91269,27.76222],[-17.91292,27.76272],[-17.91256,27.76291],[-17.91256,27.76339],[-17.91169,27.76409],[-17.91084,27.76417],[-17.91094,27.76462],[-17.91053,27.76472],[-17.91019,27.7643],[-17.90983,27.76475],[-17.91021,27.76513],[-17.90957,27.76542],[-17.90994,27.76593],[-17.91056,27.76568],[-17.91031,27.7659],[-17.91075,27.76702],[-17.91041,27.76707],[-17.91051,27.76727],[-17.91385,27.76895],[-17.91444,27.76984],[-17.91426,27.77068],[-17.91308,27.77081],[-17.91263,27.77124],[-17.91161,27.77147],[-17.90898,27.7738],[-17.90709,27.77782],[-17.90646,27.77865],[-17.90537,27.77899],[-17.90489,27.77963],[-17.9051,27.77973],[-17.90471,27.78085],[-17.90501,27.78178],[-17.90413,27.78416],[-17.90345,27.78458],[-17.90156,27.78446],[-17.90279,27.78481],[-17.90268,27.7854],[-17.90171,27.78598],[-17.90093,27.78585],[-17.90128,27.7841],[-17.90166,27.78404],[-17.90101,27.78395],[-17.90135,27.78057],[-17.90107,27.78053],[-17.90032,27.78522],[-17.89948,27.78662],[-17.89985,27.78701],[-17.89939,27.78737],[-17.89903,27.78724],[-17.89801,27.78612],[-17.89783,27.7867],[-17.89665,27.78697],[-17.89619,27.78767],[-17.89577,27.78761],[-17.89551,27.78822],[-17.89653,27.78814],[-17.89668,27.78861],[-17.89598,27.78897],[-17.89567,27.78983],[-17.89526,27.78982],[-17.89519,27.79085],[-17.89457,27.79094],[-17.89412,27.79196],[-17.89351,27.79217],[-17.89309,27.79183],[-17.89174,27.79325],[-17.89217,27.79441],[-17.89144,27.79453],[-17.89102,27.79513],[-17.89094,27.79589],[-17.88995,27.79721],[-17.89008,27.7978],[-17.88958,27.79837],[-17.88971,27.79857],[-17.88904,27.79887],[-17.88874,27.79993],[-17.88737,27.80051],[-17.88559,27.80037],[-17.88461,27.80133],[-17.88339,27.80366],[-17.88313,27.80513],[-17.88339,27.80528],[-17.88353,27.80681],[-17.8828,27.80724],[-17.88427,27.80781],[-17.88347,27.80863],[-17.88329,27.80933],[-17.88321,27.81082],[-17.88352,27.81101],[-17.88317,27.81155],[-17.8837,27.81183],[-17.88347,27.81218],[-17.88374,27.81253],[-17.88349,27.81326],[-17.88393,27.81319],[-17.8839,27.8136],[-17.88514,27.81524],[-17.88502,27.81551],[-17.88547,27.81545],[-17.88545,27.81629],[-17.88629,27.81704],[-17.88635,27.81771],[-17.88661,27.8175],[-17.88716,27.81781],[-17.88682,27.81829],[-17.88853,27.81876],[-17.8888,27.81991],[-17.88958,27.82061],[-17.89032,27.82024],[-17.89044,27.82091],[-17.89099,27.82105],[-17.89186,27.822],[-17.89235,27.8219],[-17.89261,27.8227],[-17.89348,27.8223],[-17.89401,27.82391],[-17.89526,27.8236],[-17.89576,27.82391],[-17.89523,27.82434],[-17.89379,27.82449],[-17.89379,27.8253],[-17.89261,27.82585],[-17.89253,27.82616],[-17.89373,27.82719],[-17.89387,27.82764],[-17.89337,27.82821],[-17.8937,27.82891],[-17.89353,27.82955],[-17.89386,27.82967],[-17.89358,27.8301],[-17.89413,27.83016],[-17.89381,27.83087],[-17.89426,27.83077],[-17.8947,27.83145],[-17.89386,27.83227],[-17.89509,27.8323],[-17.89514,27.83267],[-17.89545,27.83269],[-17.89674,27.83231],[-17.89767,27.83289],[-17.89781,27.83357],[-17.89877,27.83347],[-17.89866,27.83427],[-17.89906,27.83479],[-17.89909,27.83585],[-17.89882,27.83682],[-17.89931,27.8361],[-17.90002,27.83663],[-17.8997,27.83723],[-17.90021,27.83688],[-17.90035,27.83712],[-17.90077,27.83694],[-17.90143,27.83721],[-17.90146,27.83752],[-17.90179,27.83724],[-17.90312,27.83766],[-17.90277,27.83859],[-17.9034,27.83935],[-17.9037,27.84072],[-17.90184,27.84161],[-17.90215,27.84184],[-17.9027,27.84157],[-17.90253,27.84209],[-17.90331,27.84217],[-17.90389,27.84146],[-17.905,27.84091],[-17.90616,27.841],[-17.90648,27.84132],[-17.90628,27.84176],[-17.90718,27.84238],[-17.90734,27.84309],[-17.908,27.84244],[-17.90902,27.84252],[-17.90953,27.8435],[-17.90999,27.84375],[-17.91067,27.84276],[-17.91152,27.84259],[-17.91228,27.84316],[-17.91224,27.84357],[-17.91315,27.84349],[-17.91272,27.84406],[-17.91292,27.84463],[-17.91336,27.84432],[-17.91341,27.84342],[-17.91415,27.84332],[-17.91462,27.84364],[-17.91458,27.84398],[-17.91573,27.84396],[-17.91592,27.84524],[-17.91564,27.84556],[-17.91601,27.84549],[-17.91616,27.84577],[-17.91682,27.84535],[-17.91687,27.84602],[-17.9164,27.84681],[-17.917,27.84665],[-17.91718,27.8479],[-17.91784,27.84765],[-17.91863,27.84779],[-17.91916,27.84712],[-17.91948,27.84773],[-17.92013,27.84753],[-17.92068,27.84786],[-17.92144,27.84775],[-17.92151,27.84717],[-17.92281,27.84886],[-17.92349,27.84901],[-17.9236,27.84823],[-17.9237,27.84891],[-17.92498,27.84927],[-17.92614,27.84914],[-17.92636,27.84834],[-17.92669,27.84842],[-17.92653,27.84903],[-17.92699,27.84871],[-17.92861,27.84894],[-17.92893,27.84862],[-17.9293,27.849],[-17.9301,27.84821],[-17.92987,27.84798],[-17.93012,27.84707],[-17.93195,27.84789],[-17.93262,27.84851],[-17.93356,27.84844],[-17.93355,27.84876],[-17.93404,27.84867],[-17.93412,27.84812],[-17.93456,27.84811],[-17.93491,27.84858],[-17.93537,27.84841],[-17.93548,27.84798],[-17.93589,27.84838],[-17.93583,27.84757],[-17.93697,27.84827],[-17.93703,27.84776],[-17.93646,27.84762],[-17.9366,27.84709],[-17.93739,27.84698],[-17.93736,27.8475],[-17.9377,27.84773],[-17.93794,27.84696],[-17.9372,27.84677],[-17.93745,27.84626],[-17.93789,27.84628],[-17.93775,27.84598],[-17.93939,27.84595],[-17.93967,27.84669],[-17.93999,27.84667],[-17.9398,27.84595],[-17.94092,27.84559],[-17.94156,27.84583],[-17.94191,27.84514],[-17.94232,27.84522],[-17.94314,27.84459],[-17.94299,27.84399],[-17.94386,27.84362],[-17.94387,27.84326],[-17.94426,27.84347],[-17.94431,27.8428],[-17.94479,27.84239],[-17.94457,27.84207],[-17.94519,27.84248],[-17.94521,27.84102],[-17.94605,27.84034],[-17.94635,27.84033],[-17.94644,27.84082],[-17.94704,27.84087],[-17.94742,27.84034],[-17.94762,27.84063],[-17.94775,27.84037],[-17.9503,27.84051],[-17.95109,27.84106],[-17.95164,27.84092],[-17.95186,27.84128],[-17.95203,27.84099],[-17.95353,27.84118],[-17.95363,27.84089],[-17.95515,27.84203],[-17.9562,27.84112],[-17.95721,27.84105],[-17.9579,27.84161],[-17.95946,27.84029],[-17.95964,27.83925],[-17.96001,27.83898],[-17.96154,27.83926],[-17.96164,27.8389],[-17.96216,27.83924],[-17.96253,27.83891],[-17.96306,27.83939],[-17.96362,27.83773],[-17.9634,27.83671],[-17.9637,27.83572],[-17.96424,27.83547],[-17.96518,27.8358],[-17.9655,27.83562],[-17.9651,27.83464],[-17.96532,27.83438],[-17.9658,27.83449],[-17.96585,27.83414],[-17.96647,27.83438],[-17.96609,27.83385],[-17.9675,27.83202],[-17.96868,27.83179],[-17.96856,27.83107],[-17.96922,27.83107],[-17.97062,27.8298],[-17.97156,27.82948],[-17.97214,27.82802],[-17.97193,27.82762],[-17.97253,27.82726],[-17.97687,27.82546],[-17.98205,27.82457],[-17.98277,27.82531],[-17.98304,27.82494],[-17.98294,27.82387],[-17.98378,27.8227],[-17.98453,27.82232],[-17.9856,27.82238],[-17.98767,27.82133],[-17.98852,27.8212],[-17.98886,27.82203],[-17.99142,27.82239],[-17.99159,27.82263],[-17.99208,27.82202]]],[[[-17.94937,27.84092],[-17.94898,27.84105],[-17.94912,27.84142],[-17.94937,27.84092]]],[[[-17.94855,27.84139],[-17.9488,27.8411],[-17.94857,27.84096],[-17.94855,27.84139]]],[[[-17.94389,27.8446],[-17.94355,27.8445],[-17.94329,27.84479],[-17.94359,27.84537],[-17.94372,27.84483],[-17.94414,27.84476],[-17.94389,27.8446]]]]}},{"type":"Feature","properties":{"name":"Los Llanos de Aridane"},"geometry":{"type":"MultiPolygon","coordinates":[[[[-17.93799,28.66283],[-17.9367,28.66109],[-17.93669,28.65998],[-17.93597,28.65996],[-17.93463,28.65794],[-17.93465,28.65683],[-17.93546,28.65578],[-17.93706,28.65523],[-17.93849,28.65263],[-17.94286,28.65038],[-17.93926,28.64965],[-17.93828,28.649],[-17.93609,28.649],[-17.93499,28.64748],[-17.93435,28.64721],[-17.92635,28.64817],[-17.92565,28.64861],[-17.92408,28.64763],[-17.92436,28.64578],[-17.92512,28.6446],[-17.92402,28.6405],[-17.92457,28.64009],[-17.92333,28.63722],[-17.922,28.63608],[-17.91782,28.63478],[-17.91626,28.63377],[-17.91366,28.62885],[-17.91193,28.61507],[-17.90514,28.59297],[-17.91884,28.59206],[-17.91845,28.592],[-17.91795,28.59099],[-17.91702,28.59109],[-17.91653,28.59049],[-17.91541,28.59024],[-17.91264,28.58736],[-17.91209,28.58735],[-17.91092,28.5862],[-17.91003,28.5843],[-17.90998,28.58255],[-17.91028,28.58177],[-17.90863,28.58143],[-17.90794,28.58043],[-17.9076,28.5798],[-17.90759,28.5783],[-17.90656,28.57774],[-17.90689,28.57691],[-17.90669,28.57605],[-17.90701,28.57587],[-17.90688,28.57559],[-17.90593,28.57573],[-17.90567,28.57544],[-17.90539,28.57474],[-17.90553,28.57394],[-17.90307,28.57265],[-17.90245,28.57291],[-17.9023,28.57237],[-17.90044,28.57273],[-17.90014,28.57211],[-17.89991,28.57227],[-17.8993,28.57189],[-17.89887,28.57096],[-17.89904,28.57075],[-17.89867,28.5699],[-17.89888,28.56963],[-17.898,28.5688],[-17.89809,28.56711],[-17.89852,28.56707],[-17.89845,28.56684],[-17.89724,28.56503],[-17.89577,28.56388],[-17.89547,28.56328],[-17.89569,28.5626],[-17.89517,28.56257],[-17.89563,28.56215],[-17.89547,28.56185],[-17.89511,28.56186],[-17.89528,28.56162],[-17.8945,28.56115],[-17.89418,28.56046],[-17.89379,28.56055],[-17.8939,28.55995],[-17.89353,28.55984],[-17.8938,28.55954],[-17.89369,28.55859],[-17.89331,28.55816],[-17.8936,28.55762],[-17.89327,28.55754],[-17.89362,28.55727],[-17.89213,28.55579],[-17.89128,28.55387],[-17.88997,28.55368],[-17.88961,28.55333],[-17.88885,28.55138],[-17.88837,28.55121],[-17.88776,28.55161],[-17.88668,28.55133],[-17.8853,28.55147],[-17.88054,28.55352],[-17.87773,28.55345],[-17.87465,28.55473],[-17.87659,28.55915],[-17.87571,28.5637],[-17.87659,28.56469],[-17.87714,28.56731],[-17.87712,28.56972],[-17.87774,28.57176],[-17.87962,28.57513],[-17.8792,28.57643],[-17.87973,28.57709],[-17.88057,28.57749],[-17.88052,28.57854],[-17.87952,28.58007],[-17.87953,28.58185],[-17.88089,28.58374],[-17.88062,28.58796],[-17.8809,28.58951],[-17.88014,28.59026],[-17.88024,28.59137],[-17.87959,28.59208],[-17.87974,28.59341],[-17.87914,28.59415],[-17.8792,28.59542],[-17.88049,28.59647],[-17.88101,28.59805],[-17.88161,28.60367],[-17.88285,28.60515],[-17.88394,28.60974],[-17.8835,28.6127],[-17.88354,28.61468],[-17.88568,28.61673],[-17.88599,28.61798],[-17.88522,28.61917],[-17.88533,28.62064],[-17.88601,28.62189],[-17.88501,28.62467],[-17.88577,28.62775],[-17.8868,28.62929],[-17.88874,28.63343],[-17.89171,28.63312],[-17.89283,28.63357],[-17.89768,28.64182],[-17.89752,28.64282],[-17.89781,28.64487],[-17.9004,28.64647],[-17.90052,28.64793],[-17.9016,28.64938],[-17.9011,28.65004],[-17.90108,28.65074],[-17.90228,28.65232],[-17.9019,28.65282],[-17.90414,28.65352],[-17.90525,28.65458],[-17.90403,28.65611],[-17.90103,28.65714],[-17.89873,28.65755],[-17.89768,28.65811],[-17.89579,28.65746],[-17.89387,28.65735],[-17.89285,28.65686],[-17.89119,28.65773],[-17.89095,28.65865],[-17.88961,28.65907],[-17.89038,28.66019],[-17.89038,28.66088],[-17.89103,28.66121],[-17.89125,28.66181],[-17.89295,28.66226],[-17.89653,28.66135],[-17.89838,28.66247],[-17.90086,28.66321],[-17.90302,28.66457],[-17.90394,28.66639],[-17.90503,28.66705],[-17.90527,28.66779],[-17.90448,28.66933],[-17.90924,28.6706],[-17.91014,28.67133],[-17.91125,28.67298],[-17.91243,28.67183],[-17.91456,28.67058],[-17.91795,28.66954],[-17.91938,28.66939],[-17.91948,28.66998],[-17.92078,28.67122],[-17.92137,28.67087],[-17.92163,28.66979],[-17.92249,28.66899],[-17.92343,28.66707],[-17.92418,28.66836],[-17.92396,28.66904],[-17.92517,28.67078],[-17.92683,28.67116],[-17.92721,28.672],[-17.92802,28.67179],[-17.92824,28.67232],[-17.92439,28.67523],[-17.93087,28.67273],[-17.93799,28.66283]]]]}},{"type":"Feature","properties":{"name":"Tías"},"geometry":{"type":"MultiPolygon","coordinates":[[[[-13.70046,28.9179],[-13.70012,28.91675],[-13.70539,28.91582],[-13.70689,28.91528],[-13.69999,28.91658],[-13.70009,28.91742],[-13.69925,28.91779],[-13.69781,28.91819],[-13.69451,28.91834],[-13.69274,28.91929],[-13.6909,28.91978],[-13.68939,28.9199],[-13.68537,28.91913],[-13.6849,28.91953],[-13.68334,28.91953],[-13.68279,28.92009],[-13.68162,28.92056],[-13.681,28.92025],[-13.68022,28.92032],[-13.67896,28.92126],[-13.67603,28.92158],[-13.67334,28.92155],[-13.67293,28.92137],[-13.67367,28.92042],[-13.67498,28.92042],[-13.67379,28.92021],[-13.67181,28.92055],[-13.67013,28.9192],[-13.66925,28.91924],[-13.66913,28.91888],[-13.66875,28.91899],[-13.66813,28.9185],[-13.66752,28.91918],[-13.66623,28.91868],[-13.66533,28.91949],[-13.65737,28.91989],[-13.65601,28.91976],[-13.65426,28.91863],[-13.65182,28.91887],[-13.64843,28.91988],[-13.64717,28.91975],[-13.64613,28.91936],[-13.64604,28.91907],[-13.64531,28.91927],[-13.64489,28.91904],[-13.64461,28.91944],[-13.64355,28.9192],[-13.64244,28.91987],[-13.64091,28.92009],[-13.63925,28.92081],[-13.63771,28.92338],[-13.63552,28.9257],[-13.63238,28.92766],[-13.63015,28.92811],[-13.62837,28.92672],[-13.62608,28.92677],[-13.62548,28.92726],[-13.62512,28.92834],[-13.62421,28.92908],[-13.62218,28.93022],[-13.62081,28.93057],[-13.61938,28.93172],[-13.61701,28.93124],[-13.61614,28.93039],[-13.61581,28.93041],[-13.61366,28.93274],[-13.61212,28.93355],[-13.61171,28.93415],[-13.61119,28.93443],[-13.60922,28.93401],[-13.60861,28.93436],[-13.60894,28.93578],[-13.60847,28.937],[-13.60673,28.94015],[-13.60494,28.94183],[-13.62551,28.96764],[-13.63114,28.97248],[-13.63711,28.98019],[-13.63783,28.98198],[-13.64165,28.98555],[-13.6437,28.98834],[-13.64606,28.99245],[-13.64689,28.9959],[-13.64771,28.99764],[-13.64767,29.00032],[-13.65113,29.00508],[-13.6511,29.00571],[-13.65257,29.00647],[-13.66001,29.00665],[-13.66001,29.00693],[-13.67913,28.99479],[-13.6957,28.98572],[-13.69807,28.98228],[-13.70032,28.97541],[-13.70642,28.96263],[-13.70484,28.9406],[-13.70459,28.93951],[-13.7024,28.93702],[-13.70169,28.93523],[-13.70142,28.93374],[-13.70197,28.93209],[-13.70133,28.93038],[-13.70142,28.92774],[-13.70087,28.92705],[-13.7007,28.926],[-13.7007,28.92528],[-13.70125,28.92431],[-13.70101,28.92296],[-13.70142,28.92054],[-13.7004,28.9189],[-13.70046,28.9179]]]]}},{"type":"Feature","properties":{"name":"Arico"},"geometry":{"type":"MultiPolygon","coordinates":[[[[-16.53765,28.28711],[-16.54226,28.28528],[-16.54435,28.2838],[-16.54645,28.28116],[-16.54652,28.27901],[-16.54473,28.27638],[-16.54531,28.27498],[-16.5447,28.27367],[-16.5453,28.27232],[-16.5445,28.27005],[-16.54579,28.26657],[-16.54616,28.26434],[-16.54926,28.263],[-16.54947,28.26191],[-16.54895,28.26045],[-16.54963,28.25741],[-16.54996,28.25674],[-16.55108,28.25586],[-16.55118,28.25342],[-16.55249,28.25069],[-16.55569,28.24823],[-16.55911,28.24758],[-16.55955,28.24541],[-16.56036,28.24437],[-16.56216,28.24414],[-16.56353,28.24311],[-16.56494,28.24273],[-16.56534,28.24176],[-16.56954,28.23928],[-16.57355,28.23796],[-16.57634,28.23634],[-16.57815,28.23621],[-16.5788,28.23557],[-16.57978,28.23311],[-16.58125,28.23127],[-16.58587,28.22835],[-16.58685,28.22728],[-16.58686,28.22619],[-16.58736,28.22527],[-16.59101,28.22291],[-16.59347,28.22007],[-16.59717,28.21957],[-16.59988,28.21818],[-16.59535,28.21338],[-16.59496,28.21151],[-16.59431,28.21089],[-16.59385,28.20943],[-16.59169,28.20649],[-16.58982,28.20597],[-16.58971,28.2044],[-16.58825,28.204],[-16.58728,28.20291],[-16.58529,28.20269],[-16.58417,28.20111],[-16.58193,28.20088],[-16.58051,28.20032],[-16.57776,28.20088],[-16.57709,28.20024],[-16.57571,28.1977],[-16.57356,28.19599],[-16.57339,28.1938],[-16.57221,28.19341],[-16.57047,28.19215],[-16.57026,28.18987],[-16.5691,28.18862],[-16.56865,28.18687],[-16.5667,28.18626],[-16.56607,28.18558],[-16.56601,28.18495],[-16.56696,28.18379],[-16.56237,28.17775],[-16.562,28.17683],[-16.56084,28.17578],[-16.56056,28.17495],[-16.56094,28.17434],[-16.55811,28.17455],[-16.55803,28.17424],[-16.5591,28.17314],[-16.55805,28.17162],[-16.55626,28.17183],[-16.55547,28.17135],[-16.55525,28.17067],[-16.55603,28.16957],[-16.55572,28.16898],[-16.55199,28.16787],[-16.55176,28.16711],[-16.55215,28.16586],[-16.55177,28.16555],[-16.54839,28.16422],[-16.54721,28.16412],[-16.54647,28.16336],[-16.54666,28.16239],[-16.54622,28.16188],[-16.5421,28.16013],[-16.54156,28.15959],[-16.54015,28.1596],[-16.53843,28.15757],[-16.53525,28.15574],[-16.53505,28.15482],[-16.53195,28.15141],[-16.53036,28.14812],[-16.52963,28.14737],[-16.52828,28.1469],[-16.52831,28.14568],[-16.52661,28.14393],[-16.52569,28.14366],[-16.52639,28.14209],[-16.52544,28.14119],[-16.52579,28.14043],[-16.52537,28.13993],[-16.52591,28.1394],[-16.52544,28.13857],[-16.52567,28.138],[-16.52522,28.13716],[-16.52357,28.13601],[-16.5229,28.13507],[-16.52255,28.13377],[-16.52162,28.1335],[-16.52155,28.13262],[-16.51984,28.13183],[-16.52011,28.13105],[-16.5186,28.1304],[-16.51803,28.12967],[-16.51749,28.1296],[-16.51723,28.13018],[-16.516,28.12923],[-16.5121,28.13008],[-16.51131,28.12895],[-16.50834,28.12817],[-16.5044,28.12612],[-16.50472,28.12533],[-16.50403,28.12449],[-16.50429,28.12302],[-16.50312,28.12251],[-16.50294,28.12144],[-16.50208,28.12106],[-16.50221,28.12058],[-16.50134,28.12047],[-16.50125,28.11948],[-16.50019,28.11883],[-16.49978,28.1178],[-16.49758,28.11661],[-16.49758,28.11454],[-16.49716,28.11371],[-16.49326,28.11175],[-16.49307,28.11105],[-16.49111,28.10932],[-16.49021,28.10706],[-16.48945,28.10642],[-16.48764,28.10572],[-16.48693,28.10411],[-16.48749,28.10251],[-16.48723,28.10156],[-16.48477,28.10026],[-16.48305,28.09789],[-16.48177,28.09536],[-16.48075,28.09655],[-16.48022,28.09951],[-16.4792,28.09957],[-16.47817,28.10112],[-16.47761,28.10038],[-16.47734,28.10054],[-16.47669,28.10107],[-16.4766,28.10153],[-16.47617,28.10148],[-16.47625,28.10223],[-16.47527,28.10185],[-16.47402,28.10349],[-16.4741,28.10412],[-16.47277,28.10434],[-16.47255,28.10505],[-16.47274,28.10618],[-16.47304,28.1062],[-16.47307,28.1065],[-16.47218,28.10834],[-16.47155,28.10877],[-16.47077,28.10861],[-16.46975,28.10917],[-16.46931,28.10886],[-16.47029,28.10798],[-16.46983,28.10787],[-16.46867,28.10975],[-16.46894,28.11044],[-16.46852,28.11098],[-16.4675,28.11114],[-16.46738,28.1115],[-16.46646,28.11188],[-16.46497,28.11179],[-16.46447,28.11136],[-16.46401,28.11154],[-16.46346,28.11226],[-16.46384,28.11319],[-16.46293,28.11329],[-16.46278,28.11371],[-16.46205,28.11404],[-16.46193,28.11428],[-16.46388,28.11837],[-16.46392,28.11904],[-16.46294,28.11956],[-16.46321,28.12037],[-16.46295,28.12065],[-16.46235,28.12008],[-16.46205,28.12015],[-16.46179,28.12036],[-16.46192,28.12075],[-16.46148,28.12087],[-16.46127,28.12146],[-16.45978,28.12171],[-16.45891,28.1233],[-16.45771,28.12327],[-16.45629,28.12515],[-16.45489,28.1252],[-16.45456,28.12555],[-16.45407,28.12532],[-16.45292,28.12553],[-16.4529,28.12661],[-16.45158,28.12708],[-16.45156,28.12763],[-16.44882,28.12948],[-16.44917,28.12996],[-16.44948,28.13273],[-16.44903,28.13369],[-16.44921,28.13437],[-16.4487,28.13477],[-16.4466,28.1353],[-16.44547,28.13484],[-16.44538,28.13393],[-16.44422,28.13481],[-16.44192,28.13502],[-16.44173,28.13578],[-16.44196,28.13624],[-16.44247,28.13665],[-16.44332,28.13676],[-16.44208,28.1374],[-16.44271,28.13812],[-16.44258,28.13862],[-16.44217,28.13866],[-16.44244,28.13931],[-16.44189,28.13969],[-16.44154,28.1406],[-16.44063,28.14068],[-16.4401,28.14107],[-16.4399,28.1423],[-16.4384,28.14274],[-16.43799,28.14252],[-16.43803,28.14205],[-16.43732,28.14206],[-16.43734,28.14256],[-16.43667,28.14268],[-16.43593,28.14176],[-16.43477,28.14114],[-16.43361,28.14115],[-16.43278,28.14154],[-16.43323,28.14227],[-16.43322,28.14302],[-16.43136,28.14267],[-16.43072,28.14426],[-16.42979,28.14446],[-16.42976,28.14498],[-16.43018,28.14522],[-16.42958,28.14541],[-16.42964,28.14563],[-16.42904,28.14528],[-16.42853,28.14622],[-16.42772,28.14685],[-16.42751,28.14757],[-16.42677,28.14744],[-16.42668,28.14846],[-16.42523,28.15038],[-16.42549,28.1505],[-16.42531,28.15084],[-16.42614,28.15144],[-16.4261,28.15188],[-16.42686,28.15201],[-16.42699,28.15231],[-16.42774,28.15175],[-16.42799,28.15236],[-16.42878,28.15229],[-16.42873,28.15291],[-16.42959,28.15377],[-16.43025,28.15307],[-16.43075,28.15339],[-16.43119,28.15277],[-16.43251,28.1529],[-16.43262,28.15376],[-16.43367,28.15419],[-16.43415,28.15496],[-16.43432,28.1569],[-16.43412,28.15789],[-16.43377,28.1581],[-16.43392,28.15882],[-16.43368,28.15922],[-16.43213,28.1594],[-16.43307,28.15983],[-16.43174,28.16288],[-16.43151,28.16456],[-16.431,28.16487],[-16.42989,28.16489],[-16.42779,28.16403],[-16.42663,28.16428],[-16.42618,28.16473],[-16.42609,28.16594],[-16.42538,28.16704],[-16.42551,28.16748],[-16.42497,28.16811],[-16.42547,28.16917],[-16.42774,28.17077],[-16.42805,28.17156],[-16.42989,28.17301],[-16.43016,28.17368],[-16.42973,28.17364],[-16.42865,28.17475],[-16.42923,28.1759],[-16.42858,28.17613],[-16.42863,28.17679],[-16.42812,28.17755],[-16.42866,28.17825],[-16.42851,28.17882],[-16.42748,28.18025],[-16.42578,28.18108],[-16.42617,28.18219],[-16.42572,28.18262],[-16.42654,28.18265],[-16.42739,28.1831],[-16.42744,28.18428],[-16.42773,28.18456],[-16.42792,28.18643],[-16.42742,28.18656],[-16.42769,28.18668],[-16.42771,28.18777],[-16.42739,28.18886],[-16.4264,28.1892],[-16.42635,28.18959],[-16.42588,28.18982],[-16.42563,28.19113],[-16.42516,28.19127],[-16.42511,28.1919],[-16.42418,28.19204],[-16.42328,28.19344],[-16.4257,28.19643],[-16.42636,28.19666],[-16.42619,28.19763],[-16.42786,28.19888],[-16.42772,28.1996],[-16.42846,28.19967],[-16.42971,28.19912],[-16.43041,28.19989],[-16.43172,28.19996],[-16.43232,28.20045],[-16.43269,28.20157],[-16.43395,28.20177],[-16.43443,28.20227],[-16.43494,28.20233],[-16.43589,28.20349],[-16.43708,28.20432],[-16.43757,28.20453],[-16.43848,28.20426],[-16.4395,28.2054],[-16.4407,28.20524],[-16.44112,28.20785],[-16.44153,28.20868],[-16.44327,28.21024],[-16.44447,28.21218],[-16.44408,28.21398],[-16.44414,28.21447],[-16.44482,28.2152],[-16.44665,28.21532],[-16.448,28.21579],[-16.44955,28.21532],[-16.45017,28.21583],[-16.45126,28.21605],[-16.4534,28.21833],[-16.45653,28.21802],[-16.4574,28.21841],[-16.46325,28.22424],[-16.46479,28.22703],[-16.46815,28.22927],[-16.46863,28.23055],[-16.46945,28.23161],[-16.4714,28.23263],[-16.47237,28.23357],[-16.47309,28.23561],[-16.47425,28.23728],[-16.47584,28.23849],[-16.47718,28.23873],[-16.48179,28.24158],[-16.4822,28.24229],[-16.48229,28.24437],[-16.48272,28.24501],[-16.48532,28.24646],[-16.48622,28.24798],[-16.4888,28.24958],[-16.49013,28.24971],[-16.49118,28.25058],[-16.4929,28.25134],[-16.49373,28.25269],[-16.49815,28.25537],[-16.49943,28.25695],[-16.50358,28.25879],[-16.50446,28.26024],[-16.51045,28.26524],[-16.5112,28.26682],[-16.51322,28.26844],[-16.51448,28.27064],[-16.51792,28.27218],[-16.5284,28.2805],[-16.53765,28.28711]]]]}},{"type":"Feature","properties":{"name":"Mogán"},"geometry":{"type":"MultiPolygon","coordinates":[[[[-15.69653,27.77108],[-15.69569,27.77167],[-15.69719,27.77199],[-15.69759,27.77177],[-15.69732,27.77094],[-15.69653,27.77108]]],[[[-15.73461,27.93913],[-15.73842,27.93404],[-15.7404,27.93246],[-15.74089,27.93136],[-15.74381,27.92917],[-15.74712,27.92556],[-15.74947,27.924],[-15.75085,27.92249],[-15.75135,27.9208],[-15.75285,27.91935],[-15.75327,27.91662],[-15.75413,27.91572],[-15.75495,27.91384],[-15.75333,27.91341],[-15.75132,27.91199],[-15.75134,27.9101],[-15.75185,27.90886],[-15.75124,27.90689],[-15.75158,27.9058],[-15.75242,27.90468],[-15.75255,27.90269],[-15.7556,27.90181],[-15.75632,27.90186],[-15.75801,27.9011],[-15.76077,27.8984],[-15.76242,27.89474],[-15.76369,27.8938],[-15.76402,27.89305],[-15.7656,27.89201],[-15.76632,27.89012],[-15.76853,27.88854],[-15.76843,27.888],[-15.76967,27.88569],[-15.77113,27.88413],[-15.77246,27.87957],[-15.77325,27.87795],[-15.77462,27.87605],[-15.77712,27.87496],[-15.77741,27.8736],[-15.77992,27.87081],[-15.78148,27.86824],[-15.78356,27.86833],[-15.78716,27.86712],[-15.78793,27.86655],[-15.78944,27.8661],[-15.79053,27.86509],[-15.79191,27.86508],[-15.79409,27.86368],[-15.79501,27.86348],[-15.79725,27.86163],[-15.79782,27.8605],[-15.79923,27.85908],[-15.79814,27.85674],[-15.79836,27.85585],[-15.79906,27.85535],[-15.79872,27.8549],[-15.7987,27.85336],[-15.79816,27.85296],[-15.79643,27.85284],[-15.79623,27.85169],[-15.79543,27.85136],[-15.79514,27.84981],[-15.79525,27.84947],[-15.79618,27.84907],[-15.79585,27.84893],[-15.79582,27.84841],[-15.79374,27.84829],[-15.79372,27.8475],[-15.79292,27.84739],[-15.79273,27.84768],[-15.79154,27.84648],[-15.79097,27.84521],[-15.79126,27.8434],[-15.79164,27.84293],[-15.79145,27.84265],[-15.79169,27.84144],[-15.79083,27.84082],[-15.78929,27.83699],[-15.78829,27.83619],[-15.78747,27.83437],[-15.78516,27.83278],[-15.78404,27.83135],[-15.78149,27.82977],[-15.78083,27.82971],[-15.77976,27.83026],[-15.77896,27.82998],[-15.77802,27.82834],[-15.77676,27.82761],[-15.77593,27.82557],[-15.77418,27.82389],[-15.77346,27.82213],[-15.77089,27.82055],[-15.76991,27.81908],[-15.76758,27.81766],[-15.76735,27.8163],[-15.76626,27.81567],[-15.76357,27.8155],[-15.76346,27.81585],[-15.76616,27.81595],[-15.76702,27.81651],[-15.76697,27.81718],[-15.76637,27.81714],[-15.76641,27.81663],[-15.76595,27.8166],[-15.76589,27.81732],[-15.7647,27.81724],[-15.76417,27.81703],[-15.76422,27.81636],[-15.76391,27.81634],[-15.76343,27.81686],[-15.76421,27.81781],[-15.76323,27.81802],[-15.76217,27.81735],[-15.76301,27.81705],[-15.76281,27.81687],[-15.76179,27.81679],[-15.76187,27.81721],[-15.76145,27.81727],[-15.75987,27.81644],[-15.75691,27.81578],[-15.75555,27.81462],[-15.75392,27.81468],[-15.75261,27.81338],[-15.75213,27.81161],[-15.75011,27.80786],[-15.74865,27.80668],[-15.74747,27.80741],[-15.74713,27.80685],[-15.74592,27.80731],[-15.74543,27.80717],[-15.74563,27.80514],[-15.74512,27.80472],[-15.74437,27.80517],[-15.74405,27.80446],[-15.74273,27.80433],[-15.74228,27.80345],[-15.74227,27.80149],[-15.7415,27.80059],[-15.74099,27.80057],[-15.74009,27.80163],[-15.73946,27.80155],[-15.73922,27.80126],[-15.73923,27.79937],[-15.73852,27.79842],[-15.73744,27.79867],[-15.73589,27.79765],[-15.7347,27.79748],[-15.73311,27.79781],[-15.73201,27.79867],[-15.73148,27.79871],[-15.7306,27.79821],[-15.72994,27.79698],[-15.72782,27.79588],[-15.72718,27.79464],[-15.72867,27.79344],[-15.72859,27.79267],[-15.72663,27.78992],[-15.72607,27.79105],[-15.72466,27.79061],[-15.72421,27.79001],[-15.72402,27.78943],[-15.72426,27.78843],[-15.7254,27.78864],[-15.72532,27.78823],[-15.72018,27.78641],[-15.71896,27.78446],[-15.71565,27.78229],[-15.7151,27.78218],[-15.7141,27.78265],[-15.71548,27.78263],[-15.71605,27.78313],[-15.7153,27.78387],[-15.71386,27.78443],[-15.71239,27.7841],[-15.71249,27.78331],[-15.7134,27.78282],[-15.7129,27.78287],[-15.71223,27.78357],[-15.71205,27.78343],[-15.71297,27.78233],[-15.71136,27.77984],[-15.71094,27.78007],[-15.71247,27.78231],[-15.71171,27.78266],[-15.71125,27.7823],[-15.71086,27.78305],[-15.70939,27.78265],[-15.71036,27.78121],[-15.71021,27.78101],[-15.71098,27.78132],[-15.71107,27.78109],[-15.71019,27.78028],[-15.70914,27.78011],[-15.70786,27.77943],[-15.70643,27.77831],[-15.70656,27.77807],[-15.70589,27.77809],[-15.70554,27.77744],[-15.70585,27.77721],[-15.70354,27.77662],[-15.70215,27.77467],[-15.70079,27.77366],[-15.7013,27.77223],[-15.70073,27.77102],[-15.69872,27.7701],[-15.69617,27.76955],[-15.69573,27.76988],[-15.69592,27.77006],[-15.69834,27.77035],[-15.69855,27.77139],[-15.69722,27.7721],[-15.69643,27.77206],[-15.69557,27.77275],[-15.69502,27.77275],[-15.69494,27.77211],[-15.69482,27.77274],[-15.69401,27.77277],[-15.69231,27.77232],[-15.69228,27.77164],[-15.69356,27.77212],[-15.69219,27.77129],[-15.68999,27.77131],[-15.68843,27.76953],[-15.6888,27.76789],[-15.68712,27.76369],[-15.68544,27.7632],[-15.6851,27.76258],[-15.68532,27.76146],[-15.68382,27.7597],[-15.68315,27.75993],[-15.68318,27.76017],[-15.68221,27.75952],[-15.68216,27.75863],[-15.68271,27.75784],[-15.68441,27.75841],[-15.68467,27.75816],[-15.68489,27.75773],[-15.6847,27.75763],[-15.68438,27.75819],[-15.68335,27.7577],[-15.68391,27.7568],[-15.68428,27.75697],[-15.68467,27.75632],[-15.68552,27.75674],[-15.68622,27.75839],[-15.68663,27.75866],[-15.68555,27.75616],[-15.68299,27.75523],[-15.68165,27.75571],[-15.68094,27.75648],[-15.68041,27.75625],[-15.6764,27.75703],[-15.67478,27.75806],[-15.67375,27.75953],[-15.67112,27.76143],[-15.67001,27.7641],[-15.67045,27.76666],[-15.66899,27.76807],[-15.66759,27.76863],[-15.6669,27.76957],[-15.66634,27.7725],[-15.66641,27.77341],[-15.66716,27.77497],[-15.66714,27.77601],[-15.66656,27.77829],[-15.66718,27.77933],[-15.66922,27.78097],[-15.67031,27.78236],[-15.66817,27.78576],[-15.66819,27.78673],[-15.66906,27.78826],[-15.67069,27.78876],[-15.67132,27.7894],[-15.67259,27.79243],[-15.67216,27.79455],[-15.67091,27.79671],[-15.67037,27.79829],[-15.6693,27.79901],[-15.66853,27.80036],[-15.66851,27.80138],[-15.66942,27.80349],[-15.66892,27.80548],[-15.66751,27.80756],[-15.66711,27.81018],[-15.66477,27.81243],[-15.66382,27.81488],[-15.66352,27.81844],[-15.6637,27.82001],[-15.6643,27.82114],[-15.66588,27.82233],[-15.6663,27.82395],[-15.66601,27.82443],[-15.66241,27.82544],[-15.6615,27.82646],[-15.66155,27.82751],[-15.66289,27.82983],[-15.66246,27.83029],[-15.66091,27.82984],[-15.66025,27.83054],[-15.65977,27.83195],[-15.66018,27.83338],[-15.65924,27.83459],[-15.6589,27.83589],[-15.65964,27.83937],[-15.66186,27.84222],[-15.66093,27.84381],[-15.66025,27.84588],[-15.66056,27.84845],[-15.66262,27.85132],[-15.6626,27.85348],[-15.66195,27.85537],[-15.66193,27.85868],[-15.66271,27.86175],[-15.66572,27.86368],[-15.66631,27.86541],[-15.6675,27.86676],[-15.66977,27.86729],[-15.67065,27.86781],[-15.67048,27.87017],[-15.67137,27.87181],[-15.67048,27.87435],[-15.67111,27.87718],[-15.67056,27.87943],[-15.66904,27.88253],[-15.66926,27.88354],[-15.67026,27.8843],[-15.67,27.88543],[-15.67017,27.8865],[-15.67104,27.88727],[-15.67079,27.88784],[-15.66959,27.88883],[-15.66965,27.89157],[-15.66913,27.89287],[-15.67019,27.89458],[-15.66999,27.89707],[-15.67055,27.8994],[-15.6698,27.90122],[-15.66988,27.9023],[-15.66906,27.90363],[-15.66765,27.90447],[-15.66671,27.90592],[-15.66587,27.90659],[-15.66356,27.90709],[-15.66399,27.91081],[-15.66329,27.91209],[-15.66464,27.91281],[-15.66484,27.91354],[-15.66609,27.9138],[-15.66632,27.91454],[-15.66748,27.91532],[-15.66933,27.91609],[-15.671,27.91627],[-15.67178,27.91748],[-15.67252,27.91773],[-15.67349,27.91624],[-15.6757,27.91457],[-15.67776,27.9114],[-15.67751,27.90924],[-15.67782,27.90872],[-15.67849,27.90866],[-15.68022,27.90996],[-15.68236,27.909],[-15.68406,27.90965],[-15.68437,27.91082],[-15.68418,27.91203],[-15.68439,27.91332],[-15.6849,27.91417],[-15.68488,27.91553],[-15.6854,27.91636],[-15.68633,27.91681],[-15.68766,27.9181],[-15.68695,27.92098],[-15.68781,27.92224],[-15.68735,27.92464],[-15.68784,27.92668],[-15.68771,27.9275],[-15.68705,27.92852],[-15.6854,27.92931],[-15.68383,27.93067],[-15.68364,27.93186],[-15.68389,27.9331],[-15.68341,27.9344],[-15.6837,27.93643],[-15.68229,27.94101],[-15.68524,27.94451],[-15.68714,27.94579],[-15.6881,27.94788],[-15.69061,27.94913],[-15.69254,27.94962],[-15.69344,27.94835],[-15.69519,27.94729],[-15.69774,27.94786],[-15.70337,27.94799],[-15.70446,27.94782],[-15.70519,27.94708],[-15.70888,27.94557],[-15.712,27.94589],[-15.71295,27.94551],[-15.7174,27.94625],[-15.71805,27.94653],[-15.71839,27.94731],[-15.71908,27.94781],[-15.71988,27.94788],[-15.72211,27.949],[-15.72472,27.94889],[-15.72626,27.9477],[-15.72625,27.94645],[-15.72853,27.94442],[-15.72907,27.94339],[-15.72967,27.94295],[-15.73058,27.94286],[-15.73461,27.93913]]]]}},{"type":"Feature","properties":{"name":"Santa Cruz de Tenerife"},"geometry":{"type":"MultiPolygon","coordinates":[[[[-16.141,28.52558],[-16.14069,28.52541],[-16.14068,28.52586],[-16.141,28.52558]]],[[[-16.15965,28.59169],[-16.15879,28.59111],[-16.15884,28.59209],[-16.15824,28.59301],[-16.15864,28.59442],[-16.1598,28.59428],[-16.16112,28.59332],[-16.16114,28.59216],[-16.15979,28.59196],[-16.15965,28.59169]]],[[[-16.15588,28.60492],[-16.1574,28.60393],[-16.15681,28.60297],[-16.15727,28.60292],[-16.15771,28.6023],[-16.15748,28.60178],[-16.15472,28.60487],[-16.15479,28.60518],[-16.15542,28.60531],[-16.15588,28.60492]]],[[[-16.27469,28.57215],[-16.27424,28.57114],[-16.27504,28.56986],[-16.27376,28.56935],[-16.27399,28.56832],[-16.27307,28.56753],[-16.27284,28.56686],[-16.27317,28.56572],[-16.27396,28.56515],[-16.27383,28.56327],[-16.27359,28.5631],[-16.2732,28.56352],[-16.27276,28.56344],[-16.27164,28.56234],[-16.27298,28.5602],[-16.2715,28.55983],[-16.27179,28.55853],[-16.27026,28.55806],[-16.27099,28.55739],[-16.27047,28.55703],[-16.2707,28.5558],[-16.26926,28.55533],[-16.26965,28.55384],[-16.27094,28.55314],[-16.27114,28.5521],[-16.27091,28.55056],[-16.26963,28.54791],[-16.26955,28.54708],[-16.26713,28.54355],[-16.26787,28.54177],[-16.26874,28.541],[-16.27003,28.538],[-16.27005,28.53752],[-16.26894,28.53666],[-16.27303,28.53493],[-16.27441,28.53472],[-16.27694,28.5332],[-16.27911,28.53279],[-16.27999,28.52978],[-16.27974,28.52812],[-16.28424,28.52013],[-16.28457,28.51846],[-16.28529,28.51738],[-16.28567,28.51541],[-16.28644,28.51448],[-16.28645,28.51401],[-16.2861,28.51307],[-16.28526,28.51217],[-16.28528,28.51146],[-16.28449,28.50961],[-16.28211,28.50908],[-16.28152,28.50833],[-16.2805,28.50812],[-16.27796,28.50662],[-16.27613,28.50433],[-16.27185,28.50142],[-16.27028,28.49869],[-16.27029,28.49824],[-16.27164,28.49553],[-16.27234,28.49027],[-16.27293,28.48959],[-16.28214,28.46585],[-16.28991,28.46017],[-16.29313,28.4418],[-16.29417,28.43197],[-16.29647,28.43161],[-16.29663,28.43246],[-16.29748,28.43309],[-16.298,28.43449],[-16.29856,28.43467],[-16.29876,28.43527],[-16.2993,28.43565],[-16.29959,28.43661],[-16.29895,28.43707],[-16.29909,28.43731],[-16.30067,28.43837],[-16.30107,28.43941],[-16.3008,28.44164],[-16.29905,28.44301],[-16.30057,28.44555],[-16.30376,28.44626],[-16.3046,28.44672],[-16.30485,28.44724],[-16.30934,28.44682],[-16.31226,28.44951],[-16.31407,28.44959],[-16.31521,28.45024],[-16.31709,28.45008],[-16.32126,28.45106],[-16.32298,28.45079],[-16.32367,28.45017],[-16.32641,28.45013],[-16.33054,28.45468],[-16.33033,28.44845],[-16.33157,28.44628],[-16.33578,28.43965],[-16.33807,28.4379],[-16.34265,28.43117],[-16.3438,28.42998],[-16.34532,28.4294],[-16.34524,28.42864],[-16.34452,28.42802],[-16.34021,28.42564],[-16.33853,28.424],[-16.33836,28.4227],[-16.33729,28.42163],[-16.33682,28.41981],[-16.33624,28.41914],[-16.33407,28.41933],[-16.33285,28.41909],[-16.33042,28.41729],[-16.32873,28.4166],[-16.32558,28.41774],[-16.32324,28.41817],[-16.32038,28.41795],[-16.32006,28.41816],[-16.32021,28.42086],[-16.31951,28.42076],[-16.31819,28.41986],[-16.31689,28.41816],[-16.31286,28.41566],[-16.31116,28.41326],[-16.30918,28.41245],[-16.30755,28.40978],[-16.3065,28.41043],[-16.30498,28.41285],[-16.30242,28.41368],[-16.30196,28.41418],[-16.30073,28.41434],[-16.29932,28.41604],[-16.29886,28.41606],[-16.29876,28.41679],[-16.29785,28.41791],[-16.29716,28.41793],[-16.29756,28.41826],[-16.2971,28.41842],[-16.29727,28.41873],[-16.29692,28.41957],[-16.29643,28.42002],[-16.29575,28.4204],[-16.29548,28.41983],[-16.29399,28.42065],[-16.29331,28.42218],[-16.29358,28.42437],[-16.29193,28.42567],[-16.29181,28.42658],[-16.29004,28.42733],[-16.28809,28.42932],[-16.28623,28.43005],[-16.28237,28.43309],[-16.28078,28.43362],[-16.27909,28.4357],[-16.27812,28.43637],[-16.27798,28.43694],[-16.27723,28.43706],[-16.27612,28.43876],[-16.27508,28.43926],[-16.27462,28.4403],[-16.27479,28.44112],[-16.27385,28.4415],[-16.27375,28.44285],[-16.26978,28.44735],[-16.26763,28.44822],[-16.26684,28.4493],[-16.26609,28.44972],[-16.26478,28.45001],[-16.26477,28.4487],[-16.26451,28.44867],[-16.26446,28.45001],[-16.26021,28.45186],[-16.25698,28.45065],[-16.25401,28.45049],[-16.2536,28.45106],[-16.25373,28.45365],[-16.25321,28.45358],[-16.25236,28.45463],[-16.2527,28.45531],[-16.25232,28.45526],[-16.25217,28.45566],[-16.25183,28.45537],[-16.24986,28.45527],[-16.24922,28.45446],[-16.249,28.45453],[-16.2495,28.45584],[-16.24763,28.45921],[-16.24751,28.4595],[-16.24775,28.45958],[-16.24644,28.4629],[-16.24748,28.46332],[-16.24726,28.46375],[-16.24624,28.4634],[-16.24533,28.46523],[-16.24368,28.46446],[-16.24347,28.46472],[-16.24504,28.46559],[-16.24488,28.46763],[-16.24277,28.46807],[-16.24226,28.466],[-16.24455,28.46172],[-16.24517,28.45958],[-16.24591,28.45974],[-16.24523,28.45944],[-16.24705,28.45597],[-16.24758,28.4559],[-16.24704,28.45568],[-16.24196,28.46597],[-16.24267,28.46925],[-16.24028,28.47332],[-16.23565,28.47904],[-16.23586,28.47919],[-16.2406,28.47332],[-16.2428,28.46958],[-16.24305,28.4697],[-16.24342,28.46906],[-16.24463,28.46936],[-16.24421,28.47064],[-16.24447,28.4707],[-16.24486,28.46943],[-16.24633,28.4695],[-16.24624,28.47102],[-16.24487,28.47437],[-16.24458,28.47429],[-16.24433,28.47468],[-16.24456,28.47485],[-16.24214,28.47753],[-16.24134,28.47693],[-16.24107,28.47721],[-16.24187,28.47783],[-16.24102,28.47781],[-16.24075,28.47825],[-16.24111,28.47838],[-16.24074,28.47913],[-16.24018,28.47892],[-16.2406,28.47788],[-16.24009,28.47895],[-16.24082,28.47921],[-16.24047,28.48076],[-16.23975,28.48147],[-16.23927,28.48115],[-16.23885,28.48152],[-16.23942,28.48187],[-16.23739,28.48434],[-16.2376,28.48477],[-16.23721,28.48545],[-16.23537,28.48653],[-16.23394,28.48656],[-16.23309,28.486],[-16.23351,28.48562],[-16.23166,28.48627],[-16.22918,28.48493],[-16.2301,28.48577],[-16.22701,28.48909],[-16.22672,28.48884],[-16.21967,28.48944],[-16.21978,28.48782],[-16.22534,28.48388],[-16.22834,28.48289],[-16.22524,28.48375],[-16.21895,28.48793],[-16.21816,28.48856],[-16.21841,28.48866],[-16.21823,28.48976],[-16.21746,28.49097],[-16.21466,28.49293],[-16.21345,28.49162],[-16.21313,28.49169],[-16.21425,28.49317],[-16.2139,28.49346],[-16.21176,28.49477],[-16.21012,28.49547],[-16.21,28.49529],[-16.20272,28.49907],[-16.20195,28.49789],[-16.21089,28.49315],[-16.21117,28.49358],[-16.21144,28.49343],[-16.21111,28.49289],[-16.20513,28.49581],[-16.19576,28.49649],[-16.19521,28.49685],[-16.19479,28.49776],[-16.19525,28.49985],[-16.19382,28.50079],[-16.19298,28.50276],[-16.19249,28.50322],[-16.18999,28.50465],[-16.18921,28.50479],[-16.18822,28.50451],[-16.18922,28.50508],[-16.18913,28.50563],[-16.18636,28.50868],[-16.18305,28.51003],[-16.18128,28.51031],[-16.17942,28.50945],[-16.18058,28.50845],[-16.1805,28.50817],[-16.17803,28.50983],[-16.17797,28.51028],[-16.17739,28.51004],[-16.17712,28.51032],[-16.17717,28.512],[-16.1756,28.51364],[-16.17474,28.51353],[-16.17415,28.51385],[-16.17299,28.51545],[-16.17204,28.51534],[-16.17114,28.51619],[-16.16964,28.51658],[-16.16688,28.51868],[-16.16512,28.51851],[-16.1633,28.51988],[-16.1608,28.52003],[-16.16039,28.5207],[-16.1594,28.52136],[-16.15641,28.52273],[-16.15358,28.52254],[-16.15117,28.52326],[-16.14838,28.52279],[-16.14683,28.52202],[-16.14652,28.52157],[-16.14547,28.52179],[-16.14463,28.52138],[-16.1433,28.52141],[-16.14336,28.522],[-16.14305,28.52238],[-16.1437,28.52317],[-16.14372,28.52366],[-16.14301,28.52389],[-16.14319,28.52473],[-16.14139,28.52546],[-16.14014,28.52685],[-16.13898,28.52666],[-16.1385,28.52704],[-16.13851,28.52767],[-16.13976,28.52891],[-16.13904,28.53015],[-16.13935,28.53113],[-16.13848,28.53158],[-16.13783,28.5325],[-16.13654,28.53311],[-16.13617,28.53299],[-16.13614,28.53331],[-16.13524,28.53369],[-16.13458,28.53365],[-16.13399,28.5345],[-16.133,28.53502],[-16.13069,28.53528],[-16.12987,28.53496],[-16.1295,28.53388],[-16.12708,28.53204],[-16.1257,28.53207],[-16.12596,28.53274],[-16.12561,28.533],[-16.12528,28.53276],[-16.12526,28.53322],[-16.12589,28.53432],[-16.12643,28.53423],[-16.1269,28.53476],[-16.12682,28.53519],[-16.12756,28.53516],[-16.12756,28.53563],[-16.12896,28.53591],[-16.12957,28.53647],[-16.12947,28.53699],[-16.12915,28.53694],[-16.1291,28.53758],[-16.12845,28.53806],[-16.12891,28.5389],[-16.12734,28.54116],[-16.12795,28.5413],[-16.12663,28.54369],[-16.12762,28.54459],[-16.1276,28.54601],[-16.12662,28.54823],[-16.12506,28.54892],[-16.12447,28.54887],[-16.12436,28.54908],[-16.12506,28.54924],[-16.12511,28.54957],[-16.12442,28.55001],[-16.12093,28.5514],[-16.11968,28.55347],[-16.1197,28.55372],[-16.12056,28.55379],[-16.12052,28.55446],[-16.11973,28.55454],[-16.12013,28.55495],[-16.11949,28.55567],[-16.11998,28.55741],[-16.12076,28.55835],[-16.12082,28.5589],[-16.12048,28.55891],[-16.12061,28.5593],[-16.11992,28.55942],[-16.1209,28.55954],[-16.12197,28.55914],[-16.12292,28.55967],[-16.1231,28.5598],[-16.1226,28.56023],[-16.12335,28.56036],[-16.124,28.56098],[-16.12285,28.56159],[-16.12558,28.56188],[-16.12562,28.56339],[-16.12478,28.56341],[-16.12683,28.56376],[-16.12635,28.56387],[-16.12664,28.5641],[-16.12624,28.56435],[-16.12675,28.56511],[-16.12677,28.56586],[-16.1256,28.56765],[-16.12662,28.56928],[-16.12654,28.57049],[-16.12719,28.57146],[-16.12838,28.57213],[-16.12857,28.57285],[-16.13113,28.57381],[-16.13162,28.57417],[-16.13182,28.57482],[-16.13257,28.57434],[-16.13257,28.57387],[-16.13292,28.5736],[-16.13411,28.574],[-16.13414,28.57474],[-16.1347,28.5758],[-16.1342,28.57642],[-16.13483,28.57645],[-16.13518,28.57726],[-16.13501,28.57906],[-16.13432,28.57908],[-16.13427,28.57952],[-16.13491,28.57969],[-16.1349,28.58],[-16.13474,28.58035],[-16.13396,28.58028],[-16.13434,28.58123],[-16.13626,28.5817],[-16.13644,28.58262],[-16.13595,28.58267],[-16.13612,28.58291],[-16.13722,28.58273],[-16.13882,28.58356],[-16.14104,28.58408],[-16.1423,28.5839],[-16.14245,28.5845],[-16.14453,28.5846],[-16.1455,28.5853],[-16.14739,28.58499],[-16.14835,28.58569],[-16.14872,28.58675],[-16.15048,28.58742],[-16.1512,28.58663],[-16.15403,28.58673],[-16.15544,28.58764],[-16.15697,28.58784],[-16.15811,28.58866],[-16.15927,28.58831],[-16.16129,28.58681],[-16.16475,28.58645],[-16.16815,28.58406],[-16.16962,28.58411],[-16.17223,28.58519],[-16.17295,28.58373],[-16.17414,28.58263],[-16.17442,28.58197],[-16.17509,28.58169],[-16.1777,28.5817],[-16.17988,28.58058],[-16.18055,28.57864],[-16.184,28.57706],[-16.18484,28.57598],[-16.18747,28.57542],[-16.18825,28.57551],[-16.18836,28.57594],[-16.18872,28.5753],[-16.19022,28.57524],[-16.19097,28.57451],[-16.19169,28.57259],[-16.19272,28.57208],[-16.19357,28.57193],[-16.19448,28.57239],[-16.19705,28.57283],[-16.19826,28.57277],[-16.19849,28.57211],[-16.19882,28.57207],[-16.19985,28.57268],[-16.20022,28.5723],[-16.20168,28.57202],[-16.20237,28.57146],[-16.20451,28.57114],[-16.2041,28.5709],[-16.20441,28.56976],[-16.20636,28.56847],[-16.20919,28.56909],[-16.21043,28.56903],[-16.21261,28.56814],[-16.21563,28.56778],[-16.21695,28.56797],[-16.22105,28.56683],[-16.22301,28.56545],[-16.22444,28.5657],[-16.22562,28.56547],[-16.22736,28.56624],[-16.22799,28.56575],[-16.22984,28.56641],[-16.23164,28.56636],[-16.23278,28.56696],[-16.23343,28.5667],[-16.23477,28.56783],[-16.23527,28.56769],[-16.24086,28.57001],[-16.24183,28.57113],[-16.24223,28.57086],[-16.24296,28.57112],[-16.2433,28.57141],[-16.243,28.57159],[-16.24318,28.57173],[-16.2444,28.57161],[-16.24612,28.57065],[-16.24758,28.5709],[-16.2481,28.57052],[-16.24973,28.57118],[-16.25001,28.57096],[-16.25157,28.57133],[-16.25411,28.56982],[-16.2553,28.57066],[-16.25603,28.56973],[-16.25706,28.56938],[-16.2582,28.56984],[-16.25821,28.57013],[-16.25781,28.57024],[-16.25845,28.57036],[-16.25835,28.57084],[-16.25955,28.57142],[-16.25983,28.57177],[-16.25964,28.57201],[-16.2607,28.57213],[-16.2614,28.57317],[-16.26191,28.57316],[-16.26224,28.57362],[-16.2639,28.57292],[-16.26474,28.57334],[-16.26475,28.5739],[-16.26622,28.57375],[-16.26756,28.57409],[-16.26876,28.57507],[-16.26958,28.57533],[-16.27018,28.5759],[-16.27012,28.57625],[-16.27063,28.57646],[-16.27033,28.57677],[-16.27128,28.57705],[-16.27148,28.57723],[-16.27125,28.57737],[-16.27209,28.57789],[-16.27334,28.57793],[-16.27375,28.57757],[-16.27276,28.57661],[-16.27216,28.57516],[-16.27299,28.5752],[-16.27245,28.57484],[-16.27264,28.57427],[-16.27425,28.57376],[-16.27476,28.57277],[-16.27441,28.57209],[-16.27469,28.57215]]],[[[-16.13273,28.58107],[-16.13266,28.5813],[-16.13329,28.58123],[-16.13352,28.58083],[-16.1327,28.58047],[-16.13273,28.58107]]],[[[-16.13818,28.58462],[-16.13837,28.58473],[-16.13843,28.58426],[-16.13818,28.58462]]],[[[-16.17362,28.5849],[-16.17336,28.58532],[-16.17372,28.58512],[-16.17362,28.5849]]],[[[-16.17202,28.58566],[-16.17205,28.58589],[-16.17278,28.58511],[-16.17202,28.58566]]]]}},{"type":"Feature","properties":{"name":"Santa Cruz de la Palma"},"geometry":{"type":"MultiPolygon","coordinates":[[[[-17.83558,28.73468],[-17.83566,28.72697],[-17.83665,28.72576],[-17.83823,28.72456],[-17.83845,28.7238],[-17.83836,28.72283],[-17.83756,28.72209],[-17.83758,28.721],[-17.83813,28.72029],[-17.83752,28.71896],[-17.83768,28.71808],[-17.83849,28.71617],[-17.84252,28.71411],[-17.8433,28.713],[-17.84359,28.71149],[-17.84424,28.71059],[-17.84423,28.70916],[-17.84609,28.70414],[-17.84369,28.70286],[-17.84235,28.7017],[-17.8412,28.69874],[-17.83732,28.69575],[-17.83638,28.69409],[-17.83592,28.69222],[-17.83416,28.69026],[-17.83358,28.68796],[-17.82935,28.6872],[-17.82626,28.68763],[-17.82491,28.68734],[-17.82265,28.68755],[-17.8202,28.68553],[-17.81573,28.68459],[-17.81312,28.68335],[-17.81199,28.68343],[-17.8073,28.68145],[-17.80344,28.67732],[-17.7984,28.67598],[-17.79606,28.67575],[-17.79482,28.67608],[-17.79349,28.6771],[-17.79053,28.6783],[-17.78953,28.67821],[-17.78667,28.67938],[-17.78587,28.68105],[-17.7798,28.6866],[-17.77891,28.68646],[-17.77841,28.68702],[-17.77776,28.68679],[-17.77511,28.68723],[-17.77173,28.68676],[-17.76946,28.68525],[-17.77062,28.68261],[-17.77204,28.68089],[-17.77325,28.67868],[-17.77334,28.67607],[-17.76849,28.67581],[-17.76874,28.67732],[-17.76757,28.67913],[-17.76638,28.67932],[-17.76618,28.67812],[-17.76795,28.67781],[-17.7665,28.67799],[-17.76651,28.67776],[-17.76589,28.67764],[-17.76526,28.67379],[-17.7639,28.6712],[-17.76465,28.67288],[-17.76562,28.68016],[-17.76531,28.68081],[-17.76451,28.68066],[-17.76431,28.68088],[-17.76432,28.68168],[-17.76318,28.68291],[-17.76251,28.68475],[-17.76057,28.68601],[-17.75959,28.6872],[-17.75942,28.68861],[-17.75993,28.69097],[-17.75915,28.69719],[-17.75783,28.69832],[-17.75625,28.70159],[-17.7536,28.70385],[-17.75259,28.70434],[-17.75227,28.7051],[-17.75511,28.70697],[-17.75561,28.70818],[-17.75728,28.70996],[-17.75893,28.71486],[-17.75873,28.71555],[-17.75905,28.71652],[-17.76155,28.71737],[-17.76209,28.71858],[-17.76341,28.71993],[-17.76394,28.72251],[-17.76449,28.72298],[-17.76695,28.72377],[-17.76773,28.72483],[-17.77001,28.72637],[-17.77174,28.72639],[-17.77268,28.72697],[-17.77371,28.72706],[-17.77475,28.72796],[-17.77893,28.72946],[-17.78044,28.73094],[-17.78328,28.73181],[-17.78437,28.73258],[-17.78569,28.73274],[-17.79065,28.73145],[-17.79261,28.7315],[-17.79497,28.73284],[-17.79781,28.73529],[-17.79875,28.73504],[-17.7992,28.73536],[-17.79963,28.73647],[-17.80046,28.73704],[-17.80173,28.73675],[-17.804,28.73673],[-17.80516,28.73708],[-17.80833,28.73689],[-17.80945,28.73735],[-17.81131,28.73748],[-17.81283,28.73844],[-17.81456,28.73837],[-17.81553,28.73913],[-17.81659,28.73927],[-17.81833,28.73787],[-17.81938,28.73788],[-17.82006,28.73739],[-17.82064,28.73574],[-17.82113,28.7351],[-17.82202,28.7347],[-17.82564,28.73516],[-17.82757,28.73477],[-17.82994,28.73494],[-17.83109,28.73439],[-17.83558,28.73468]]]]}},{"type":"Feature","properties":{"name":"Breña Alta"},"geometry":{"type":"MultiPolygon","coordinates":[[[[-17.83452,28.61459],[-17.83398,28.61567],[-17.83344,28.61606],[-17.83225,28.61599],[-17.82902,28.61821],[-17.82654,28.61799],[-17.8254,28.61819],[-17.82136,28.61937],[-17.81978,28.61931],[-17.81843,28.61999],[-17.81723,28.61998],[-17.81408,28.62104],[-17.81329,28.62075],[-17.81147,28.6208],[-17.81102,28.62177],[-17.81019,28.62255],[-17.8053,28.62533],[-17.8041,28.62755],[-17.80224,28.6284],[-17.79828,28.63124],[-17.79768,28.63256],[-17.79786,28.63313],[-17.79702,28.6339],[-17.7975,28.63463],[-17.79729,28.63583],[-17.79648,28.63589],[-17.79629,28.63657],[-17.79369,28.63794],[-17.79205,28.63827],[-17.78411,28.64289],[-17.78426,28.64443],[-17.7812,28.64505],[-17.78082,28.64579],[-17.77783,28.6481],[-17.77778,28.65058],[-17.77616,28.65104],[-17.7761,28.65447],[-17.77556,28.65524],[-17.77214,28.65747],[-17.77104,28.65743],[-17.76968,28.65817],[-17.76957,28.65948],[-17.77035,28.6601],[-17.77012,28.66068],[-17.76831,28.66131],[-17.76689,28.66256],[-17.76616,28.66439],[-17.76705,28.66547],[-17.76733,28.66695],[-17.76774,28.66702],[-17.76817,28.66798],[-17.7681,28.66874],[-17.76727,28.66903],[-17.76739,28.66935],[-17.76841,28.66889],[-17.7688,28.66978],[-17.76858,28.67173],[-17.76803,28.67206],[-17.76826,28.67331],[-17.76847,28.67327],[-17.7683,28.6722],[-17.76896,28.67212],[-17.76925,28.67365],[-17.76813,28.67363],[-17.76849,28.67581],[-17.77334,28.67607],[-17.77325,28.67868],[-17.77204,28.68089],[-17.77062,28.68261],[-17.76946,28.68525],[-17.77173,28.68676],[-17.77511,28.68723],[-17.77776,28.68679],[-17.77841,28.68702],[-17.77891,28.68646],[-17.7798,28.6866],[-17.78587,28.68105],[-17.78667,28.67938],[-17.78953,28.67821],[-17.79053,28.6783],[-17.79349,28.6771],[-17.79482,28.67608],[-17.79606,28.67575],[-17.7984,28.67598],[-17.80344,28.67732],[-17.8073,28.68145],[-17.81199,28.68343],[-17.81312,28.68335],[-17.81573,28.68459],[-17.8202,28.68553],[-17.82265,28.68755],[-17.82491,28.68734],[-17.82626,28.68763],[-17.82935,28.6872],[-17.83358,28.68796],[-17.83214,28.6849],[-17.83157,28.68417],[-17.83024,28.68369],[-17.82969,28.68201],[-17.83023,28.67666],[-17.82758,28.67197],[-17.82785,28.66966],[-17.82646,28.66613],[-17.82642,28.66454],[-17.82671,28.66375],[-17.82644,28.66125],[-17.82581,28.65958],[-17.82578,28.65626],[-17.82513,28.65449],[-17.82519,28.64959],[-17.82572,28.64723],[-17.82514,28.64397],[-17.82558,28.64257],[-17.82461,28.64105],[-17.82516,28.63862],[-17.82588,28.63772],[-17.8258,28.63631],[-17.82689,28.63213],[-17.82672,28.63099],[-17.82699,28.63016],[-17.82833,28.62924],[-17.83024,28.62505],[-17.83212,28.62327],[-17.83231,28.6208],[-17.83393,28.61721],[-17.83505,28.6161],[-17.83452,28.61459]]]]}},{"type":"Feature","properties":{"name":"Betancuria"},"geometry":{"type":"MultiPolygon","coordinates":[[[[-14.15859,28.41183],[-14.15843,28.41164],[-14.15812,28.41218],[-14.15859,28.41183]]],[[[-14.15804,28.41136],[-14.15824,28.41109],[-14.15802,28.41102],[-14.15804,28.41136]]],[[[-14.08965,28.49449],[-14.0898,28.4942],[-14.09067,28.49421],[-14.09073,28.49397],[-14.09115,28.49436],[-14.09142,28.4942],[-14.09179,28.49296],[-14.0917,28.49173],[-14.09236,28.49133],[-14.0927,28.49148],[-14.09312,28.49029],[-14.09377,28.48979],[-14.09489,28.48663],[-14.09499,28.48605],[-14.09462,28.48552],[-14.09499,28.48542],[-14.09715,28.48196],[-14.09786,28.48048],[-14.09807,28.47897],[-14.09867,28.47849],[-14.09914,28.47868],[-14.10063,28.47543],[-14.10209,28.47463],[-14.10254,28.47384],[-14.10306,28.47383],[-14.10363,28.47232],[-14.1043,28.47179],[-14.10447,28.47239],[-14.1053,28.47273],[-14.10552,28.47238],[-14.10593,28.47242],[-14.10664,28.4714],[-14.10666,28.47171],[-14.10699,28.47168],[-14.10828,28.46973],[-14.10902,28.46984],[-14.10925,28.46923],[-14.11074,28.46791],[-14.11118,28.46673],[-14.11169,28.466],[-14.11192,28.46612],[-14.11224,28.46503],[-14.11333,28.4652],[-14.11399,28.46422],[-14.11448,28.4639],[-14.11475,28.46409],[-14.11632,28.46273],[-14.1168,28.4619],[-14.11757,28.46182],[-14.11839,28.46094],[-14.11928,28.46135],[-14.1197,28.46115],[-14.1206,28.46001],[-14.12078,28.46022],[-14.12218,28.45927],[-14.12251,28.45863],[-14.12262,28.45919],[-14.12301,28.45787],[-14.12418,28.45729],[-14.12438,28.45755],[-14.12495,28.45701],[-14.12514,28.45731],[-14.12564,28.45694],[-14.12612,28.45711],[-14.1264,28.45615],[-14.12746,28.45662],[-14.12844,28.45519],[-14.12876,28.45413],[-14.12872,28.45484],[-14.12955,28.45344],[-14.12999,28.45357],[-14.13053,28.45314],[-14.13059,28.45214],[-14.13143,28.45184],[-14.13157,28.45216],[-14.13239,28.45141],[-14.13306,28.45125],[-14.13401,28.4494],[-14.13651,28.44663],[-14.13715,28.44641],[-14.13834,28.44689],[-14.13881,28.44618],[-14.13908,28.44644],[-14.14019,28.44451],[-14.14064,28.44424],[-14.14085,28.44332],[-14.14059,28.44264],[-14.14102,28.44205],[-14.14142,28.44236],[-14.14226,28.44149],[-14.14251,28.44183],[-14.14324,28.44039],[-14.14361,28.44024],[-14.14413,28.44062],[-14.1446,28.44019],[-14.14506,28.44037],[-14.14569,28.43935],[-14.14604,28.4393],[-14.14608,28.43876],[-14.14668,28.43894],[-14.14702,28.43846],[-14.14648,28.43559],[-14.14654,28.43432],[-14.14824,28.4325],[-14.15,28.43217],[-14.15127,28.43015],[-14.15091,28.4294],[-14.15118,28.42792],[-14.15077,28.42772],[-14.1509,28.42424],[-14.15029,28.42314],[-14.14933,28.42282],[-14.1498,28.42088],[-14.15109,28.42056],[-14.15136,28.42075],[-14.15193,28.42041],[-14.1535,28.41766],[-14.15401,28.41747],[-14.15419,28.41663],[-14.15488,28.41613],[-14.15511,28.4151],[-14.1564,28.41352],[-14.15689,28.41166],[-14.15752,28.41233],[-14.15772,28.41144],[-14.1573,28.41021],[-14.15815,28.40793],[-14.15821,28.40678],[-14.15768,28.40612],[-14.15548,28.40564],[-14.1548,28.40497],[-14.15323,28.40582],[-14.15204,28.40598],[-14.13483,28.40418],[-14.13261,28.40254],[-14.13093,28.40177],[-14.13084,28.40091],[-14.12818,28.39906],[-14.12739,28.39785],[-14.12915,28.3953],[-14.1275,28.39366],[-14.12423,28.39185],[-14.12352,28.39063],[-14.12272,28.38813],[-14.12213,28.38791],[-14.11773,28.38805],[-14.11533,28.38734],[-14.11371,28.38732],[-14.11244,28.38798],[-14.11123,28.3881],[-14.10974,28.38763],[-14.10787,28.3876],[-14.10622,28.38699],[-14.1037,28.388],[-14.10143,28.38613],[-14.09938,28.38317],[-14.09772,28.38151],[-14.09364,28.37864],[-14.08973,28.37541],[-14.08629,28.37712],[-14.08245,28.3804],[-14.08031,28.37978],[-14.07811,28.38004],[-14.07658,28.3791],[-14.07449,28.38011],[-14.07299,28.38004],[-14.06774,28.37791],[-14.06431,28.37739],[-14.06266,28.37559],[-14.05997,28.37717],[-14.05965,28.37793],[-14.05964,28.37997],[-14.06016,28.38138],[-14.06007,28.38194],[-14.05929,28.38458],[-14.05807,28.38699],[-14.05801,28.38874],[-14.05729,28.38991],[-14.05706,28.39113],[-14.05412,28.39291],[-14.05288,28.39408],[-14.05162,28.3968],[-14.05076,28.39789],[-14.05045,28.39944],[-14.04813,28.40114],[-14.04657,28.40449],[-14.0451,28.40571],[-14.04517,28.40794],[-14.04442,28.40956],[-14.04509,28.41152],[-14.04519,28.41656],[-14.04583,28.41897],[-14.04522,28.41998],[-14.04533,28.42405],[-14.04479,28.42671],[-14.04677,28.43124],[-14.04742,28.43554],[-14.04712,28.43679],[-14.04738,28.43833],[-14.04484,28.44054],[-14.04347,28.44295],[-14.03994,28.44376],[-14.03603,28.44541],[-14.03243,28.44552],[-14.02962,28.44633],[-14.02787,28.44764],[-14.02592,28.44851],[-14.02295,28.4489],[-14.02072,28.44857],[-14.01707,28.44995],[-14.02082,28.45275],[-14.02241,28.45644],[-14.02824,28.46151],[-14.03786,28.46768],[-14.04335,28.47168],[-14.0436,28.47422],[-14.04274,28.47592],[-14.04094,28.47767],[-14.04056,28.47914],[-14.04142,28.48617],[-14.04312,28.48806],[-14.04378,28.48951],[-14.04632,28.48981],[-14.04892,28.48891],[-14.0505,28.48925],[-14.05163,28.48847],[-14.05411,28.4907],[-14.05595,28.49135],[-14.05649,28.49198],[-14.05739,28.49229],[-14.05785,28.49309],[-14.06008,28.49502],[-14.06082,28.49446],[-14.0631,28.49388],[-14.06415,28.49267],[-14.06479,28.49238],[-14.06831,28.49243],[-14.06988,28.49172],[-14.07034,28.49103],[-14.07104,28.49175],[-14.07231,28.49205],[-14.07431,28.49134],[-14.0766,28.49134],[-14.07728,28.49189],[-14.07731,28.49311],[-14.07831,28.4937],[-14.08023,28.49362],[-14.08201,28.49267],[-14.08448,28.49256],[-14.08621,28.49337],[-14.08714,28.49323],[-14.08965,28.49449]]],[[[-14.15891,28.41082],[-14.15845,28.41129],[-14.15881,28.4113],[-14.15891,28.41082]]]]}},{"type":"Feature","properties":{"name":"La Matanza de Acentejo"},"geometry":{"type":"MultiPolygon","coordinates":[[[[-16.45525,28.46594],[-16.45571,28.46467],[-16.45506,28.463],[-16.45556,28.46283],[-16.45506,28.4627],[-16.45495,28.4621],[-16.45556,28.46182],[-16.45518,28.46117],[-16.45564,28.46022],[-16.4566,28.45943],[-16.4582,28.45853],[-16.45909,28.45837],[-16.4596,28.45785],[-16.4625,28.45842],[-16.46375,28.45938],[-16.46437,28.4593],[-16.46382,28.45846],[-16.46444,28.45842],[-16.46488,28.45962],[-16.46552,28.45945],[-16.46598,28.45991],[-16.46638,28.4593],[-16.46604,28.45826],[-16.46651,28.45837],[-16.46656,28.45765],[-16.46728,28.45776],[-16.46671,28.45731],[-16.46672,28.45682],[-16.46741,28.45527],[-16.46979,28.45453],[-16.47084,28.45541],[-16.47214,28.45565],[-16.47239,28.45547],[-16.4721,28.45529],[-16.4722,28.455],[-16.47262,28.45477],[-16.47347,28.45495],[-16.47355,28.45465],[-16.47286,28.45464],[-16.47291,28.45415],[-16.47329,28.45368],[-16.47408,28.4537],[-16.47416,28.45304],[-16.47363,28.45288],[-16.47324,28.45173],[-16.47065,28.45044],[-16.46997,28.44876],[-16.47196,28.447],[-16.47304,28.44486],[-16.47484,28.44529],[-16.47491,28.44486],[-16.47436,28.44428],[-16.47437,28.44327],[-16.4725,28.44235],[-16.47119,28.44229],[-16.46904,28.44114],[-16.46721,28.44074],[-16.46655,28.4403],[-16.46531,28.44067],[-16.46225,28.43857],[-16.46057,28.43849],[-16.45799,28.43755],[-16.45711,28.43676],[-16.45494,28.43644],[-16.45199,28.43551],[-16.45071,28.43481],[-16.44605,28.43102],[-16.44433,28.43012],[-16.44203,28.42975],[-16.43973,28.42841],[-16.43643,28.42829],[-16.4319,28.42652],[-16.42954,28.42702],[-16.42727,28.42673],[-16.42581,28.42623],[-16.42489,28.42516],[-16.42361,28.42499],[-16.42287,28.42342],[-16.41984,28.42026],[-16.41913,28.41893],[-16.41778,28.41781],[-16.41679,28.41585],[-16.41717,28.4143],[-16.41837,28.41371],[-16.41857,28.41013],[-16.41895,28.4094],[-16.41933,28.40938],[-16.41921,28.4092],[-16.41746,28.40932],[-16.40893,28.41414],[-16.40877,28.41911],[-16.41109,28.42134],[-16.41247,28.42346],[-16.4157,28.42998],[-16.41613,28.43111],[-16.41612,28.43227],[-16.41852,28.43487],[-16.4202,28.43738],[-16.4217,28.43798],[-16.42265,28.43927],[-16.42456,28.43987],[-16.42637,28.44132],[-16.42735,28.44303],[-16.42755,28.44444],[-16.42835,28.44612],[-16.42816,28.44624],[-16.42941,28.44847],[-16.4318,28.4501],[-16.43547,28.45067],[-16.4401,28.4541],[-16.44143,28.4543],[-16.44467,28.45608],[-16.44913,28.46123],[-16.45002,28.46323],[-16.45159,28.46452],[-16.45525,28.46594]]]]}},{"type":"Feature","properties":{"name":"Santa Brígida"},"geometry":{"type":"MultiPolygon","coordinates":[[[[-15.53915,28.03834],[-15.53752,28.0375],[-15.53657,28.03555],[-15.53514,28.0349],[-15.53455,28.03341],[-15.53212,28.03382],[-15.53187,28.03202],[-15.53085,28.03194],[-15.53012,28.02871],[-15.5256,28.02118],[-15.52277,28.01775],[-15.51834,28.01435],[-15.51755,28.01441],[-15.51619,28.01371],[-15.51613,28.01331],[-15.51687,28.01245],[-15.51601,28.01142],[-15.51562,28.00961],[-15.51474,28.00846],[-15.514,28.00847],[-15.5131,28.0078],[-15.51173,28.00899],[-15.5109,28.01142],[-15.50948,28.01393],[-15.50867,28.01365],[-15.50675,28.0138],[-15.50523,28.01453],[-15.50301,28.01347],[-15.50188,28.01403],[-15.50093,28.01381],[-15.50045,28.01456],[-15.4995,28.01396],[-15.49935,28.01469],[-15.49825,28.01425],[-15.49795,28.01509],[-15.49699,28.01509],[-15.49632,28.01577],[-15.49494,28.0158],[-15.49421,28.01646],[-15.49285,28.01593],[-15.49193,28.01636],[-15.49144,28.01606],[-15.4909,28.01659],[-15.49013,28.01606],[-15.48954,28.01616],[-15.48945,28.0171],[-15.48829,28.01731],[-15.48785,28.01872],[-15.4868,28.0192],[-15.48635,28.02135],[-15.48494,28.02241],[-15.48346,28.02271],[-15.48186,28.02249],[-15.48087,28.02323],[-15.47881,28.02309],[-15.47704,28.02221],[-15.47654,28.02276],[-15.4754,28.02226],[-15.474,28.02264],[-15.47294,28.02151],[-15.47204,28.02267],[-15.47091,28.02278],[-15.4704,28.02232],[-15.46846,28.02359],[-15.46687,28.02372],[-15.46574,28.02281],[-15.46357,28.0238],[-15.46171,28.02365],[-15.46088,28.02424],[-15.45944,28.02438],[-15.4586,28.02408],[-15.45732,28.02506],[-15.45722,28.02546],[-15.45653,28.02513],[-15.4563,28.02652],[-15.45673,28.02757],[-15.45612,28.02815],[-15.45465,28.02786],[-15.45291,28.02833],[-15.451,28.03044],[-15.45077,28.03122],[-15.45142,28.03297],[-15.45265,28.03442],[-15.45412,28.03554],[-15.45593,28.03654],[-15.45995,28.03564],[-15.46187,28.03796],[-15.46215,28.03963],[-15.4632,28.0395],[-15.46403,28.03976],[-15.46663,28.04204],[-15.46797,28.04206],[-15.46819,28.04315],[-15.46951,28.04555],[-15.47005,28.0482],[-15.47213,28.04962],[-15.47422,28.05195],[-15.47734,28.05634],[-15.47766,28.05799],[-15.47809,28.0582],[-15.4787,28.05657],[-15.47982,28.05563],[-15.48583,28.05409],[-15.4862,28.05302],[-15.48735,28.05186],[-15.48819,28.05156],[-15.48823,28.05218],[-15.48868,28.05211],[-15.48851,28.05268],[-15.49006,28.05199],[-15.49245,28.05182],[-15.49383,28.05134],[-15.49798,28.05145],[-15.49983,28.05026],[-15.5041,28.04909],[-15.50544,28.04825],[-15.50735,28.04814],[-15.51058,28.04669],[-15.51178,28.04653],[-15.51262,28.04574],[-15.51387,28.04586],[-15.51599,28.04511],[-15.51745,28.04495],[-15.51908,28.04431],[-15.51974,28.04368],[-15.52139,28.04315],[-15.52402,28.04371],[-15.52617,28.04216],[-15.52764,28.04178],[-15.52866,28.0407],[-15.53096,28.04018],[-15.53566,28.03832],[-15.5372,28.03873],[-15.53826,28.03998],[-15.53915,28.03834]]]]}},{"type":"Feature","properties":{"name":"Agulo"},"geometry":{"type":"MultiPolygon","coordinates":[[[[-17.20691,28.19833],[-17.2072,28.19856],[-17.20727,28.19834],[-17.20691,28.19833]]],[[[-17.23562,28.20387],[-17.2372,28.20038],[-17.23652,28.19894],[-17.23628,28.19692],[-17.23573,28.19562],[-17.23364,28.19466],[-17.23338,28.19351],[-17.23225,28.19262],[-17.23194,28.19194],[-17.22977,28.19042],[-17.22922,28.18874],[-17.2294,28.18749],[-17.22973,28.18727],[-17.22932,28.18518],[-17.23038,28.18399],[-17.23101,28.1838],[-17.23186,28.18258],[-17.23234,28.18251],[-17.2332,28.17967],[-17.23389,28.17892],[-17.23489,28.17859],[-17.23543,28.17804],[-17.2376,28.17767],[-17.23862,28.17394],[-17.23994,28.17378],[-17.24079,28.17233],[-17.2422,28.17205],[-17.24056,28.16772],[-17.24269,28.16546],[-17.24425,28.16469],[-17.24519,28.16306],[-17.2451,28.16243],[-17.24405,28.16179],[-17.24323,28.16183],[-17.24389,28.15936],[-17.24509,28.15828],[-17.24537,28.15733],[-17.24699,28.15633],[-17.2486,28.15625],[-17.2516,28.15488],[-17.25264,28.1539],[-17.25313,28.15293],[-17.2534,28.15108],[-17.25171,28.1505],[-17.25094,28.14841],[-17.25122,28.14691],[-17.25295,28.14492],[-17.25283,28.14434],[-17.25195,28.14334],[-17.2528,28.13975],[-17.25377,28.13846],[-17.25429,28.13713],[-17.25437,28.13642],[-17.25356,28.13485],[-17.25339,28.13383],[-17.25442,28.13285],[-17.25511,28.13271],[-17.25664,28.13153],[-17.25667,28.13096],[-17.25596,28.13022],[-17.25619,28.12916],[-17.25677,28.12837],[-17.25625,28.12755],[-17.25546,28.12704],[-17.25581,28.12572],[-17.25512,28.12557],[-17.25317,28.12663],[-17.25113,28.12339],[-17.25006,28.12296],[-17.24946,28.12201],[-17.24829,28.12123],[-17.24595,28.11704],[-17.2435,28.11515],[-17.2427,28.11679],[-17.24264,28.11787],[-17.24009,28.12219],[-17.24044,28.12335],[-17.2399,28.1249],[-17.2412,28.12561],[-17.24133,28.12605],[-17.23794,28.12967],[-17.23743,28.13109],[-17.23761,28.13176],[-17.23819,28.13217],[-17.23855,28.13564],[-17.23745,28.137],[-17.23713,28.1394],[-17.23497,28.14181],[-17.2348,28.1433],[-17.23355,28.14447],[-17.23111,28.14578],[-17.22707,28.14964],[-17.22588,28.15175],[-17.22421,28.15255],[-17.22373,28.15462],[-17.21937,28.15993],[-17.21846,28.16046],[-17.21813,28.16143],[-17.21718,28.16225],[-17.2164,28.16395],[-17.21564,28.16463],[-17.21518,28.16593],[-17.21283,28.16682],[-17.21181,28.16776],[-17.21173,28.16844],[-17.20838,28.17121],[-17.20487,28.17256],[-17.20363,28.17386],[-17.19906,28.17432],[-17.19748,28.17487],[-17.19686,28.17685],[-17.19464,28.1786],[-17.19343,28.18075],[-17.19241,28.18123],[-17.19176,28.18221],[-17.18886,28.18161],[-17.18433,28.18144],[-17.18514,28.18614],[-17.18581,28.18813],[-17.19288,28.19328],[-17.19353,28.19437],[-17.19347,28.19521],[-17.19376,28.19527],[-17.19331,28.19675],[-17.19373,28.1967],[-17.19364,28.19738],[-17.19415,28.19776],[-17.1952,28.19747],[-17.19553,28.19797],[-17.19643,28.19764],[-17.19685,28.19804],[-17.19693,28.19842],[-17.19608,28.19965],[-17.19621,28.20007],[-17.19866,28.19929],[-17.1999,28.19954],[-17.20032,28.20055],[-17.2014,28.20066],[-17.20168,28.19931],[-17.20208,28.19914],[-17.20252,28.19943],[-17.20298,28.19889],[-17.20448,28.19885],[-17.20478,28.19866],[-17.20493,28.19755],[-17.20631,28.19689],[-17.20721,28.19718],[-17.20752,28.1983],[-17.20906,28.19784],[-17.20945,28.19883],[-17.20914,28.19896],[-17.20907,28.19958],[-17.20951,28.19986],[-17.2093,28.19999],[-17.20956,28.20074],[-17.21036,28.20184],[-17.2109,28.2021],[-17.21203,28.2021],[-17.21356,28.20107],[-17.21422,28.20101],[-17.21446,28.20038],[-17.21545,28.19965],[-17.21619,28.19973],[-17.21599,28.20024],[-17.21751,28.20167],[-17.21932,28.20161],[-17.21997,28.20058],[-17.22057,28.20072],[-17.2215,28.20158],[-17.22255,28.2017],[-17.22246,28.20191],[-17.22283,28.20202],[-17.22351,28.20168],[-17.22349,28.20133],[-17.22452,28.20092],[-17.22488,28.20022],[-17.22592,28.20003],[-17.22775,28.20163],[-17.22806,28.20147],[-17.22818,28.20206],[-17.22926,28.20205],[-17.22955,28.20287],[-17.2304,28.20139],[-17.23329,28.20046],[-17.23398,28.20052],[-17.23405,28.20169],[-17.23531,28.20243],[-17.23562,28.20387]]]]}},{"type":"Feature","properties":{"name":"Icod de los Vinos"},"geometry":{"type":"MultiPolygon","coordinates":[[[[-16.684,28.39127],[-16.68641,28.39227],[-16.68755,28.39218],[-16.68801,28.39285],[-16.68827,28.39257],[-16.69029,28.39314],[-16.69084,28.39284],[-16.69184,28.3932],[-16.69316,28.39271],[-16.69336,28.39294],[-16.69273,28.39497],[-16.6931,28.39509],[-16.69318,28.39461],[-16.69343,28.39471],[-16.69358,28.39556],[-16.69397,28.3959],[-16.69407,28.39557],[-16.69454,28.39552],[-16.69427,28.39509],[-16.69468,28.3948],[-16.6949,28.39499],[-16.69503,28.39448],[-16.69452,28.39319],[-16.69419,28.39003],[-16.69463,28.38723],[-16.69592,28.38649],[-16.6973,28.38683],[-16.69846,28.38664],[-16.69873,28.38624],[-16.69927,28.38634],[-16.69972,28.38604],[-16.69989,28.38458],[-16.70144,28.38356],[-16.70217,28.38376],[-16.70542,28.38317],[-16.70604,28.38317],[-16.7064,28.38351],[-16.70675,28.38323],[-16.70934,28.38326],[-16.71042,28.38375],[-16.71074,28.38467],[-16.71155,28.38392],[-16.71219,28.38486],[-16.71274,28.38509],[-16.71305,28.38482],[-16.71291,28.38407],[-16.7132,28.38389],[-16.71472,28.38538],[-16.71567,28.38575],[-16.71706,28.38571],[-16.71707,28.38649],[-16.71755,28.3869],[-16.71786,28.38675],[-16.71883,28.38775],[-16.71959,28.38759],[-16.7198,28.38722],[-16.72009,28.38746],[-16.72054,28.38706],[-16.7204,28.38509],[-16.72004,28.38443],[-16.72024,28.38379],[-16.72112,28.38421],[-16.72189,28.38391],[-16.72238,28.38423],[-16.72315,28.38396],[-16.72335,28.38419],[-16.72371,28.38369],[-16.72346,28.38354],[-16.7242,28.38331],[-16.72429,28.38256],[-16.72391,28.38222],[-16.72309,28.38222],[-16.72246,28.38181],[-16.72247,28.38096],[-16.7235,28.38045],[-16.72463,28.38065],[-16.72488,28.38006],[-16.72579,28.37966],[-16.72538,28.37952],[-16.72546,28.3791],[-16.72483,28.37888],[-16.7242,28.37911],[-16.72382,28.37815],[-16.72454,28.37703],[-16.72516,28.37713],[-16.72515,28.37681],[-16.72595,28.37645],[-16.72704,28.37649],[-16.72824,28.37705],[-16.72876,28.37781],[-16.72967,28.37768],[-16.73061,28.37692],[-16.73093,28.37718],[-16.73076,28.37773],[-16.73122,28.37778],[-16.73087,28.37845],[-16.73148,28.37844],[-16.73097,28.37907],[-16.73202,28.37903],[-16.73184,28.37966],[-16.7322,28.38024],[-16.7318,28.38046],[-16.73155,28.3813],[-16.73227,28.38221],[-16.73431,28.38235],[-16.73574,28.38107],[-16.73544,28.38033],[-16.7359,28.37975],[-16.73854,28.38061],[-16.73891,28.38033],[-16.73866,28.37551],[-16.73736,28.37041],[-16.73761,28.36917],[-16.73738,28.36823],[-16.73935,28.36837],[-16.73944,28.36672],[-16.74016,28.3653],[-16.73929,28.36281],[-16.73936,28.36137],[-16.73985,28.36036],[-16.73997,28.35837],[-16.73968,28.3568],[-16.74001,28.35532],[-16.73916,28.3551],[-16.73842,28.35426],[-16.73923,28.35324],[-16.74194,28.3511],[-16.74265,28.34923],[-16.74423,28.34689],[-16.74453,28.34594],[-16.74435,28.34535],[-16.74344,28.34513],[-16.74339,28.34348],[-16.74389,28.3425],[-16.74386,28.34168],[-16.73422,28.30896],[-16.73291,28.30564],[-16.73328,28.30506],[-16.73211,28.30375],[-16.72927,28.30231],[-16.72859,28.30131],[-16.7275,28.29554],[-16.71916,28.2865],[-16.70478,28.27521],[-16.70072,28.27144],[-16.67733,28.26887],[-16.67464,28.27109],[-16.66933,28.29268],[-16.64073,28.29988],[-16.6328,28.30669],[-16.63387,28.30761],[-16.63412,28.30825],[-16.63331,28.30898],[-16.63407,28.31116],[-16.63317,28.31258],[-16.63327,28.31514],[-16.63475,28.31666],[-16.6348,28.31806],[-16.63532,28.31896],[-16.6368,28.32007],[-16.63734,28.3201],[-16.63769,28.321],[-16.6384,28.32141],[-16.63943,28.32356],[-16.63903,28.32531],[-16.64178,28.32826],[-16.64297,28.33123],[-16.64308,28.3325],[-16.64413,28.33417],[-16.6437,28.33616],[-16.64579,28.33781],[-16.64587,28.33824],[-16.64754,28.33878],[-16.64915,28.33995],[-16.65267,28.34163],[-16.65369,28.34283],[-16.65426,28.34403],[-16.65672,28.34704],[-16.65695,28.34955],[-16.65624,28.35133],[-16.65632,28.3518],[-16.6574,28.35381],[-16.65911,28.35594],[-16.65993,28.35838],[-16.66166,28.36037],[-16.66137,28.36253],[-16.66359,28.36635],[-16.66413,28.367],[-16.66547,28.36735],[-16.66596,28.36806],[-16.66743,28.36817],[-16.6687,28.37025],[-16.66958,28.3706],[-16.67189,28.37336],[-16.67371,28.37498],[-16.67319,28.37754],[-16.67486,28.38077],[-16.67609,28.38224],[-16.67899,28.38407],[-16.68021,28.38704],[-16.68293,28.38838],[-16.684,28.39127]]],[[[-16.71334,28.38479],[-16.71338,28.38514],[-16.71359,28.38499],[-16.71334,28.38479]]]]}},{"type":"Feature","properties":{"name":"San Andrés y Sauces"},"geometry":{"type":"MultiPolygon","coordinates":[[[[-17.85334,28.75419],[-17.85184,28.75311],[-17.85044,28.75141],[-17.85035,28.75069],[-17.84966,28.75018],[-17.84668,28.74968],[-17.83926,28.74639],[-17.8388,28.74582],[-17.83824,28.74361],[-17.83006,28.74721],[-17.82574,28.74523],[-17.81821,28.74561],[-17.81746,28.74531],[-17.81622,28.74567],[-17.81525,28.7454],[-17.81462,28.7458],[-17.81332,28.74552],[-17.81255,28.74584],[-17.81161,28.74568],[-17.80931,28.74702],[-17.80603,28.74764],[-17.79891,28.75046],[-17.79725,28.752],[-17.79628,28.75245],[-17.79573,28.75254],[-17.79504,28.75188],[-17.7946,28.75198],[-17.79401,28.75281],[-17.7935,28.75288],[-17.79181,28.75233],[-17.78972,28.75261],[-17.7887,28.75199],[-17.78811,28.75093],[-17.78718,28.75196],[-17.78536,28.75262],[-17.78449,28.75425],[-17.78166,28.75593],[-17.78137,28.75722],[-17.78023,28.75946],[-17.78023,28.76026],[-17.77966,28.76116],[-17.77901,28.76146],[-17.77862,28.76268],[-17.77814,28.76311],[-17.77643,28.76337],[-17.77554,28.76216],[-17.77498,28.76237],[-17.77475,28.76347],[-17.77328,28.76416],[-17.77185,28.76439],[-17.77155,28.76483],[-17.77209,28.76602],[-17.77179,28.76655],[-17.77046,28.76664],[-17.76861,28.76757],[-17.76656,28.76779],[-17.76545,28.7682],[-17.76481,28.76931],[-17.76133,28.77039],[-17.76114,28.771],[-17.76137,28.77159],[-17.76038,28.77208],[-17.76034,28.77271],[-17.75879,28.77422],[-17.75895,28.77551],[-17.75841,28.77682],[-17.75886,28.77822],[-17.75848,28.77883],[-17.75628,28.78103],[-17.75343,28.78261],[-17.75468,28.78428],[-17.75537,28.78448],[-17.75565,28.78521],[-17.75519,28.7853],[-17.75454,28.78622],[-17.75614,28.78691],[-17.75662,28.78682],[-17.75674,28.78636],[-17.75725,28.78632],[-17.75792,28.78724],[-17.75709,28.78971],[-17.75713,28.79018],[-17.75777,28.79062],[-17.75839,28.79195],[-17.75912,28.80084],[-17.75958,28.80162],[-17.75909,28.80311],[-17.75936,28.8037],[-17.75912,28.80416],[-17.76008,28.80404],[-17.75974,28.8048],[-17.76048,28.80494],[-17.75991,28.80549],[-17.76007,28.80564],[-17.76069,28.80487],[-17.76123,28.80513],[-17.76131,28.80568],[-17.76163,28.80556],[-17.76115,28.80778],[-17.76187,28.80897],[-17.76264,28.80892],[-17.76293,28.80927],[-17.76218,28.81011],[-17.76321,28.80994],[-17.76358,28.81036],[-17.76338,28.81128],[-17.76221,28.81106],[-17.76219,28.81127],[-17.76446,28.81203],[-17.76395,28.81173],[-17.76412,28.81108],[-17.7655,28.81126],[-17.76547,28.81285],[-17.76618,28.8138],[-17.76539,28.81448],[-17.7656,28.81453],[-17.76533,28.81502],[-17.7666,28.81517],[-17.76698,28.81594],[-17.76848,28.81595],[-17.76838,28.81648],[-17.76877,28.81723],[-17.76984,28.81789],[-17.77022,28.81851],[-17.76976,28.81919],[-17.77101,28.81842],[-17.77346,28.81594],[-17.7757,28.81507],[-17.77581,28.81277],[-17.77815,28.81277],[-17.77942,28.81158],[-17.7799,28.80996],[-17.78042,28.80938],[-17.78121,28.8092],[-17.78252,28.81001],[-17.78262,28.80879],[-17.78298,28.80854],[-17.78454,28.80812],[-17.78578,28.80717],[-17.78854,28.80679],[-17.78941,28.80637],[-17.78965,28.80596],[-17.78931,28.80486],[-17.78947,28.80436],[-17.79191,28.80434],[-17.79261,28.80403],[-17.79329,28.8029],[-17.79389,28.80276],[-17.79786,28.804],[-17.80133,28.80285],[-17.8021,28.80198],[-17.80363,28.80186],[-17.80497,28.80114],[-17.80674,28.80145],[-17.80761,28.80066],[-17.80854,28.80075],[-17.80911,28.80032],[-17.80947,28.79934],[-17.8111,28.79955],[-17.81049,28.79897],[-17.81025,28.7982],[-17.81338,28.7966],[-17.81452,28.79498],[-17.81334,28.79439],[-17.81303,28.7934],[-17.81433,28.79274],[-17.81591,28.79272],[-17.81851,28.79157],[-17.82059,28.79145],[-17.82293,28.79012],[-17.8246,28.78852],[-17.82578,28.78367],[-17.82639,28.78306],[-17.82943,28.78184],[-17.83559,28.77458],[-17.84033,28.77062],[-17.84323,28.76541],[-17.84756,28.76199],[-17.85099,28.75827],[-17.85279,28.75565],[-17.85334,28.75419]]]]}},{"type":"Feature","properties":{"name":"Los Silos"},"geometry":{"type":"MultiPolygon","coordinates":[[[[-16.79367,28.37486],[-16.7947,28.37676],[-16.79598,28.37712],[-16.79811,28.37706],[-16.79929,28.37781],[-16.79935,28.37714],[-16.80265,28.37668],[-16.80374,28.37745],[-16.80454,28.37892],[-16.8058,28.37839],[-16.80585,28.37756],[-16.80665,28.37672],[-16.80657,28.37621],[-16.80778,28.37594],[-16.80912,28.37635],[-16.81015,28.37712],[-16.81022,28.3779],[-16.81105,28.37761],[-16.81202,28.37781],[-16.81242,28.3784],[-16.81304,28.37861],[-16.81269,28.37898],[-16.81284,28.37946],[-16.81359,28.37982],[-16.81447,28.37959],[-16.81484,28.38025],[-16.81448,28.38119],[-16.81492,28.38204],[-16.817,28.3817],[-16.81741,28.38236],[-16.81708,28.38319],[-16.81747,28.38353],[-16.81786,28.38348],[-16.81945,28.38442],[-16.82105,28.38447],[-16.82136,28.38564],[-16.82105,28.38615],[-16.82186,28.38633],[-16.82189,28.38667],[-16.82259,28.38702],[-16.8233,28.38804],[-16.82446,28.3872],[-16.82529,28.38702],[-16.82565,28.38743],[-16.82526,28.38785],[-16.82568,28.38826],[-16.82531,28.38973],[-16.82548,28.39036],[-16.82575,28.39037],[-16.82548,28.39157],[-16.82595,28.39216],[-16.82654,28.39257],[-16.8275,28.39211],[-16.82802,28.39355],[-16.82876,28.39311],[-16.829,28.39325],[-16.82952,28.39227],[-16.83039,28.39236],[-16.83371,28.37518],[-16.83475,28.36606],[-16.83322,28.35784],[-16.83365,28.35669],[-16.83471,28.35556],[-16.83555,28.3529],[-16.83455,28.35158],[-16.83371,28.3479],[-16.83417,28.34696],[-16.83375,28.34442],[-16.83426,28.34243],[-16.83373,28.34057],[-16.83442,28.33663],[-16.83212,28.33241],[-16.83178,28.33062],[-16.83206,28.32962],[-16.83101,28.32766],[-16.83094,28.3253],[-16.82923,28.32455],[-16.82806,28.32194],[-16.82674,28.32015],[-16.82654,28.31907],[-16.82594,28.31863],[-16.82488,28.31879],[-16.82487,28.31682],[-16.82372,28.31561],[-16.82289,28.31564],[-16.82055,28.31451],[-16.81858,28.31438],[-16.8162,28.31219],[-16.81336,28.31187],[-16.81189,28.31128],[-16.81006,28.31146],[-16.8083,28.31208],[-16.80726,28.31354],[-16.80727,28.31434],[-16.80879,28.31699],[-16.80919,28.31828],[-16.80922,28.3206],[-16.80815,28.32302],[-16.80805,28.32422],[-16.80533,28.32758],[-16.80517,28.32855],[-16.80184,28.33469],[-16.7995,28.34218],[-16.79628,28.34881],[-16.79506,28.34951],[-16.79332,28.3529],[-16.79355,28.35618],[-16.79471,28.35725],[-16.7957,28.36613],[-16.79675,28.36827],[-16.7971,28.37144],[-16.79695,28.37214],[-16.79559,28.37397],[-16.79423,28.37424],[-16.79367,28.37486]]]]}},{"type":"Feature","properties":{"name":"Santa Lucía de Tirajana"},"geometry":{"type":"MultiPolygon","coordinates":[[[[-15.5433,27.95005],[-15.54397,27.94952],[-15.54315,27.9482],[-15.5426,27.94388],[-15.54115,27.94362],[-15.53955,27.94233],[-15.53923,27.94111],[-15.5393,27.93943],[-15.53971,27.939],[-15.54024,27.93713],[-15.54014,27.93493],[-15.54124,27.93283],[-15.54134,27.93163],[-15.5429,27.92987],[-15.5445,27.92923],[-15.54603,27.9273],[-15.54759,27.92696],[-15.54946,27.92723],[-15.55058,27.92671],[-15.55093,27.92563],[-15.55273,27.92498],[-15.55514,27.92521],[-15.5562,27.92587],[-15.55651,27.92541],[-15.55706,27.9253],[-15.5571,27.92449],[-15.55784,27.9235],[-15.55685,27.92295],[-15.55581,27.91948],[-15.55518,27.91864],[-15.55417,27.91842],[-15.55358,27.91787],[-15.55354,27.9175],[-15.55414,27.91685],[-15.55335,27.91619],[-15.55221,27.91276],[-15.5506,27.91167],[-15.55185,27.91041],[-15.55265,27.907],[-15.55166,27.90592],[-15.55084,27.9066],[-15.55017,27.90637],[-15.54999,27.90575],[-15.55239,27.90271],[-15.55248,27.901],[-15.55097,27.89932],[-15.55082,27.89853],[-15.55123,27.8974],[-15.55232,27.89736],[-15.55157,27.89695],[-15.55143,27.89652],[-15.55183,27.89609],[-15.55164,27.89539],[-15.55078,27.89491],[-15.55047,27.89415],[-15.5496,27.89378],[-15.54882,27.8936],[-15.54762,27.89392],[-15.54694,27.89316],[-15.54555,27.89298],[-15.5423,27.89067],[-15.5416,27.88772],[-15.53965,27.88712],[-15.53835,27.88558],[-15.53648,27.88567],[-15.53532,27.88444],[-15.53592,27.88108],[-15.53521,27.88071],[-15.53422,27.88113],[-15.53364,27.88097],[-15.5331,27.88018],[-15.53352,27.8793],[-15.53334,27.87896],[-15.53124,27.87775],[-15.53039,27.8777],[-15.53122,27.87684],[-15.53212,27.87466],[-15.5337,27.87402],[-15.53666,27.87367],[-15.53843,27.87287],[-15.53856,27.87193],[-15.5394,27.87181],[-15.53941,27.87156],[-15.53866,27.87141],[-15.53775,27.87017],[-15.53746,27.8705],[-15.53694,27.87046],[-15.53604,27.86982],[-15.53499,27.86955],[-15.53516,27.86777],[-15.53448,27.86733],[-15.53429,27.86514],[-15.53349,27.86403],[-15.53348,27.86324],[-15.5327,27.86283],[-15.53258,27.86173],[-15.53221,27.86144],[-15.53157,27.86166],[-15.53076,27.86116],[-15.53049,27.86011],[-15.52981,27.85947],[-15.52974,27.85871],[-15.52846,27.85729],[-15.52847,27.85666],[-15.52886,27.85642],[-15.52864,27.85564],[-15.52797,27.85492],[-15.52831,27.85438],[-15.52961,27.85373],[-15.52938,27.85271],[-15.5284,27.85167],[-15.52692,27.851],[-15.52412,27.85128],[-15.52338,27.85105],[-15.52024,27.85229],[-15.51553,27.85134],[-15.51224,27.84777],[-15.50825,27.8459],[-15.50434,27.84447],[-15.50309,27.8443],[-15.50262,27.84374],[-15.50082,27.8435],[-15.49869,27.8437],[-15.49063,27.84585],[-15.48817,27.84695],[-15.48668,27.84612],[-15.48536,27.84597],[-15.48284,27.84723],[-15.47839,27.85043],[-15.47715,27.85045],[-15.47591,27.8494],[-15.47213,27.8479],[-15.47012,27.84603],[-15.46906,27.84456],[-15.46668,27.84303],[-15.46297,27.8394],[-15.45566,27.83004],[-15.45,27.82423],[-15.4445,27.82029],[-15.43911,27.81581],[-15.43768,27.81524],[-15.43416,27.81292],[-15.43197,27.81093],[-15.42745,27.80561],[-15.42441,27.80791],[-15.4227,27.81031],[-15.42237,27.81295],[-15.42149,27.81384],[-15.42084,27.816],[-15.42075,27.81806],[-15.42107,27.8188],[-15.42283,27.82037],[-15.42334,27.82219],[-15.42321,27.82335],[-15.42207,27.82387],[-15.42287,27.82373],[-15.42284,27.82532],[-15.42219,27.82601],[-15.42164,27.82549],[-15.42143,27.82569],[-15.42221,27.82642],[-15.42246,27.8274],[-15.42232,27.83101],[-15.42109,27.83311],[-15.4182,27.83445],[-15.41803,27.835],[-15.41892,27.83581],[-15.41917,27.83673],[-15.41894,27.83907],[-15.41619,27.84418],[-15.41496,27.84507],[-15.4142,27.84663],[-15.41292,27.84771],[-15.41186,27.84808],[-15.41074,27.8482],[-15.40841,27.84777],[-15.40834,27.84974],[-15.40943,27.85191],[-15.41215,27.85361],[-15.41288,27.85485],[-15.41748,27.85766],[-15.4196,27.85812],[-15.42143,27.85979],[-15.42315,27.85926],[-15.42602,27.86132],[-15.42768,27.86122],[-15.43068,27.86272],[-15.43296,27.86279],[-15.43374,27.86313],[-15.43415,27.86267],[-15.43511,27.86267],[-15.4363,27.86325],[-15.43774,27.8634],[-15.44163,27.86323],[-15.44444,27.86388],[-15.44526,27.86436],[-15.44705,27.86433],[-15.4479,27.86509],[-15.44905,27.86505],[-15.44982,27.86541],[-15.45182,27.86717],[-15.4538,27.86828],[-15.45586,27.86851],[-15.45867,27.86833],[-15.46406,27.8691],[-15.46914,27.86857],[-15.47267,27.86949],[-15.47473,27.87124],[-15.47798,27.87272],[-15.48158,27.87167],[-15.48434,27.8729],[-15.48755,27.87266],[-15.49119,27.87369],[-15.49504,27.8733],[-15.49789,27.87449],[-15.49912,27.87566],[-15.5014,27.8758],[-15.50561,27.87693],[-15.50675,27.87793],[-15.50864,27.8784],[-15.51004,27.87951],[-15.51062,27.88045],[-15.51273,27.88193],[-15.51279,27.8827],[-15.51329,27.88284],[-15.51391,27.88472],[-15.51449,27.88515],[-15.51444,27.886],[-15.514,27.88635],[-15.51473,27.88735],[-15.51421,27.88755],[-15.51333,27.8893],[-15.51393,27.88998],[-15.51379,27.89063],[-15.51464,27.89074],[-15.51464,27.89217],[-15.51623,27.89387],[-15.51614,27.89606],[-15.51676,27.89613],[-15.51775,27.89815],[-15.51728,27.89853],[-15.51773,27.89908],[-15.51733,27.90042],[-15.51913,27.90675],[-15.51961,27.91051],[-15.51931,27.91387],[-15.51988,27.92188],[-15.52075,27.924],[-15.52053,27.92533],[-15.51878,27.92694],[-15.5184,27.92882],[-15.51788,27.92949],[-15.51868,27.9324],[-15.52183,27.93513],[-15.52546,27.93633],[-15.52704,27.93773],[-15.53023,27.93951],[-15.53081,27.94031],[-15.532,27.94061],[-15.53266,27.94159],[-15.53385,27.94218],[-15.53552,27.9436],[-15.5367,27.94624],[-15.53946,27.94676],[-15.54004,27.94741],[-15.53987,27.94817],[-15.54036,27.94825],[-15.54125,27.94947],[-15.54246,27.94956],[-15.5433,27.95005]]]]}},{"type":"Feature","properties":{"name":"Fuencaliente de la Palma"},"geometry":{"type":"MultiPolygon","coordinates":[[[[-17.87944,28.52447],[-17.88024,28.52513],[-17.88011,28.52446],[-17.87944,28.52447]]],[[[-17.87465,28.55473],[-17.87773,28.55345],[-17.88054,28.55352],[-17.8853,28.55147],[-17.88765,28.55147],[-17.8874,28.55096],[-17.88422,28.54874],[-17.88364,28.54676],[-17.88381,28.5452],[-17.88319,28.54495],[-17.8827,28.54379],[-17.88261,28.54255],[-17.88294,28.5423],[-17.8827,28.5419],[-17.88277,28.54166],[-17.88322,28.54177],[-17.88308,28.54151],[-17.8817,28.54177],[-17.88105,28.54143],[-17.88004,28.54019],[-17.87964,28.5378],[-17.87972,28.53627],[-17.87945,28.53577],[-17.87945,28.53351],[-17.87877,28.53279],[-17.87832,28.53128],[-17.87822,28.52891],[-17.87837,28.52817],[-17.87877,28.52782],[-17.87767,28.52671],[-17.87753,28.52617],[-17.8801,28.52562],[-17.87937,28.52479],[-17.87927,28.52408],[-17.878,28.52391],[-17.87849,28.52316],[-17.87673,28.52288],[-17.87657,28.52251],[-17.87562,28.52229],[-17.87525,28.52162],[-17.87551,28.51878],[-17.87639,28.51701],[-17.87633,28.51672],[-17.87529,28.51632],[-17.87497,28.51461],[-17.87621,28.51428],[-17.8769,28.51357],[-17.87633,28.5133],[-17.8756,28.51346],[-17.87517,28.51313],[-17.87597,28.51306],[-17.87571,28.5123],[-17.87462,28.51237],[-17.87449,28.51154],[-17.87526,28.51107],[-17.87501,28.5102],[-17.8752,28.50987],[-17.87492,28.5099],[-17.87468,28.50939],[-17.87494,28.50869],[-17.87561,28.50886],[-17.87541,28.50818],[-17.87579,28.50833],[-17.87627,28.50803],[-17.87601,28.50791],[-17.87637,28.50754],[-17.87699,28.50779],[-17.87725,28.50746],[-17.87611,28.507],[-17.87668,28.50659],[-17.87603,28.50613],[-17.87666,28.506],[-17.87626,28.50537],[-17.87685,28.5046],[-17.87617,28.5042],[-17.87585,28.50376],[-17.87612,28.50355],[-17.87578,28.50336],[-17.87611,28.503],[-17.87691,28.50304],[-17.87619,28.50188],[-17.87681,28.50121],[-17.87659,28.50065],[-17.87606,28.50054],[-17.87593,28.49924],[-17.87504,28.4983],[-17.87476,28.49713],[-17.87504,28.49705],[-17.87442,28.49649],[-17.8754,28.49581],[-17.87506,28.49579],[-17.87474,28.49524],[-17.87612,28.49507],[-17.87612,28.49478],[-17.87528,28.4947],[-17.8757,28.49395],[-17.8748,28.49406],[-17.87489,28.4929],[-17.87453,28.49287],[-17.87469,28.4921],[-17.87323,28.4917],[-17.87356,28.49118],[-17.87427,28.49116],[-17.87461,28.49068],[-17.87297,28.4905],[-17.87253,28.4897],[-17.87284,28.4891],[-17.87242,28.48892],[-17.87231,28.48778],[-17.87195,28.48734],[-17.87148,28.48731],[-17.87027,28.48568],[-17.87027,28.48526],[-17.8693,28.4847],[-17.86953,28.48419],[-17.8687,28.4847],[-17.86902,28.48414],[-17.86825,28.4841],[-17.86813,28.48384],[-17.86886,28.4838],[-17.86936,28.48323],[-17.86836,28.48309],[-17.86845,28.48239],[-17.86979,28.48167],[-17.87004,28.48112],[-17.87074,28.48115],[-17.86965,28.48069],[-17.86961,28.4804],[-17.87042,28.48022],[-17.86938,28.48007],[-17.86884,28.47907],[-17.86913,28.47895],[-17.86871,28.47891],[-17.86832,28.47855],[-17.86855,28.47833],[-17.86791,28.47812],[-17.86811,28.47769],[-17.86781,28.47771],[-17.8677,28.47708],[-17.86858,28.47665],[-17.86812,28.47632],[-17.8683,28.4756],[-17.86803,28.47442],[-17.86848,28.47324],[-17.86801,28.47312],[-17.86805,28.47267],[-17.86763,28.47256],[-17.86738,28.4719],[-17.86627,28.47157],[-17.86553,28.47034],[-17.86542,28.46933],[-17.86478,28.46939],[-17.86445,28.46788],[-17.8638,28.46802],[-17.86297,28.46665],[-17.8624,28.46689],[-17.86173,28.4664],[-17.86079,28.46474],[-17.85921,28.46469],[-17.85886,28.46452],[-17.85896,28.46391],[-17.85828,28.46401],[-17.85774,28.46326],[-17.85747,28.4616],[-17.85775,28.46138],[-17.85683,28.46064],[-17.85655,28.4599],[-17.85546,28.45985],[-17.85458,28.45862],[-17.85348,28.45907],[-17.85252,28.4588],[-17.8519,28.45896],[-17.85028,28.45797],[-17.85038,28.45745],[-17.84954,28.45742],[-17.84878,28.45692],[-17.84873,28.45652],[-17.84688,28.45676],[-17.84557,28.45602],[-17.84443,28.45595],[-17.84393,28.45549],[-17.84449,28.45504],[-17.84403,28.45475],[-17.84332,28.45498],[-17.84267,28.45459],[-17.8428,28.45388],[-17.84224,28.45263],[-17.84178,28.45298],[-17.84055,28.45282],[-17.83899,28.45409],[-17.83836,28.45385],[-17.83761,28.45468],[-17.83658,28.45479],[-17.83669,28.45503],[-17.83563,28.45639],[-17.83388,28.45652],[-17.83253,28.45791],[-17.83276,28.45868],[-17.83239,28.45915],[-17.83264,28.4595],[-17.83239,28.45945],[-17.83198,28.46091],[-17.83233,28.46148],[-17.832,28.4624],[-17.83232,28.46269],[-17.8319,28.46301],[-17.83206,28.46348],[-17.83138,28.46459],[-17.83165,28.46479],[-17.83125,28.46537],[-17.83153,28.46556],[-17.83048,28.46575],[-17.83093,28.46596],[-17.83088,28.46675],[-17.82895,28.46835],[-17.82929,28.46886],[-17.82834,28.46924],[-17.82779,28.46912],[-17.82744,28.46949],[-17.82805,28.47061],[-17.82645,28.47131],[-17.82612,28.47233],[-17.8264,28.47273],[-17.82578,28.47316],[-17.82542,28.47297],[-17.82518,28.47332],[-17.82543,28.47372],[-17.82504,28.47376],[-17.82535,28.47446],[-17.82479,28.47481],[-17.82507,28.47526],[-17.82421,28.47667],[-17.82379,28.4768],[-17.82418,28.47696],[-17.82441,28.47788],[-17.82413,28.47789],[-17.82404,28.47848],[-17.82355,28.47858],[-17.82376,28.47893],[-17.82297,28.47933],[-17.82346,28.4794],[-17.82284,28.47957],[-17.82252,28.48056],[-17.8228,28.48073],[-17.82213,28.48086],[-17.82272,28.48104],[-17.82274,28.48227],[-17.82253,28.48266],[-17.82181,28.48283],[-17.82221,28.48316],[-17.8213,28.4833],[-17.82162,28.48363],[-17.82112,28.48485],[-17.82161,28.48478],[-17.82173,28.48509],[-17.82025,28.48515],[-17.82042,28.48563],[-17.82146,28.48557],[-17.82142,28.48665],[-17.82039,28.48848],[-17.81922,28.48966],[-17.81789,28.48986],[-17.8184,28.49152],[-17.81711,28.49463],[-17.81602,28.49587],[-17.81436,28.49694],[-17.81473,28.49752],[-17.81414,28.49872],[-17.81305,28.49911],[-17.81216,28.49994],[-17.81073,28.5003],[-17.80861,28.50203],[-17.80777,28.5039],[-17.8063,28.50603],[-17.80635,28.5066],[-17.8059,28.50685],[-17.80624,28.50689],[-17.8063,28.5085],[-17.80513,28.50986],[-17.80432,28.50995],[-17.8045,28.51039],[-17.80402,28.5108],[-17.80448,28.51112],[-17.80365,28.51183],[-17.80387,28.51224],[-17.80346,28.51298],[-17.80134,28.51451],[-17.80091,28.51449],[-17.8008,28.51537],[-17.80045,28.51573],[-17.80086,28.51596],[-17.80094,28.51678],[-17.80039,28.51807],[-17.79918,28.51823],[-17.79826,28.51875],[-17.79691,28.5183],[-17.79906,28.52064],[-17.80515,28.52565],[-17.81471,28.52947],[-17.82273,28.53141],[-17.82697,28.53205],[-17.84032,28.53655],[-17.83955,28.54457],[-17.83972,28.54834],[-17.83906,28.55339],[-17.83404,28.55433],[-17.83535,28.55723],[-17.83448,28.55862],[-17.83507,28.56009],[-17.83403,28.56143],[-17.83625,28.56179],[-17.83886,28.55526],[-17.84704,28.55484],[-17.84959,28.55417],[-17.85261,28.55385],[-17.86318,28.55458],[-17.86916,28.55412],[-17.87465,28.55473]]]]}},{"type":"Feature","properties":{"name":"El Tanque"},"geometry":{"type":"MultiPolygon","coordinates":[[[[-16.80726,28.31354],[-16.80327,28.31488],[-16.79341,28.31173],[-16.78879,28.30849],[-16.77434,28.30229],[-16.76567,28.29734],[-16.75623,28.29429],[-16.74368,28.28798],[-16.74836,28.29308],[-16.75319,28.2975],[-16.7575,28.30264],[-16.75945,28.30664],[-16.7613,28.30945],[-16.76409,28.31607],[-16.7681,28.33253],[-16.76658,28.33761],[-16.7649,28.35314],[-16.76504,28.35918],[-16.76571,28.36536],[-16.76685,28.36664],[-16.76707,28.36856],[-16.76909,28.36854],[-16.77302,28.3696],[-16.77617,28.3689],[-16.77695,28.36821],[-16.77787,28.36835],[-16.77964,28.36783],[-16.77931,28.36552],[-16.78231,28.36147],[-16.78548,28.36128],[-16.78709,28.36043],[-16.78758,28.36094],[-16.78874,28.36035],[-16.78923,28.35968],[-16.79004,28.35969],[-16.791,28.36122],[-16.7915,28.36143],[-16.79206,28.36256],[-16.79204,28.36375],[-16.79294,28.36425],[-16.79313,28.36482],[-16.79434,28.36497],[-16.79486,28.3656],[-16.79574,28.36568],[-16.79471,28.35725],[-16.79355,28.35618],[-16.79332,28.3529],[-16.79506,28.34951],[-16.79628,28.34881],[-16.7995,28.34218],[-16.80184,28.33469],[-16.80517,28.32855],[-16.80533,28.32758],[-16.80805,28.32422],[-16.80815,28.32302],[-16.80922,28.3206],[-16.80919,28.31828],[-16.80879,28.31699],[-16.80727,28.31434],[-16.80726,28.31354]]]]}},{"type":"Feature","properties":{"name":"Yaiza"},"geometry":{"type":"MultiPolygon","coordinates":[[[[-13.6957,28.98572],[-13.74489,28.99804],[-13.80733,29.03719],[-13.80798,29.03583],[-13.80897,29.03489],[-13.81073,29.03455],[-13.81126,29.03378],[-13.812,29.03425],[-13.81279,29.03372],[-13.81332,29.03408],[-13.81518,29.03331],[-13.81509,29.03283],[-13.81692,29.03024],[-13.81715,29.02893],[-13.81643,29.02882],[-13.81641,29.02842],[-13.81696,29.02826],[-13.81699,29.0277],[-13.81744,29.02736],[-13.81757,29.02682],[-13.81723,29.02657],[-13.81755,29.02644],[-13.81766,29.02539],[-13.81795,29.02515],[-13.81862,29.02534],[-13.81867,29.02508],[-13.81819,29.02486],[-13.82031,29.02202],[-13.82083,29.02042],[-13.822,29.01923],[-13.82264,29.01932],[-13.82224,29.01899],[-13.82255,29.01706],[-13.8242,29.01542],[-13.82477,29.01423],[-13.82647,29.01253],[-13.82733,29.01102],[-13.82772,29.01107],[-13.82755,29.01051],[-13.82804,29.01052],[-13.82763,29.00993],[-13.82843,29.00935],[-13.82986,29.00714],[-13.82989,29.0063],[-13.82938,29.00504],[-13.82957,29.00437],[-13.8303,29.00409],[-13.82992,29.00355],[-13.83084,29.00099],[-13.83101,28.99866],[-13.83139,28.99819],[-13.83138,28.9977],[-13.83062,28.99715],[-13.83036,28.99652],[-13.8308,28.99614],[-13.83151,28.99443],[-13.8324,28.9944],[-13.83278,28.99322],[-13.83257,28.99198],[-13.83315,28.99138],[-13.83312,28.99077],[-13.83373,28.9899],[-13.83361,28.98897],[-13.83261,28.98739],[-13.83242,28.98521],[-13.83269,28.98507],[-13.83274,28.9843],[-13.8323,28.98224],[-13.83061,28.97974],[-13.83022,28.97967],[-13.83085,28.97861],[-13.82986,28.97887],[-13.82896,28.97709],[-13.82931,28.97558],[-13.83021,28.97547],[-13.82999,28.975],[-13.83029,28.9747],[-13.83108,28.9748],[-13.83214,28.97437],[-13.83277,28.97343],[-13.8332,28.97354],[-13.83346,28.97322],[-13.83328,28.97205],[-13.83372,28.96992],[-13.83458,28.96972],[-13.8346,28.96942],[-13.8342,28.96927],[-13.83426,28.96845],[-13.83393,28.96821],[-13.8341,28.96708],[-13.83346,28.96645],[-13.83392,28.96573],[-13.83366,28.96551],[-13.83413,28.96525],[-13.83411,28.96418],[-13.83296,28.96337],[-13.83049,28.96029],[-13.83057,28.95965],[-13.83225,28.95821],[-13.83223,28.95748],[-13.83365,28.95748],[-13.83311,28.9557],[-13.83381,28.95534],[-13.83385,28.95497],[-13.83286,28.95437],[-13.83412,28.95403],[-13.83437,28.95306],[-13.83373,28.95285],[-13.83349,28.9521],[-13.83433,28.95149],[-13.83397,28.95059],[-13.83323,28.95038],[-13.83249,28.94941],[-13.83275,28.94855],[-13.8325,28.94842],[-13.83249,28.94733],[-13.83292,28.94702],[-13.83264,28.94633],[-13.83285,28.94549],[-13.83246,28.94539],[-13.83241,28.94463],[-13.83256,28.944],[-13.83355,28.94293],[-13.83337,28.94152],[-13.83418,28.94134],[-13.83374,28.94112],[-13.83377,28.9407],[-13.83425,28.94035],[-13.83359,28.93958],[-13.83309,28.93712],[-13.8314,28.9359],[-13.8306,28.93435],[-13.82986,28.93377],[-13.82917,28.93151],[-13.82917,28.93035],[-13.83008,28.92874],[-13.8306,28.9286],[-13.83123,28.92722],[-13.83249,28.92657],[-13.83508,28.92354],[-13.83534,28.92274],[-13.83771,28.92128],[-13.83772,28.92088],[-13.83946,28.91974],[-13.84001,28.91866],[-13.83995,28.91804],[-13.84236,28.91742],[-13.8427,28.91703],[-13.84257,28.91625],[-13.8434,28.91588],[-13.84419,28.91637],[-13.8453,28.91637],[-13.8462,28.91612],[-13.84689,28.91547],[-13.84752,28.91543],[-13.84775,28.91415],[-13.84858,28.91312],[-13.84855,28.91246],[-13.84814,28.91219],[-13.84835,28.91183],[-13.84887,28.91222],[-13.85018,28.91207],[-13.85045,28.91159],[-13.85026,28.91122],[-13.85095,28.91093],[-13.85152,28.90783],[-13.85206,28.90719],[-13.85292,28.90702],[-13.85395,28.90733],[-13.85416,28.90539],[-13.8552,28.9054],[-13.85708,28.90417],[-13.85641,28.90078],[-13.85668,28.89998],[-13.85728,28.89959],[-13.85732,28.89892],[-13.85775,28.89841],[-13.85749,28.89807],[-13.85791,28.89741],[-13.85881,28.89723],[-13.85917,28.8964],[-13.85986,28.89589],[-13.86131,28.89545],[-13.86192,28.89583],[-13.86312,28.89564],[-13.86304,28.89525],[-13.86358,28.89544],[-13.86453,28.89516],[-13.86602,28.89566],[-13.86674,28.89487],[-13.86877,28.89492],[-13.86909,28.89405],[-13.86944,28.89388],[-13.87341,28.89387],[-13.87358,28.89298],[-13.87451,28.8923],[-13.87451,28.89201],[-13.87504,28.89205],[-13.87601,28.89094],[-13.87726,28.89053],[-13.87957,28.88782],[-13.88169,28.88616],[-13.88188,28.8855],[-13.88009,28.88181],[-13.87772,28.8791],[-13.87577,28.87803],[-13.87567,28.87753],[-13.87513,28.87715],[-13.87534,28.87643],[-13.87489,28.87547],[-13.87496,28.87481],[-13.87458,28.87439],[-13.87479,28.8739],[-13.8745,28.87363],[-13.87514,28.8733],[-13.87482,28.87318],[-13.87535,28.87198],[-13.87484,28.86911],[-13.87498,28.86825],[-13.87563,28.86732],[-13.87558,28.86683],[-13.87641,28.86642],[-13.87651,28.86542],[-13.87728,28.86402],[-13.87718,28.86254],[-13.87667,28.86182],[-13.87686,28.85956],[-13.87505,28.85785],[-13.87448,28.85653],[-13.87393,28.8564],[-13.87315,28.85542],[-13.87189,28.85493],[-13.86939,28.85558],[-13.8678,28.85756],[-13.86356,28.86041],[-13.86073,28.8613],[-13.85809,28.86053],[-13.85598,28.86093],[-13.8539,28.86189],[-13.85009,28.86091],[-13.84807,28.86119],[-13.84663,28.86074],[-13.84505,28.8591],[-13.84331,28.85786],[-13.84287,28.85675],[-13.84265,28.85677],[-13.84303,28.85792],[-13.84235,28.8579],[-13.84151,28.85707],[-13.84231,28.85679],[-13.84113,28.85681],[-13.84037,28.85582],[-13.83956,28.85543],[-13.83844,28.85568],[-13.83713,28.85658],[-13.8356,28.85876],[-13.8343,28.85813],[-13.83222,28.85936],[-13.83236,28.85959],[-13.83433,28.85865],[-13.8351,28.85914],[-13.8336,28.86069],[-13.83156,28.86122],[-13.83002,28.86238],[-13.82916,28.86265],[-13.82744,28.86182],[-13.82518,28.8618],[-13.82502,28.86083],[-13.82475,28.86098],[-13.82486,28.86166],[-13.82337,28.86206],[-13.82202,28.86144],[-13.82192,28.8611],[-13.82248,28.86081],[-13.82229,28.86067],[-13.82121,28.86137],[-13.81945,28.86115],[-13.81805,28.86057],[-13.81701,28.85979],[-13.81683,28.85916],[-13.81736,28.85833],[-13.8187,28.85828],[-13.81842,28.85761],[-13.81711,28.85801],[-13.81667,28.85776],[-13.81687,28.85722],[-13.81646,28.85711],[-13.81629,28.8578],[-13.81684,28.85839],[-13.81645,28.85888],[-13.81535,28.8584],[-13.81497,28.85893],[-13.81347,28.85802],[-13.8131,28.85613],[-13.8158,28.85603],[-13.81817,28.85683],[-13.81933,28.85789],[-13.81968,28.85763],[-13.81812,28.85653],[-13.81645,28.85593],[-13.81309,28.8557],[-13.8114,28.85602],[-13.81152,28.85469],[-13.81118,28.85463],[-13.81065,28.85531],[-13.8104,28.85636],[-13.80946,28.85684],[-13.80864,28.85654],[-13.80844,28.85688],[-13.80717,28.85733],[-13.80679,28.85704],[-13.80628,28.85729],[-13.80556,28.8569],[-13.805,28.85702],[-13.80265,28.85869],[-13.80219,28.85867],[-13.80035,28.8582],[-13.79885,28.85726],[-13.79873,28.85584],[-13.79834,28.85572],[-13.79843,28.85482],[-13.79807,28.85446],[-13.79614,28.85506],[-13.7952,28.8547],[-13.79426,28.85398],[-13.79217,28.85117],[-13.79058,28.8485],[-13.7895,28.84569],[-13.78904,28.84346],[-13.78964,28.84318],[-13.78961,28.84293],[-13.78929,28.84264],[-13.78844,28.84269],[-13.78829,28.84234],[-13.78843,28.84198],[-13.7891,28.84206],[-13.78951,28.84172],[-13.78875,28.84093],[-13.78911,28.84051],[-13.78862,28.84009],[-13.78937,28.83992],[-13.7896,28.83946],[-13.78903,28.83917],[-13.78792,28.83934],[-13.7872,28.8384],[-13.78703,28.83874],[-13.78636,28.8387],[-13.78513,28.83992],[-13.78503,28.84099],[-13.78405,28.84251],[-13.7818,28.8432],[-13.7813,28.84382],[-13.77942,28.84343],[-13.77858,28.84371],[-13.77914,28.84472],[-13.77874,28.84609],[-13.77819,28.8461],[-13.77807,28.84663],[-13.7761,28.84727],[-13.77566,28.84772],[-13.77442,28.84798],[-13.77467,28.85132],[-13.77401,28.85201],[-13.77364,28.85185],[-13.7734,28.85226],[-13.77199,28.85277],[-13.77184,28.85328],[-13.77116,28.85382],[-13.7715,28.85424],[-13.77131,28.85461],[-13.7722,28.85521],[-13.77175,28.85661],[-13.77098,28.85721],[-13.76913,28.85732],[-13.76889,28.85836],[-13.76683,28.85945],[-13.76652,28.85997],[-13.76652,28.86112],[-13.76479,28.86169],[-13.76442,28.86211],[-13.76432,28.86339],[-13.76232,28.86393],[-13.76074,28.86563],[-13.76047,28.86739],[-13.75979,28.86785],[-13.75898,28.86764],[-13.75837,28.86801],[-13.7574,28.87001],[-13.75605,28.87079],[-13.75409,28.87317],[-13.75356,28.87315],[-13.75207,28.87437],[-13.749,28.8747],[-13.74978,28.87695],[-13.74925,28.87777],[-13.74833,28.87766],[-13.7482,28.87794],[-13.74994,28.88033],[-13.74966,28.88228],[-13.74808,28.88609],[-13.74726,28.88711],[-13.74646,28.88776],[-13.74592,28.88773],[-13.74508,28.88873],[-13.74575,28.88997],[-13.74507,28.89196],[-13.74458,28.89209],[-13.74449,28.89332],[-13.74386,28.89481],[-13.74292,28.89568],[-13.74372,28.89731],[-13.74263,28.89995],[-13.74135,28.90083],[-13.74055,28.90244],[-13.73949,28.90298],[-13.73948,28.90394],[-13.7387,28.90494],[-13.73661,28.90645],[-13.73472,28.90713],[-13.73001,28.90582],[-13.728,28.90621],[-13.72421,28.90865],[-13.72255,28.91059],[-13.72199,28.91056],[-13.72103,28.91129],[-13.71945,28.91153],[-13.71723,28.91228],[-13.7168,28.9127],[-13.71417,28.91327],[-13.71283,28.91386],[-13.71161,28.91515],[-13.71052,28.91564],[-13.70826,28.91587],[-13.70722,28.91654],[-13.70687,28.9165],[-13.70657,28.91594],[-13.70652,28.91648],[-13.70502,28.91676],[-13.70456,28.91669],[-13.70447,28.91629],[-13.70441,28.91675],[-13.70313,28.91744],[-13.70046,28.9179],[-13.7004,28.9189],[-13.70142,28.92054],[-13.70101,28.92296],[-13.70125,28.92431],[-13.7007,28.92528],[-13.7007,28.926],[-13.70087,28.92705],[-13.70142,28.92774],[-13.70133,28.93038],[-13.70197,28.93209],[-13.70142,28.93374],[-13.70169,28.93523],[-13.7024,28.93702],[-13.70459,28.93951],[-13.70484,28.9406],[-13.70642,28.96263],[-13.70032,28.97541],[-13.69807,28.98228],[-13.6957,28.98572]]],[[[-13.83498,28.97056],[-13.83423,28.97033],[-13.83487,28.97086],[-13.83498,28.97056]]]]}},{"type":"Feature","properties":{"name":"El Sauzal"},"geometry":{"type":"MultiPolygon","coordinates":[[[[-16.43059,28.48737],[-16.43278,28.48545],[-16.43688,28.48284],[-16.43818,28.48156],[-16.44213,28.48132],[-16.44294,28.48027],[-16.44437,28.48026],[-16.44335,28.4788],[-16.44323,28.47705],[-16.44353,28.476],[-16.44496,28.47456],[-16.4466,28.4743],[-16.44707,28.47466],[-16.44713,28.47543],[-16.44753,28.47535],[-16.44769,28.47436],[-16.44805,28.47425],[-16.4486,28.47488],[-16.44921,28.47504],[-16.44957,28.47573],[-16.4501,28.47545],[-16.44999,28.47582],[-16.45026,28.47612],[-16.45045,28.47583],[-16.45102,28.47699],[-16.45128,28.47687],[-16.45166,28.47625],[-16.45127,28.47591],[-16.45163,28.47576],[-16.44971,28.47404],[-16.4491,28.47398],[-16.44933,28.47343],[-16.44958,28.47352],[-16.44959,28.4729],[-16.45004,28.47246],[-16.45105,28.47223],[-16.45059,28.47189],[-16.45101,28.47143],[-16.45289,28.47161],[-16.4532,28.47136],[-16.45298,28.47067],[-16.45428,28.47016],[-16.45434,28.46973],[-16.45506,28.46925],[-16.45554,28.46938],[-16.45557,28.46974],[-16.45582,28.4696],[-16.45568,28.46905],[-16.45656,28.46846],[-16.45623,28.46803],[-16.45674,28.46738],[-16.45612,28.46676],[-16.45543,28.46672],[-16.45525,28.46594],[-16.45159,28.46452],[-16.45002,28.46323],[-16.44913,28.46123],[-16.44467,28.45608],[-16.44143,28.4543],[-16.4401,28.4541],[-16.43547,28.45067],[-16.4318,28.4501],[-16.42941,28.44847],[-16.42816,28.44624],[-16.42835,28.44612],[-16.42755,28.44444],[-16.42735,28.44303],[-16.42637,28.44132],[-16.42456,28.43987],[-16.42265,28.43927],[-16.4217,28.43798],[-16.4202,28.43738],[-16.41852,28.43487],[-16.41612,28.43227],[-16.41613,28.43111],[-16.4157,28.42998],[-16.41247,28.42346],[-16.41109,28.42134],[-16.40877,28.41911],[-16.40893,28.41414],[-16.4069,28.41453],[-16.40632,28.42048],[-16.40423,28.42442],[-16.40242,28.42498],[-16.398,28.42788],[-16.39626,28.42999],[-16.40634,28.44963],[-16.41045,28.46266],[-16.40954,28.46317],[-16.41787,28.47504],[-16.41874,28.47763],[-16.42172,28.47893],[-16.42384,28.48147],[-16.42669,28.48251],[-16.42823,28.48452],[-16.42908,28.48627],[-16.43059,28.48737]]],[[[-16.44557,28.47982],[-16.44528,28.47936],[-16.44502,28.47944],[-16.44557,28.47982]]]]}},{"type":"Feature","properties":{"name":"El Pinar de El Hierro"},"geometry":{"type":"MultiPolygon","coordinates":[[[[-18.0048,27.64766],[-18.00448,27.64782],[-18.0047,27.64799],[-18.0048,27.64766]]],[[[-18.02484,27.7275],[-18.02715,27.72843],[-18.0293,27.72866],[-18.03595,27.72833],[-18.04059,27.72932],[-18.04279,27.72853],[-18.04389,27.72863],[-18.0452,27.72943],[-18.0493,27.72609],[-18.05352,27.72486],[-18.05908,27.72483],[-18.06175,27.72515],[-18.06541,27.72619],[-18.09422,27.72028],[-18.11546,27.71652],[-18.15714,27.7118],[-18.15732,27.71126],[-18.15675,27.71162],[-18.15619,27.7113],[-18.15655,27.71064],[-18.15534,27.71062],[-18.1551,27.71014],[-18.15535,27.70983],[-18.15468,27.70996],[-18.1537,27.70894],[-18.15048,27.70801],[-18.14935,27.70708],[-18.14776,27.70472],[-18.14669,27.7045],[-18.14593,27.70384],[-18.14502,27.70376],[-18.14467,27.70403],[-18.14398,27.70352],[-18.14122,27.70385],[-18.14077,27.70362],[-18.14063,27.70387],[-18.14047,27.7036],[-18.13776,27.70318],[-18.13455,27.70388],[-18.13396,27.70448],[-18.13342,27.70417],[-18.13297,27.70475],[-18.13056,27.70471],[-18.12808,27.70525],[-18.12472,27.70522],[-18.12187,27.70434],[-18.1187,27.70402],[-18.11524,27.70299],[-18.11144,27.70215],[-18.11094,27.7023],[-18.10745,27.70103],[-18.10748,27.70076],[-18.10591,27.70069],[-18.10591,27.70118],[-18.10559,27.70138],[-18.10465,27.70144],[-18.10142,27.70104],[-18.09932,27.70121],[-18.09047,27.69842],[-18.08639,27.69775],[-18.0852,27.69725],[-18.08236,27.697],[-18.07767,27.69734],[-18.07231,27.69714],[-18.06974,27.69654],[-18.06951,27.6961],[-18.06861,27.69638],[-18.06809,27.69597],[-18.06787,27.69617],[-18.06348,27.69502],[-18.06249,27.69451],[-18.05932,27.6949],[-18.05612,27.69423],[-18.05413,27.69309],[-18.05394,27.69332],[-18.05155,27.6925],[-18.05058,27.69271],[-18.05021,27.69255],[-18.0503,27.69194],[-18.04977,27.69216],[-18.04781,27.69054],[-18.04415,27.68872],[-18.03934,27.68712],[-18.03777,27.68623],[-18.03302,27.68211],[-18.0333,27.68198],[-18.0329,27.68192],[-18.03219,27.681],[-18.03238,27.68034],[-18.03197,27.6799],[-18.03149,27.67999],[-18.03151,27.67922],[-18.03109,27.67945],[-18.03059,27.67914],[-18.03049,27.67942],[-18.03026,27.67889],[-18.0295,27.67925],[-18.02883,27.67875],[-18.0283,27.67788],[-18.02842,27.67758],[-18.02783,27.67695],[-18.02868,27.67632],[-18.02801,27.67626],[-18.0284,27.67566],[-18.028,27.67549],[-18.02793,27.67491],[-18.02873,27.67389],[-18.0282,27.67347],[-18.02789,27.67247],[-18.0291,27.67211],[-18.02897,27.67189],[-18.02856,27.67189],[-18.02811,27.67135],[-18.02747,27.67146],[-18.0274,27.6709],[-18.02686,27.6708],[-18.02647,27.67002],[-18.02655,27.67052],[-18.02576,27.6702],[-18.02516,27.67081],[-18.02431,27.66993],[-18.02452,27.66983],[-18.02418,27.66925],[-18.0228,27.66901],[-18.02344,27.66839],[-18.02279,27.66859],[-18.02208,27.66833],[-18.02169,27.66797],[-18.02223,27.6676],[-18.02126,27.66779],[-18.02129,27.6674],[-18.02052,27.66719],[-18.0205,27.66581],[-18.01958,27.66577],[-18.01948,27.66542],[-18.01952,27.66345],[-18.02033,27.6632],[-18.0197,27.66296],[-18.01985,27.66183],[-18.0196,27.6609],[-18.01842,27.65938],[-18.01769,27.65892],[-18.01687,27.65762],[-18.01595,27.65734],[-18.01593,27.65673],[-18.01522,27.65663],[-18.01514,27.65593],[-18.01462,27.65589],[-18.01466,27.65527],[-18.01407,27.65511],[-18.01399,27.65477],[-18.01438,27.65437],[-18.01343,27.6544],[-18.01036,27.65171],[-18.0099,27.6498],[-18.0093,27.64936],[-18.00471,27.64851],[-18.00437,27.6481],[-18.00377,27.64821],[-18.00247,27.64747],[-17.99832,27.64656],[-17.99742,27.64596],[-17.997,27.64531],[-17.99732,27.64502],[-17.99715,27.64481],[-17.99664,27.64533],[-17.99614,27.64479],[-17.99641,27.64204],[-17.99574,27.64089],[-17.99461,27.64024],[-17.9938,27.64035],[-17.99198,27.63951],[-17.99169,27.63888],[-17.98956,27.63873],[-17.98883,27.63818],[-17.98671,27.63773],[-17.9848,27.63889],[-17.98362,27.63823],[-17.98333,27.63835],[-17.98399,27.63849],[-17.9846,27.63907],[-17.98436,27.63937],[-17.98198,27.63987],[-17.98147,27.63941],[-17.98159,27.6403],[-17.98095,27.64071],[-17.97988,27.64067],[-17.97952,27.63947],[-17.98205,27.63891],[-17.98179,27.63851],[-17.9781,27.63946],[-17.97694,27.64101],[-17.97626,27.64102],[-17.97616,27.64134],[-17.97553,27.6415],[-17.97567,27.6422],[-17.97531,27.64272],[-17.97537,27.64335],[-17.97447,27.64431],[-17.97432,27.64508],[-17.97316,27.64573],[-17.97277,27.64672],[-17.97141,27.64742],[-17.97036,27.64843],[-17.97038,27.64898],[-17.97144,27.65073],[-17.97131,27.65365],[-17.97044,27.65826],[-17.97089,27.65897],[-17.97127,27.66152],[-17.97087,27.66395],[-17.97186,27.667],[-17.97132,27.66752],[-17.97129,27.66824],[-17.97244,27.67034],[-17.97236,27.67205],[-17.97028,27.67547],[-17.97001,27.67562],[-17.96949,27.67526],[-17.96993,27.67609],[-17.96954,27.67685],[-17.96785,27.67796],[-17.96735,27.67944],[-17.96661,27.67936],[-17.96677,27.68005],[-17.96735,27.68017],[-17.96737,27.68044],[-17.96734,27.68166],[-17.96674,27.68197],[-17.96723,27.68271],[-17.96651,27.68307],[-17.9667,27.68377],[-17.96706,27.68388],[-17.96705,27.68482],[-17.96644,27.68609],[-17.966,27.68593],[-17.96567,27.68618],[-17.96592,27.68676],[-17.96567,27.68736],[-17.96529,27.6877],[-17.96483,27.68764],[-17.96498,27.68854],[-17.96443,27.68985],[-17.96329,27.69128],[-17.96144,27.69244],[-17.96066,27.69256],[-17.9689,27.7169],[-17.97131,27.71899],[-17.97483,27.73258],[-17.97724,27.73007],[-17.98388,27.72848],[-17.99083,27.7278],[-18.00421,27.72553],[-18.01945,27.72617],[-18.02475,27.7272],[-18.02484,27.7275]]]]}},{"type":"Feature","properties":{"name":"Arucas"},"geometry":{"type":"MultiPolygon","coordinates":[[[[-15.5594,28.1471],[-15.55879,28.14462],[-15.55909,28.14153],[-15.56369,28.13926],[-15.5643,28.1384],[-15.5642,28.13722],[-15.56464,28.13632],[-15.56302,28.13593],[-15.56284,28.13564],[-15.56317,28.13419],[-15.56295,28.13398],[-15.56181,28.13421],[-15.56121,28.13393],[-15.56167,28.13437],[-15.56269,28.13424],[-15.56268,28.13592],[-15.5637,28.13633],[-15.56367,28.13803],[-15.56207,28.13945],[-15.5588,28.14057],[-15.55797,28.14163],[-15.55716,28.14144],[-15.55687,28.14199],[-15.55353,28.14326],[-15.5521,28.14431],[-15.5508,28.14414],[-15.551,28.14307],[-15.55025,28.14221],[-15.55012,28.14281],[-15.55047,28.14332],[-15.55014,28.14366],[-15.54799,28.14429],[-15.54622,28.14379],[-15.54454,28.14263],[-15.54463,28.14185],[-15.54557,28.14019],[-15.54464,28.14049],[-15.54329,28.13962],[-15.5438,28.13842],[-15.54367,28.13581],[-15.54198,28.13148],[-15.54089,28.12994],[-15.54196,28.12891],[-15.5412,28.12704],[-15.54192,28.12556],[-15.54166,28.12438],[-15.54223,28.1241],[-15.54232,28.12358],[-15.54285,28.12345],[-15.5451,28.12062],[-15.54558,28.11957],[-15.54558,28.11804],[-15.54851,28.11217],[-15.54885,28.11029],[-15.54821,28.10968],[-15.54604,28.10874],[-15.54465,28.10726],[-15.54424,28.10452],[-15.54597,28.10027],[-15.54571,28.09905],[-15.54635,28.09883],[-15.54676,28.09701],[-15.54719,28.09684],[-15.54764,28.09581],[-15.54895,28.0952],[-15.54933,28.09404],[-15.54993,28.09382],[-15.55034,28.0924],[-15.55116,28.09225],[-15.55146,28.09167],[-15.55167,28.09044],[-15.5503,28.08778],[-15.54939,28.08735],[-15.54914,28.08671],[-15.54941,28.08492],[-15.54648,28.08621],[-15.5445,28.08612],[-15.54259,28.08665],[-15.54004,28.08646],[-15.5387,28.08593],[-15.53741,28.0848],[-15.53266,28.08363],[-15.53147,28.0836],[-15.52992,28.08294],[-15.5263,28.0834],[-15.52554,28.08392],[-15.52323,28.08393],[-15.52231,28.08458],[-15.52088,28.08454],[-15.52037,28.08486],[-15.51907,28.08673],[-15.51937,28.08777],[-15.51905,28.08893],[-15.51852,28.08925],[-15.51871,28.09012],[-15.51595,28.09399],[-15.51544,28.09427],[-15.51443,28.09393],[-15.51427,28.09415],[-15.51493,28.0947],[-15.51489,28.09504],[-15.51257,28.09618],[-15.5111,28.09749],[-15.50909,28.09745],[-15.50845,28.0989],[-15.50718,28.09922],[-15.50661,28.10001],[-15.5053,28.09995],[-15.5045,28.10037],[-15.50543,28.10259],[-15.505,28.10386],[-15.50426,28.10448],[-15.50424,28.10534],[-15.5027,28.10535],[-15.50165,28.10461],[-15.49997,28.10452],[-15.49938,28.10484],[-15.49927,28.10628],[-15.50025,28.10775],[-15.49966,28.10951],[-15.49986,28.11127],[-15.49865,28.11201],[-15.49877,28.11283],[-15.49714,28.11368],[-15.49716,28.11448],[-15.49819,28.11558],[-15.49699,28.1161],[-15.49687,28.11642],[-15.49754,28.11733],[-15.49728,28.1178],[-15.49627,28.11818],[-15.49544,28.11711],[-15.49471,28.11804],[-15.4952,28.11863],[-15.49626,28.1188],[-15.49686,28.1193],[-15.49618,28.12095],[-15.49748,28.12187],[-15.49704,28.1222],[-15.49623,28.12164],[-15.49532,28.12156],[-15.49427,28.12179],[-15.49232,28.12293],[-15.49242,28.12384],[-15.49187,28.12525],[-15.49123,28.12576],[-15.49002,28.12574],[-15.48999,28.12646],[-15.48921,28.12676],[-15.48831,28.12812],[-15.48802,28.12929],[-15.48702,28.12995],[-15.48724,28.13298],[-15.48592,28.13284],[-15.48476,28.13499],[-15.48572,28.13523],[-15.48599,28.13679],[-15.4866,28.13802],[-15.48838,28.13876],[-15.48826,28.13939],[-15.48878,28.13969],[-15.48876,28.14075],[-15.48955,28.14061],[-15.49009,28.14127],[-15.49001,28.14163],[-15.4904,28.14134],[-15.49079,28.14165],[-15.49199,28.14077],[-15.49517,28.14313],[-15.49629,28.14337],[-15.49621,28.14382],[-15.49578,28.14396],[-15.49596,28.14431],[-15.49564,28.14508],[-15.49616,28.14454],[-15.49651,28.14474],[-15.49806,28.14305],[-15.49936,28.14264],[-15.50077,28.14286],[-15.50259,28.14431],[-15.50283,28.1455],[-15.50607,28.1464],[-15.50748,28.14569],[-15.50726,28.1468],[-15.50753,28.14739],[-15.5092,28.14829],[-15.50966,28.14758],[-15.51102,28.14836],[-15.51154,28.1479],[-15.51255,28.14845],[-15.5127,28.14802],[-15.51372,28.14797],[-15.51415,28.14757],[-15.51506,28.14599],[-15.51515,28.14641],[-15.51554,28.14632],[-15.51561,28.14756],[-15.51595,28.14785],[-15.51716,28.14742],[-15.51884,28.14934],[-15.52073,28.14996],[-15.52111,28.15154],[-15.52244,28.15129],[-15.52252,28.15182],[-15.52172,28.15242],[-15.52176,28.15331],[-15.52305,28.15306],[-15.52395,28.15388],[-15.52444,28.15341],[-15.52594,28.15374],[-15.52621,28.15408],[-15.52635,28.15386],[-15.52681,28.15507],[-15.52742,28.15431],[-15.52814,28.15464],[-15.52856,28.15413],[-15.52863,28.15498],[-15.52937,28.15523],[-15.53178,28.15362],[-15.53198,28.15424],[-15.5323,28.1542],[-15.53213,28.15291],[-15.5326,28.15245],[-15.53318,28.15269],[-15.53343,28.15215],[-15.5347,28.15213],[-15.53488,28.15045],[-15.53545,28.15019],[-15.53629,28.1503],[-15.53872,28.15157],[-15.5391,28.15116],[-15.53892,28.15012],[-15.53918,28.14963],[-15.54078,28.14989],[-15.54264,28.14758],[-15.54599,28.14644],[-15.54903,28.14691],[-15.55083,28.14627],[-15.55611,28.14591],[-15.5594,28.1471]]],[[[-15.4967,28.1466],[-15.49661,28.14681],[-15.49704,28.14691],[-15.4967,28.1466]]],[[[-15.49642,28.14659],[-15.49605,28.14685],[-15.49632,28.147],[-15.49642,28.14659]]]]}},{"type":"Feature","properties":{"name":"Adeje"},"geometry":{"type":"MultiPolygon","coordinates":[[[[-16.76095,28.10018],[-16.76078,28.1004],[-16.76153,28.10003],[-16.76095,28.10018]]],[[[-16.7809,28.12336],[-16.78121,28.12303],[-16.78052,28.12309],[-16.7809,28.12336]]],[[[-16.73951,28.08626],[-16.73984,28.08673],[-16.73964,28.08601],[-16.73951,28.08626]]],[[[-16.74388,28.09022],[-16.74404,28.09008],[-16.7437,28.08995],[-16.74388,28.09022]]],[[[-16.74536,28.09084],[-16.74565,28.09072],[-16.74476,28.09058],[-16.74536,28.09084]]],[[[-16.6807,28.21278],[-16.68276,28.2093],[-16.68755,28.20672],[-16.68988,28.20487],[-16.6917,28.20431],[-16.69404,28.20248],[-16.69584,28.20221],[-16.69741,28.20134],[-16.69895,28.1997],[-16.70016,28.19689],[-16.70113,28.19607],[-16.7032,28.19519],[-16.70548,28.19223],[-16.70665,28.1921],[-16.70686,28.19153],[-16.7076,28.19111],[-16.708,28.18997],[-16.70908,28.18908],[-16.70917,28.18844],[-16.71008,28.18833],[-16.71124,28.18573],[-16.71441,28.18471],[-16.71558,28.18363],[-16.71864,28.18232],[-16.71836,28.18169],[-16.71889,28.18135],[-16.71936,28.18007],[-16.72039,28.17875],[-16.72241,28.17877],[-16.72425,28.17824],[-16.7261,28.17838],[-16.7271,28.17718],[-16.72796,28.17692],[-16.7287,28.17583],[-16.72949,28.17621],[-16.73092,28.17585],[-16.73171,28.17598],[-16.73221,28.17549],[-16.7332,28.17549],[-16.73514,28.17375],[-16.73656,28.17316],[-16.73772,28.17222],[-16.73917,28.17241],[-16.73979,28.17141],[-16.74177,28.17025],[-16.74255,28.17047],[-16.74388,28.1701],[-16.74457,28.16917],[-16.74605,28.16904],[-16.74719,28.16771],[-16.74901,28.1681],[-16.74983,28.16707],[-16.75094,28.16721],[-16.75236,28.16689],[-16.75424,28.16719],[-16.75494,28.16764],[-16.75604,28.16749],[-16.75687,28.16698],[-16.7598,28.16766],[-16.76023,28.16668],[-16.76225,28.16616],[-16.76366,28.16538],[-16.76433,28.16553],[-16.76484,28.16487],[-16.76707,28.1651],[-16.7681,28.16491],[-16.76891,28.16405],[-16.76985,28.16365],[-16.77229,28.16388],[-16.77348,28.1631],[-16.77486,28.16339],[-16.77541,28.16321],[-16.77666,28.16388],[-16.7788,28.16377],[-16.78012,28.16302],[-16.78279,28.16245],[-16.78338,28.16186],[-16.78468,28.16133],[-16.788,28.16043],[-16.79294,28.16069],[-16.79491,28.1597],[-16.79597,28.1585],[-16.79791,28.15845],[-16.79899,28.15768],[-16.80238,28.15673],[-16.8018,28.15641],[-16.80224,28.15533],[-16.80186,28.15532],[-16.80198,28.15498],[-16.80061,28.15497],[-16.80083,28.15389],[-16.79874,28.15274],[-16.79857,28.15166],[-16.799,28.14973],[-16.79789,28.14838],[-16.79756,28.1467],[-16.79566,28.14605],[-16.79469,28.14476],[-16.79519,28.14277],[-16.79466,28.1426],[-16.79442,28.14307],[-16.79405,28.143],[-16.79396,28.14119],[-16.79357,28.14016],[-16.79246,28.13896],[-16.79178,28.13965],[-16.79163,28.13892],[-16.79065,28.13889],[-16.78864,28.13727],[-16.78847,28.13698],[-16.78886,28.13659],[-16.7875,28.13501],[-16.78772,28.1344],[-16.78723,28.13413],[-16.78669,28.13454],[-16.78717,28.1334],[-16.78649,28.13365],[-16.78654,28.13159],[-16.786,28.13127],[-16.78651,28.13031],[-16.78394,28.12846],[-16.78388,28.1263],[-16.78321,28.12689],[-16.78251,28.12677],[-16.78262,28.12716],[-16.78234,28.12731],[-16.78178,28.12716],[-16.78121,28.12546],[-16.78062,28.12512],[-16.78107,28.12462],[-16.78077,28.12431],[-16.78113,28.12397],[-16.77993,28.12316],[-16.78043,28.12247],[-16.78,28.12213],[-16.78015,28.1214],[-16.77879,28.12182],[-16.77807,28.12164],[-16.77942,28.12035],[-16.77905,28.11974],[-16.77837,28.11947],[-16.77769,28.1197],[-16.77691,28.11928],[-16.77684,28.11962],[-16.7764,28.11974],[-16.77584,28.11952],[-16.77732,28.11884],[-16.777,28.11867],[-16.77692,28.11833],[-16.77739,28.11805],[-16.77714,28.11754],[-16.77684,28.11759],[-16.77694,28.11728],[-16.77439,28.11825],[-16.77467,28.11757],[-16.77452,28.11661],[-16.7741,28.11665],[-16.77405,28.11641],[-16.77447,28.116],[-16.77343,28.11582],[-16.77368,28.11535],[-16.77316,28.11532],[-16.77372,28.11384],[-16.77316,28.11352],[-16.77302,28.11297],[-16.77255,28.11262],[-16.7721,28.11298],[-16.77092,28.11255],[-16.76941,28.11366],[-16.7684,28.11368],[-16.76788,28.11274],[-16.76936,28.11168],[-16.76932,28.11127],[-16.76859,28.11127],[-16.7691,28.1104],[-16.76881,28.11006],[-16.76925,28.10962],[-16.76759,28.11022],[-16.76551,28.11017],[-16.76408,28.11053],[-16.76312,28.11017],[-16.76318,28.10983],[-16.76249,28.10945],[-16.76249,28.10893],[-16.76184,28.10903],[-16.7606,28.10764],[-16.76172,28.10473],[-16.75869,28.10549],[-16.75815,28.10517],[-16.75869,28.10432],[-16.75847,28.10404],[-16.75905,28.10265],[-16.75973,28.10188],[-16.75936,28.10127],[-16.75871,28.10087],[-16.75753,28.10157],[-16.75713,28.10151],[-16.75721,28.1011],[-16.75682,28.10077],[-16.75553,28.10068],[-16.75579,28.0998],[-16.75651,28.09907],[-16.75631,28.09864],[-16.75383,28.09887],[-16.75255,28.09843],[-16.75156,28.09665],[-16.75102,28.09627],[-16.75124,28.09562],[-16.75057,28.09542],[-16.75039,28.09447],[-16.74968,28.09385],[-16.74978,28.09275],[-16.74958,28.09352],[-16.74845,28.09341],[-16.7465,28.0921],[-16.74677,28.09138],[-16.74639,28.09204],[-16.74571,28.09201],[-16.74309,28.09041],[-16.74344,28.08971],[-16.74305,28.0894],[-16.74058,28.08984],[-16.74096,28.08886],[-16.74055,28.08833],[-16.74048,28.08751],[-16.74007,28.08847],[-16.73892,28.08804],[-16.73629,28.08337],[-16.73652,28.08228],[-16.73746,28.08234],[-16.73635,28.08118],[-16.73666,28.0802],[-16.73586,28.08053],[-16.7356,28.08006],[-16.73577,28.0793],[-16.73618,28.07922],[-16.73675,28.07964],[-16.73721,28.07898],[-16.73613,28.07888],[-16.73598,28.07815],[-16.73626,28.0775],[-16.73685,28.07719],[-16.73774,28.07783],[-16.73808,28.07916],[-16.7377,28.07924],[-16.73761,28.08003],[-16.7379,28.08018],[-16.73841,28.07908],[-16.73804,28.07779],[-16.73555,28.07621],[-16.73461,28.07431],[-16.73408,28.07437],[-16.73425,28.07388],[-16.73347,28.07368],[-16.73373,28.07293],[-16.73331,28.07319],[-16.73278,28.07274],[-16.73291,28.0722],[-16.73379,28.07175],[-16.73422,28.07251],[-16.73414,28.07153],[-16.73344,28.07157],[-16.73303,28.07082],[-16.733,28.07029],[-16.73359,28.06989],[-16.73286,28.07004],[-16.73273,28.06932],[-16.7342,28.06837],[-16.73478,28.06931],[-16.73432,28.06805],[-16.73353,28.06832],[-16.73324,28.06802],[-16.73345,28.06704],[-16.7297,28.06738],[-16.7268,28.0654],[-16.72589,28.06737],[-16.72518,28.06762],[-16.72199,28.06617],[-16.72179,28.06681],[-16.72025,28.0685],[-16.71881,28.06932],[-16.71855,28.07019],[-16.71538,28.07208],[-16.71472,28.07296],[-16.71291,28.07368],[-16.711,28.07536],[-16.70944,28.07511],[-16.7067,28.07883],[-16.70637,28.07946],[-16.70628,28.08153],[-16.7047,28.0835],[-16.70358,28.08414],[-16.702,28.08385],[-16.70102,28.08438],[-16.70009,28.08434],[-16.69901,28.0848],[-16.69809,28.08684],[-16.6974,28.08733],[-16.69616,28.08954],[-16.69374,28.09222],[-16.69117,28.09583],[-16.69099,28.09771],[-16.69141,28.09888],[-16.69098,28.10038],[-16.69141,28.10176],[-16.69074,28.10304],[-16.69082,28.10412],[-16.6904,28.10525],[-16.69164,28.1079],[-16.68998,28.10896],[-16.68954,28.11027],[-16.68963,28.11106],[-16.68875,28.11206],[-16.68874,28.11387],[-16.68824,28.11463],[-16.6865,28.11547],[-16.68566,28.11629],[-16.68428,28.11939],[-16.68464,28.12064],[-16.68691,28.12237],[-16.68661,28.12333],[-16.68752,28.12403],[-16.6869,28.12475],[-16.68667,28.12598],[-16.68751,28.12707],[-16.68715,28.12803],[-16.68759,28.12858],[-16.68739,28.12981],[-16.68896,28.13039],[-16.68823,28.13098],[-16.68872,28.13148],[-16.68914,28.1329],[-16.68864,28.13368],[-16.68871,28.13429],[-16.68734,28.1357],[-16.68779,28.13725],[-16.68744,28.13915],[-16.68453,28.14499],[-16.68279,28.14654],[-16.68114,28.1511],[-16.67964,28.15291],[-16.67912,28.15469],[-16.67909,28.1565],[-16.67826,28.158],[-16.67807,28.15916],[-16.67668,28.16138],[-16.67628,28.16264],[-16.67442,28.16492],[-16.67445,28.16792],[-16.67334,28.1693],[-16.67295,28.17029],[-16.67177,28.17135],[-16.67016,28.17202],[-16.66978,28.17284],[-16.66832,28.17427],[-16.66042,28.2013],[-16.66112,28.20161],[-16.66187,28.20347],[-16.66358,28.20571],[-16.66561,28.20626],[-16.66658,28.20703],[-16.67012,28.20706],[-16.6724,28.20825],[-16.67431,28.2083],[-16.67684,28.20955],[-16.6775,28.21122],[-16.67856,28.21232],[-16.67949,28.21274],[-16.6807,28.21278]]]]}},{"type":"Feature","properties":{"name":"La Oliva"},"geometry":{"type":"MultiPolygon","coordinates":[[[[-14.03352,28.63138],[-14.03346,28.63171],[-14.03381,28.63162],[-14.03352,28.63138]]],[[[-14.03287,28.63136],[-14.03294,28.63171],[-14.03319,28.63166],[-14.03287,28.63136]]],[[[-14.03202,28.62534],[-14.03247,28.62524],[-14.03233,28.62505],[-14.03202,28.62534]]],[[[-13.81709,28.73505],[-13.81675,28.73495],[-13.81687,28.73523],[-13.81709,28.73505]]],[[[-13.81419,28.73658],[-13.81485,28.73648],[-13.81466,28.7363],[-13.81419,28.73658]]],[[[-13.81804,28.73634],[-13.81801,28.73722],[-13.81825,28.73668],[-13.81804,28.73634]]],[[[-13.81703,28.73752],[-13.81744,28.73725],[-13.81733,28.73692],[-13.81706,28.73728],[-13.81591,28.73721],[-13.81601,28.7378],[-13.81703,28.73752]]],[[[-13.82854,28.56456],[-13.82821,28.56535],[-13.82742,28.56606],[-13.82676,28.56867],[-13.82721,28.56951],[-13.82885,28.57087],[-13.82983,28.57221],[-13.83021,28.57377],[-13.82969,28.57462],[-13.83013,28.57574],[-13.82893,28.5769],[-13.82868,28.57753],[-13.82921,28.57878],[-13.82833,28.57963],[-13.82823,28.58024],[-13.82858,28.58085],[-13.82843,28.58287],[-13.82707,28.58402],[-13.8279,28.58574],[-13.82649,28.58561],[-13.82519,28.58842],[-13.82354,28.58936],[-13.82244,28.59304],[-13.82385,28.59489],[-13.82343,28.59622],[-13.82523,28.59692],[-13.82535,28.59744],[-13.82499,28.59824],[-13.82618,28.60128],[-13.82596,28.60179],[-13.82635,28.6021],[-13.82668,28.6035],[-13.82708,28.60377],[-13.82664,28.60512],[-13.82725,28.60532],[-13.82735,28.60565],[-13.82727,28.60664],[-13.82644,28.60846],[-13.82554,28.60766],[-13.82559,28.607],[-13.82525,28.60709],[-13.82494,28.60785],[-13.82458,28.60781],[-13.82473,28.60737],[-13.8244,28.60745],[-13.82453,28.60995],[-13.82346,28.61075],[-13.82369,28.61162],[-13.82426,28.61195],[-13.82415,28.61279],[-13.8249,28.61362],[-13.82513,28.61461],[-13.82521,28.61764],[-13.82404,28.61927],[-13.82447,28.62016],[-13.82552,28.61998],[-13.82576,28.62077],[-13.82633,28.62084],[-13.82614,28.62343],[-13.82573,28.62408],[-13.8256,28.62525],[-13.82627,28.62527],[-13.82631,28.62625],[-13.82791,28.62759],[-13.82856,28.62914],[-13.82873,28.63062],[-13.82824,28.63219],[-13.8288,28.63284],[-13.82868,28.63313],[-13.8292,28.63349],[-13.82919,28.63446],[-13.82988,28.63571],[-13.82942,28.6365],[-13.83022,28.63951],[-13.82983,28.63984],[-13.82995,28.64102],[-13.82963,28.64234],[-13.82977,28.64334],[-13.83029,28.64386],[-13.83027,28.64449],[-13.83069,28.64517],[-13.83046,28.64818],[-13.83081,28.64919],[-13.83058,28.65001],[-13.8312,28.65106],[-13.8306,28.65286],[-13.83121,28.65439],[-13.8305,28.65571],[-13.83078,28.65683],[-13.83153,28.65724],[-13.83131,28.65806],[-13.83179,28.65908],[-13.83124,28.66087],[-13.83199,28.66134],[-13.83207,28.66216],[-13.83104,28.66304],[-13.83115,28.66358],[-13.83078,28.66423],[-13.83159,28.66604],[-13.83246,28.66622],[-13.83202,28.66703],[-13.83202,28.66855],[-13.8326,28.66906],[-13.83254,28.66958],[-13.8329,28.66995],[-13.83279,28.6727],[-13.83355,28.67389],[-13.83388,28.67533],[-13.83381,28.6758],[-13.83322,28.6763],[-13.83317,28.67813],[-13.83249,28.67867],[-13.83166,28.6804],[-13.83247,28.68595],[-13.83198,28.68687],[-13.83072,28.68733],[-13.83081,28.68821],[-13.83153,28.68883],[-13.83187,28.69042],[-13.83185,28.69135],[-13.83128,28.69207],[-13.83089,28.69386],[-13.83157,28.69455],[-13.83178,28.69622],[-13.83264,28.69854],[-13.83552,28.70259],[-13.83705,28.70621],[-13.83789,28.70928],[-13.83794,28.71072],[-13.83765,28.71126],[-13.83665,28.71161],[-13.83625,28.71277],[-13.83777,28.71409],[-13.83981,28.71933],[-13.84102,28.7205],[-13.84174,28.72177],[-13.84184,28.72434],[-13.84244,28.72626],[-13.84384,28.7272],[-13.8452,28.72765],[-13.84921,28.72725],[-13.85102,28.72671],[-13.8525,28.72702],[-13.85339,28.72794],[-13.85453,28.72818],[-13.85457,28.7289],[-13.85551,28.73034],[-13.85725,28.73092],[-13.8582,28.73206],[-13.85945,28.73221],[-13.8608,28.73091],[-13.86155,28.73078],[-13.86344,28.73157],[-13.86507,28.73339],[-13.86612,28.73337],[-13.86755,28.73596],[-13.86696,28.73771],[-13.8672,28.73858],[-13.86599,28.74101],[-13.86436,28.74182],[-13.86354,28.74089],[-13.86374,28.74019],[-13.86275,28.74015],[-13.86246,28.74054],[-13.8607,28.74012],[-13.86062,28.74039],[-13.8628,28.74098],[-13.8638,28.74166],[-13.86433,28.74231],[-13.86385,28.74286],[-13.86396,28.74331],[-13.86518,28.74518],[-13.86626,28.74583],[-13.86717,28.74588],[-13.86947,28.74448],[-13.8711,28.74406],[-13.87146,28.74338],[-13.87283,28.74256],[-13.87434,28.74267],[-13.87358,28.74347],[-13.87317,28.74309],[-13.87273,28.74346],[-13.87382,28.74609],[-13.87368,28.74679],[-13.87398,28.74788],[-13.87628,28.75011],[-13.87717,28.75053],[-13.87751,28.75183],[-13.87846,28.75201],[-13.87979,28.75178],[-13.88125,28.75302],[-13.88554,28.75473],[-13.88704,28.75631],[-13.88918,28.7568],[-13.89007,28.7566],[-13.89088,28.75701],[-13.89257,28.7562],[-13.89357,28.75607],[-13.89361,28.75532],[-13.89517,28.75292],[-13.89747,28.75232],[-13.89884,28.75269],[-13.89941,28.75319],[-13.90013,28.75311],[-13.90238,28.75126],[-13.90265,28.7505],[-13.90339,28.75],[-13.90378,28.74921],[-13.9075,28.7482],[-13.90763,28.74703],[-13.9086,28.74688],[-13.9095,28.74716],[-13.9136,28.74677],[-13.9146,28.74618],[-13.91506,28.74512],[-13.9157,28.74475],[-13.91734,28.74684],[-13.91816,28.74703],[-13.91841,28.74663],[-13.91979,28.74734],[-13.9206,28.74918],[-13.92246,28.74978],[-13.9227,28.75059],[-13.92336,28.7511],[-13.92539,28.75157],[-13.92659,28.75141],[-13.92923,28.74952],[-13.93118,28.74896],[-13.93159,28.74773],[-13.93405,28.74644],[-13.93425,28.74581],[-13.93397,28.7446],[-13.9348,28.7443],[-13.93519,28.74378],[-13.93546,28.74294],[-13.93531,28.74215],[-13.9357,28.74175],[-13.93635,28.74159],[-13.93726,28.742],[-13.93877,28.74142],[-13.9387,28.74034],[-13.93808,28.73974],[-13.93764,28.73972],[-13.93777,28.73916],[-13.93921,28.7394],[-13.93909,28.74019],[-13.93966,28.74151],[-13.93969,28.74297],[-13.94073,28.74406],[-13.94058,28.74559],[-13.94171,28.74618],[-13.94202,28.74538],[-13.94313,28.74424],[-13.94453,28.74349],[-13.94573,28.74341],[-13.9465,28.743],[-13.94742,28.7434],[-13.94804,28.74331],[-13.95011,28.74153],[-13.95156,28.74089],[-13.95193,28.74047],[-13.95189,28.73972],[-13.95411,28.73872],[-13.95418,28.73793],[-13.95377,28.73765],[-13.95435,28.73711],[-13.95517,28.73691],[-13.95531,28.73606],[-13.95715,28.73523],[-13.95763,28.73555],[-13.95742,28.73636],[-13.95762,28.73707],[-13.95879,28.73744],[-13.95938,28.7372],[-13.9594,28.73629],[-13.95983,28.73618],[-13.96083,28.73671],[-13.96178,28.73621],[-13.96174,28.73423],[-13.96204,28.73399],[-13.96472,28.73331],[-13.96887,28.7349],[-13.97073,28.73388],[-13.97006,28.73316],[-13.97099,28.73136],[-13.97163,28.73105],[-13.97289,28.73128],[-13.97419,28.73381],[-13.97491,28.73444],[-13.97587,28.73492],[-13.97682,28.73493],[-13.97782,28.73443],[-13.97826,28.7336],[-13.97749,28.73283],[-13.97731,28.73173],[-13.97686,28.73124],[-13.97706,28.73097],[-13.97783,28.73101],[-13.97912,28.73207],[-13.98011,28.73217],[-13.98061,28.73108],[-13.98238,28.73007],[-13.98237,28.72956],[-13.98025,28.72792],[-13.98064,28.72743],[-13.98096,28.72736],[-13.98326,28.72942],[-13.98348,28.72879],[-13.98414,28.72894],[-13.98468,28.72857],[-13.9853,28.72728],[-13.98612,28.72755],[-13.98732,28.72712],[-13.9874,28.72582],[-13.98711,28.72533],[-13.98875,28.72408],[-13.98979,28.72428],[-13.99163,28.72377],[-13.99095,28.72523],[-13.99145,28.72595],[-13.992,28.72582],[-13.99209,28.72467],[-13.99389,28.72343],[-13.99547,28.72322],[-13.99711,28.72386],[-13.9982,28.72366],[-13.99847,28.7247],[-13.99881,28.7246],[-13.99927,28.72414],[-13.99902,28.72302],[-13.9992,28.72236],[-13.99903,28.72179],[-13.99771,28.72048],[-13.99795,28.72004],[-13.99942,28.72028],[-14.00043,28.71979],[-14.00146,28.7199],[-14.00161,28.71794],[-14.00241,28.71753],[-14.00259,28.71707],[-14.00259,28.71552],[-14.00287,28.71532],[-14.00455,28.71567],[-14.00469,28.71486],[-14.00613,28.71453],[-14.00647,28.71382],[-14.00621,28.71347],[-14.00506,28.71342],[-14.00502,28.71285],[-14.00543,28.7127],[-14.00437,28.71216],[-14.00528,28.71112],[-14.00722,28.71069],[-14.00837,28.71139],[-14.00879,28.7127],[-14.0092,28.71247],[-14.0102,28.71276],[-14.01038,28.71336],[-14.01122,28.71262],[-14.01139,28.71169],[-14.01198,28.7121],[-14.01266,28.71186],[-14.01301,28.71244],[-14.01265,28.714],[-14.01303,28.71429],[-14.01289,28.71491],[-14.0134,28.71666],[-14.01435,28.71669],[-14.01582,28.7158],[-14.0163,28.71507],[-14.01743,28.71478],[-14.01739,28.71433],[-14.01604,28.7132],[-14.01555,28.71298],[-14.01467,28.7132],[-14.01433,28.71276],[-14.01572,28.71202],[-14.01726,28.71273],[-14.01757,28.71249],[-14.01746,28.71114],[-14.01788,28.71067],[-14.01844,28.71073],[-14.01932,28.70977],[-14.0177,28.70858],[-14.01627,28.70843],[-14.0155,28.70917],[-14.01452,28.70927],[-14.01432,28.70911],[-14.0149,28.70782],[-14.01446,28.70721],[-14.01499,28.70673],[-14.01562,28.70691],[-14.01622,28.70651],[-14.01748,28.70687],[-14.01816,28.70782],[-14.01886,28.7082],[-14.01898,28.70633],[-14.02004,28.7075],[-14.02105,28.70707],[-14.01953,28.70655],[-14.01947,28.70602],[-14.01872,28.70555],[-14.01907,28.70465],[-14.01852,28.70388],[-14.01894,28.70349],[-14.02001,28.70328],[-14.02004,28.70272],[-14.01973,28.70243],[-14.02012,28.70225],[-14.02005,28.70198],[-14.0194,28.70217],[-14.0194,28.70168],[-14.01892,28.70207],[-14.01872,28.70145],[-14.01773,28.701],[-14.01774,28.7004],[-14.0191,28.69966],[-14.01866,28.6987],[-14.01719,28.69864],[-14.01802,28.69715],[-14.01779,28.69662],[-14.0182,28.69485],[-14.01893,28.69498],[-14.01869,28.69559],[-14.01915,28.69615],[-14.01947,28.69581],[-14.01998,28.69651],[-14.02038,28.69619],[-14.0183,28.69423],[-14.0193,28.69273],[-14.01795,28.69275],[-14.01764,28.69351],[-14.01654,28.69374],[-14.0163,28.69318],[-14.01761,28.692],[-14.01693,28.69196],[-14.01603,28.69275],[-14.01541,28.69248],[-14.01592,28.69226],[-14.01576,28.6919],[-14.01509,28.69245],[-14.01436,28.6925],[-14.01382,28.69218],[-14.01383,28.69123],[-14.01342,28.69059],[-14.0123,28.68994],[-14.01251,28.68951],[-14.0132,28.69017],[-14.014,28.68994],[-14.01435,28.68923],[-14.01335,28.6891],[-14.01321,28.68847],[-14.01456,28.6884],[-14.01454,28.68789],[-14.01544,28.68688],[-14.01493,28.6864],[-14.015,28.68549],[-14.01476,28.68521],[-14.01337,28.68533],[-14.01243,28.68411],[-14.01145,28.68366],[-14.01166,28.68319],[-14.01223,28.68304],[-14.0139,28.68311],[-14.01317,28.68109],[-14.01292,28.68066],[-14.0124,28.68058],[-14.01209,28.68076],[-14.01274,28.68101],[-14.01297,28.68165],[-14.01161,28.68123],[-14.01167,28.68094],[-14.01107,28.68049],[-14.01118,28.68004],[-14.01056,28.67868],[-14.00968,28.67857],[-14.00891,28.67715],[-14.0096,28.67614],[-14.0095,28.67441],[-14.00995,28.67336],[-14.00976,28.67292],[-14.01054,28.67129],[-14.0112,28.66873],[-14.01162,28.66826],[-14.01214,28.66586],[-14.01394,28.66458],[-14.01376,28.66273],[-14.01517,28.66079],[-14.01569,28.6594],[-14.01639,28.65932],[-14.01821,28.65709],[-14.01873,28.65596],[-14.01918,28.65571],[-14.01846,28.65309],[-14.01928,28.65114],[-14.01902,28.65056],[-14.02105,28.648],[-14.02283,28.64634],[-14.02385,28.64593],[-14.02488,28.64628],[-14.02478,28.64587],[-14.02531,28.64515],[-14.02449,28.64317],[-14.02539,28.64246],[-14.02526,28.64191],[-14.02555,28.64135],[-14.02682,28.6409],[-14.02694,28.6404],[-14.02661,28.63992],[-14.02733,28.63949],[-14.02625,28.63891],[-14.02731,28.63772],[-14.0267,28.63704],[-14.02703,28.63682],[-14.02641,28.63629],[-14.02639,28.6354],[-14.0271,28.63424],[-14.02805,28.63349],[-14.02881,28.63337],[-14.0299,28.63422],[-14.03036,28.63386],[-14.03065,28.634],[-14.03162,28.63315],[-14.03175,28.63228],[-14.03241,28.63194],[-14.03218,28.63107],[-14.03101,28.63108],[-14.0317,28.62993],[-14.0301,28.6298],[-14.03026,28.62949],[-14.03183,28.6293],[-14.03225,28.62834],[-14.03288,28.62825],[-14.03296,28.62754],[-14.03256,28.62741],[-14.03271,28.62716],[-14.03243,28.62683],[-14.032,28.62689],[-14.03162,28.62504],[-14.0334,28.62275],[-14.03405,28.62146],[-14.03373,28.62095],[-14.03536,28.61998],[-14.03575,28.61919],[-14.03663,28.61916],[-14.03717,28.61879],[-14.03719,28.61564],[-14.03784,28.61518],[-14.03864,28.61524],[-14.03875,28.61485],[-14.03824,28.61436],[-14.03848,28.61397],[-14.03834,28.61323],[-14.03767,28.61263],[-14.03875,28.61133],[-14.03861,28.61039],[-14.03679,28.60726],[-14.03622,28.60529],[-14.03632,28.60425],[-14.03585,28.60343],[-14.03485,28.60329],[-14.03452,28.60206],[-14.03375,28.60107],[-14.03398,28.60056],[-14.03372,28.59893],[-14.03339,28.59733],[-14.033,28.59707],[-14.0335,28.59632],[-14.03318,28.59379],[-14.03488,28.59032],[-14.03594,28.58965],[-14.03615,28.58875],[-14.03743,28.58882],[-14.03737,28.58822],[-14.03856,28.58772],[-14.03841,28.58573],[-14.03898,28.58495],[-14.03872,28.58337],[-14.0396,28.58219],[-14.04054,28.5817],[-14.04143,28.58064],[-14.04167,28.58095],[-14.04241,28.58073],[-14.04369,28.57915],[-14.04353,28.57783],[-14.04449,28.57735],[-14.03185,28.57194],[-14.02592,28.57009],[-14.02323,28.56882],[-14.02222,28.56918],[-14.0217,28.56981],[-14.02094,28.5697],[-14.01771,28.56799],[-14.01573,28.56829],[-14.01468,28.56808],[-14.01459,28.56861],[-14.01079,28.5683],[-14.00155,28.56648],[-13.99042,28.56601],[-13.98189,28.56664],[-13.9791,28.56773],[-13.97617,28.56775],[-13.97415,28.56819],[-13.97255,28.56876],[-13.97204,28.56971],[-13.97056,28.57027],[-13.96839,28.57002],[-13.96474,28.57228],[-13.96119,28.57288],[-13.96068,28.57284],[-13.95947,28.57198],[-13.9521,28.57337],[-13.94765,28.57185],[-13.9433,28.57144],[-13.94194,28.57016],[-13.93931,28.56971],[-13.93507,28.56981],[-13.93229,28.57209],[-13.92485,28.57344],[-13.92359,28.57433],[-13.92065,28.57457],[-13.91758,28.57398],[-13.91349,28.57525],[-13.90942,28.57553],[-13.90974,28.57451],[-13.90944,28.57249],[-13.9082,28.57074],[-13.89899,28.56915],[-13.89728,28.56851],[-13.89638,28.5685],[-13.89512,28.56911],[-13.89469,28.56986],[-13.89395,28.57006],[-13.89378,28.57061],[-13.89256,28.57088],[-13.89174,28.5715],[-13.89067,28.57145],[-13.89009,28.57082],[-13.88908,28.57322],[-13.88627,28.57283],[-13.88132,28.57301],[-13.8606,28.56974],[-13.85011,28.56874],[-13.83977,28.56576],[-13.83259,28.56452],[-13.82854,28.56456]]],[[[-13.82941,28.75637],[-13.8292,28.75647],[-13.82972,28.75718],[-13.82941,28.75637]]],[[[-13.82225,28.73714],[-13.82167,28.73655],[-13.81917,28.73613],[-13.81928,28.73688],[-13.81899,28.73763],[-13.81788,28.73747],[-13.81781,28.73797],[-13.81713,28.73823],[-13.81647,28.73898],[-13.81632,28.73883],[-13.81683,28.7381],[-13.81631,28.73797],[-13.81605,28.73844],[-13.81565,28.73804],[-13.81445,28.73937],[-13.81552,28.73944],[-13.81597,28.74013],[-13.81533,28.74046],[-13.81514,28.74096],[-13.81406,28.74122],[-13.81402,28.7416],[-13.8145,28.74178],[-13.8148,28.7435],[-13.81471,28.74498],[-13.81355,28.74644],[-13.81333,28.74839],[-13.81249,28.75025],[-13.81279,28.75101],[-13.81126,28.75346],[-13.81134,28.75373],[-13.81196,28.75374],[-13.81211,28.75412],[-13.81127,28.75582],[-13.81296,28.75688],[-13.81303,28.7573],[-13.81243,28.75791],[-13.81321,28.75825],[-13.81279,28.75954],[-13.81329,28.75994],[-13.81308,28.76139],[-13.81331,28.76206],[-13.81274,28.76422],[-13.81305,28.76467],[-13.81445,28.76533],[-13.81646,28.76479],[-13.81766,28.76373],[-13.81789,28.76202],[-13.81821,28.76152],[-13.81908,28.76135],[-13.81893,28.76064],[-13.81915,28.76046],[-13.82071,28.76027],[-13.82305,28.76054],[-13.82417,28.75948],[-13.82408,28.75913],[-13.82459,28.759],[-13.82456,28.75809],[-13.82576,28.75673],[-13.82718,28.75619],[-13.82816,28.7562],[-13.82926,28.75554],[-13.8308,28.75592],[-13.83193,28.75556],[-13.83117,28.75466],[-13.83132,28.75399],[-13.83239,28.75318],[-13.83315,28.75323],[-13.83356,28.7536],[-13.83488,28.75326],[-13.83525,28.75252],[-13.83572,28.75239],[-13.83537,28.75078],[-13.83406,28.74966],[-13.83265,28.74776],[-13.83184,28.74528],[-13.83015,28.74337],[-13.83062,28.74113],[-13.83045,28.73977],[-13.82965,28.73938],[-13.82711,28.73947],[-13.82683,28.73969],[-13.82692,28.74016],[-13.82774,28.74071],[-13.82767,28.74116],[-13.82665,28.74201],[-13.8255,28.74199],[-13.82519,28.74051],[-13.82471,28.74023],[-13.82366,28.7384],[-13.82284,28.738],[-13.82225,28.73714]]]]}},{"type":"Feature","properties":{"name":"Agüimes"},"geometry":{"type":"MultiPolygon","coordinates":[[[[-15.38204,27.86172],[-15.38222,27.86147],[-15.38183,27.86118],[-15.38113,27.86115],[-15.38122,27.86179],[-15.38204,27.86172]]],[[[-15.38684,27.90249],[-15.39391,27.90288],[-15.39658,27.90384],[-15.40113,27.90468],[-15.40808,27.90796],[-15.40968,27.90797],[-15.41262,27.90688],[-15.4136,27.90726],[-15.41448,27.90831],[-15.41472,27.91022],[-15.41557,27.91087],[-15.41991,27.91198],[-15.42094,27.91197],[-15.42129,27.91166],[-15.42209,27.91007],[-15.42502,27.9098],[-15.42561,27.90838],[-15.42611,27.90806],[-15.4293,27.90779],[-15.43104,27.90709],[-15.43565,27.90683],[-15.437,27.90705],[-15.43943,27.90829],[-15.44187,27.90797],[-15.44546,27.90846],[-15.44729,27.90922],[-15.45031,27.91122],[-15.45102,27.91256],[-15.45315,27.91474],[-15.45343,27.91569],[-15.45432,27.91617],[-15.45594,27.91808],[-15.45629,27.9193],[-15.45761,27.91985],[-15.45898,27.92175],[-15.4594,27.92324],[-15.46071,27.92436],[-15.46123,27.92563],[-15.46429,27.92786],[-15.46678,27.93189],[-15.46907,27.93322],[-15.46974,27.93398],[-15.47272,27.93373],[-15.47425,27.93423],[-15.47611,27.93367],[-15.47865,27.93357],[-15.48093,27.93308],[-15.48169,27.93335],[-15.48328,27.93499],[-15.48453,27.93535],[-15.48593,27.9364],[-15.48771,27.93687],[-15.49036,27.9361],[-15.49467,27.93644],[-15.49554,27.93625],[-15.49757,27.93676],[-15.50061,27.93588],[-15.50277,27.93662],[-15.50415,27.93747],[-15.50506,27.93749],[-15.50669,27.93712],[-15.50824,27.93735],[-15.50893,27.93674],[-15.5094,27.93446],[-15.50993,27.93417],[-15.51155,27.93439],[-15.51245,27.93463],[-15.51366,27.93678],[-15.51444,27.93711],[-15.51661,27.939],[-15.51675,27.93942],[-15.51827,27.93894],[-15.51901,27.94003],[-15.51899,27.94056],[-15.52073,27.94174],[-15.5207,27.94251],[-15.52129,27.94285],[-15.52174,27.94387],[-15.52268,27.94486],[-15.52442,27.94565],[-15.52715,27.94553],[-15.52806,27.94579],[-15.52917,27.94539],[-15.52989,27.94629],[-15.53149,27.9467],[-15.5324,27.94756],[-15.5331,27.94901],[-15.53472,27.95005],[-15.5355,27.95018],[-15.53629,27.95088],[-15.53714,27.95098],[-15.53786,27.95161],[-15.53959,27.95161],[-15.54039,27.95227],[-15.54476,27.95311],[-15.54542,27.95367],[-15.54499,27.95292],[-15.54416,27.95253],[-15.5438,27.95197],[-15.54478,27.95097],[-15.54246,27.94956],[-15.54125,27.94947],[-15.54036,27.94825],[-15.53987,27.94817],[-15.54004,27.94741],[-15.53946,27.94676],[-15.5367,27.94624],[-15.53552,27.9436],[-15.53385,27.94218],[-15.53266,27.94159],[-15.532,27.94061],[-15.53081,27.94031],[-15.53023,27.93951],[-15.52704,27.93773],[-15.52546,27.93633],[-15.52183,27.93513],[-15.51868,27.9324],[-15.51788,27.92949],[-15.5184,27.92882],[-15.51878,27.92694],[-15.52053,27.92533],[-15.52075,27.924],[-15.51988,27.92188],[-15.51931,27.91387],[-15.51961,27.91051],[-15.51913,27.90675],[-15.51733,27.90042],[-15.51773,27.89908],[-15.51728,27.89853],[-15.51775,27.89815],[-15.51676,27.89613],[-15.51614,27.89606],[-15.51623,27.89387],[-15.51464,27.89217],[-15.51464,27.89074],[-15.51379,27.89063],[-15.51393,27.88998],[-15.51333,27.8893],[-15.51421,27.88755],[-15.51473,27.88735],[-15.514,27.88635],[-15.51444,27.886],[-15.51449,27.88515],[-15.51391,27.88472],[-15.51329,27.88284],[-15.51279,27.8827],[-15.51273,27.88193],[-15.51062,27.88045],[-15.50935,27.87893],[-15.50864,27.8784],[-15.50675,27.87793],[-15.50561,27.87693],[-15.5014,27.8758],[-15.49912,27.87566],[-15.49789,27.87449],[-15.49504,27.8733],[-15.49119,27.87369],[-15.48755,27.87266],[-15.48434,27.8729],[-15.48158,27.87167],[-15.47798,27.87272],[-15.47473,27.87124],[-15.47267,27.86949],[-15.47113,27.86902],[-15.46862,27.8685],[-15.46697,27.86898],[-15.46406,27.8691],[-15.45867,27.86833],[-15.45586,27.86851],[-15.4538,27.86828],[-15.45182,27.86717],[-15.44982,27.86541],[-15.44905,27.86505],[-15.4479,27.86509],[-15.44705,27.86433],[-15.44526,27.86436],[-15.44444,27.86388],[-15.44163,27.86323],[-15.43774,27.8634],[-15.4363,27.86325],[-15.43511,27.86267],[-15.43415,27.86267],[-15.43374,27.86313],[-15.43296,27.86279],[-15.43068,27.86272],[-15.42768,27.86122],[-15.42602,27.86132],[-15.42315,27.85926],[-15.42143,27.85979],[-15.4196,27.85812],[-15.41748,27.85766],[-15.41288,27.85485],[-15.41215,27.85361],[-15.40943,27.85191],[-15.40834,27.84974],[-15.40841,27.84777],[-15.40527,27.84815],[-15.40515,27.84863],[-15.40464,27.84831],[-15.40405,27.84851],[-15.39784,27.84484],[-15.39753,27.84443],[-15.39957,27.84217],[-15.39927,27.84214],[-15.39647,27.84509],[-15.39662,27.84565],[-15.40319,27.84929],[-15.4019,27.85031],[-15.40143,27.85168],[-15.39988,27.85308],[-15.39907,27.85442],[-15.39877,27.85569],[-15.39775,27.85661],[-15.39706,27.85661],[-15.39613,27.85604],[-15.39503,27.85632],[-15.39422,27.8556],[-15.39437,27.85502],[-15.39388,27.85536],[-15.38987,27.85493],[-15.38731,27.85746],[-15.38555,27.85737],[-15.38568,27.85856],[-15.38658,27.86035],[-15.38551,27.86165],[-15.384,27.86209],[-15.38376,27.86254],[-15.38445,27.8631],[-15.38388,27.8641],[-15.38403,27.86459],[-15.38525,27.86515],[-15.38673,27.86644],[-15.38588,27.86898],[-15.38628,27.86935],[-15.38652,27.87034],[-15.38574,27.87131],[-15.38354,27.87075],[-15.38276,27.87112],[-15.38243,27.87177],[-15.38348,27.87203],[-15.38307,27.873],[-15.3808,27.87523],[-15.38095,27.87608],[-15.38204,27.87582],[-15.38337,27.87619],[-15.38425,27.87572],[-15.38535,27.87574],[-15.38571,27.87602],[-15.38532,27.87798],[-15.38598,27.87814],[-15.38702,27.87765],[-15.38771,27.87776],[-15.38721,27.87828],[-15.38842,27.8788],[-15.38847,27.87949],[-15.39006,27.87971],[-15.39274,27.8847],[-15.39369,27.88778],[-15.39396,27.8899],[-15.39373,27.89151],[-15.3921,27.89292],[-15.39169,27.89294],[-15.39043,27.8943],[-15.38866,27.89729],[-15.38684,27.90249]]]]}},{"type":"Feature","properties":{"name":"Breña Baja"},"geometry":{"type":"MultiPolygon","coordinates":[[[[-17.83452,28.61459],[-17.83481,28.61286],[-17.83399,28.61213],[-17.83406,28.61152],[-17.83533,28.60907],[-17.83696,28.60839],[-17.83727,28.60759],[-17.83699,28.60626],[-17.841,28.60436],[-17.84098,28.602],[-17.83935,28.59963],[-17.83965,28.59867],[-17.84048,28.59812],[-17.84048,28.59642],[-17.83713,28.5972],[-17.83532,28.59726],[-17.83289,28.59845],[-17.83171,28.59847],[-17.82997,28.60091],[-17.82852,28.60103],[-17.82782,28.60195],[-17.82769,28.60288],[-17.82643,28.60516],[-17.82351,28.6081],[-17.82051,28.60929],[-17.81933,28.60928],[-17.81852,28.60965],[-17.81566,28.61176],[-17.81509,28.61284],[-17.81406,28.613],[-17.81235,28.61444],[-17.80319,28.61698],[-17.80211,28.61771],[-17.80148,28.61944],[-17.80027,28.61957],[-17.79705,28.62131],[-17.79535,28.62124],[-17.79347,28.62236],[-17.79113,28.62528],[-17.79099,28.62618],[-17.78988,28.62635],[-17.78869,28.62761],[-17.78324,28.62872],[-17.78284,28.62925],[-17.78289,28.63025],[-17.78158,28.63043],[-17.77993,28.63113],[-17.77877,28.63223],[-17.77743,28.63252],[-17.77477,28.6319],[-17.77368,28.63242],[-17.77075,28.63197],[-17.76799,28.63351],[-17.76655,28.63338],[-17.76302,28.63172],[-17.76182,28.63082],[-17.7585,28.63018],[-17.75622,28.63066],[-17.75528,28.63034],[-17.75489,28.62986],[-17.75359,28.63056],[-17.75369,28.63085],[-17.7534,28.6308],[-17.75311,28.63132],[-17.75412,28.63174],[-17.75379,28.63225],[-17.75435,28.63261],[-17.75372,28.63293],[-17.75434,28.63346],[-17.75449,28.6375],[-17.75681,28.6377],[-17.75727,28.6383],[-17.75671,28.63928],[-17.75782,28.63935],[-17.75794,28.63995],[-17.75775,28.64076],[-17.75656,28.64071],[-17.75746,28.64107],[-17.75753,28.64182],[-17.7569,28.64208],[-17.75757,28.64214],[-17.75706,28.6424],[-17.75774,28.64261],[-17.7577,28.64285],[-17.757,28.64262],[-17.75636,28.64308],[-17.75781,28.64366],[-17.75782,28.64442],[-17.75716,28.64465],[-17.75719,28.64508],[-17.75647,28.64514],[-17.75678,28.64543],[-17.75639,28.64546],[-17.75708,28.64625],[-17.75636,28.64594],[-17.7556,28.64653],[-17.75633,28.64685],[-17.7559,28.6472],[-17.75629,28.64701],[-17.75648,28.64732],[-17.75587,28.64743],[-17.75663,28.64792],[-17.75643,28.64947],[-17.757,28.6493],[-17.757,28.64974],[-17.7579,28.65037],[-17.75825,28.65027],[-17.75739,28.65111],[-17.7581,28.65125],[-17.75797,28.65184],[-17.7586,28.65118],[-17.75832,28.65214],[-17.75942,28.65219],[-17.76052,28.65319],[-17.7604,28.6536],[-17.76135,28.65374],[-17.76151,28.65409],[-17.76149,28.6544],[-17.76023,28.65427],[-17.76012,28.65449],[-17.76202,28.65503],[-17.76197,28.65572],[-17.7606,28.65614],[-17.76131,28.65627],[-17.75996,28.65723],[-17.76066,28.65786],[-17.76001,28.65811],[-17.76013,28.65849],[-17.7612,28.65871],[-17.76098,28.65959],[-17.76163,28.65977],[-17.7617,28.66059],[-17.7622,28.66056],[-17.76222,28.66018],[-17.76251,28.66015],[-17.76282,28.66052],[-17.76286,28.66075],[-17.76159,28.66146],[-17.76153,28.6624],[-17.76279,28.66241],[-17.76298,28.66297],[-17.76316,28.66229],[-17.76367,28.66216],[-17.76616,28.66439],[-17.76689,28.66256],[-17.76831,28.66131],[-17.77012,28.66068],[-17.77035,28.6601],[-17.76957,28.65948],[-17.76968,28.65817],[-17.77104,28.65743],[-17.77214,28.65747],[-17.77556,28.65524],[-17.7761,28.65447],[-17.77616,28.65104],[-17.77778,28.65058],[-17.77783,28.6481],[-17.78082,28.64579],[-17.7812,28.64505],[-17.78426,28.64443],[-17.78411,28.64289],[-17.79205,28.63827],[-17.79369,28.63794],[-17.79629,28.63657],[-17.79648,28.63589],[-17.79729,28.63583],[-17.7975,28.63463],[-17.79702,28.6339],[-17.79786,28.63313],[-17.79768,28.63256],[-17.79828,28.63124],[-17.80224,28.6284],[-17.8041,28.62755],[-17.8053,28.62533],[-17.81019,28.62255],[-17.81102,28.62177],[-17.81147,28.6208],[-17.81329,28.62075],[-17.81408,28.62104],[-17.81723,28.61998],[-17.81843,28.61999],[-17.81978,28.61931],[-17.82136,28.61937],[-17.8254,28.61819],[-17.82654,28.61799],[-17.82902,28.61821],[-17.83225,28.61599],[-17.83344,28.61606],[-17.83398,28.61567],[-17.83452,28.61459]]],[[[-17.75953,28.65382],[-17.7597,28.6537],[-17.759,28.65357],[-17.75953,28.65382]]]]}},{"type":"Feature","properties":{"name":"La Guancha"},"geometry":{"type":"MultiPolygon","coordinates":[[[[-16.65232,28.39621],[-16.65243,28.3958],[-16.65276,28.39578],[-16.65399,28.39621],[-16.65583,28.39763],[-16.6558,28.39805],[-16.65676,28.39916],[-16.65775,28.39915],[-16.65786,28.40071],[-16.65838,28.40152],[-16.65898,28.40039],[-16.6599,28.40146],[-16.6604,28.40071],[-16.66059,28.40124],[-16.66091,28.4012],[-16.66163,28.39982],[-16.66148,28.39889],[-16.66214,28.3986],[-16.66376,28.39902],[-16.66427,28.40008],[-16.66519,28.39957],[-16.66551,28.39994],[-16.66571,28.39973],[-16.66548,28.39914],[-16.66591,28.39894],[-16.66714,28.40115],[-16.66755,28.40116],[-16.66754,28.4002],[-16.66795,28.39981],[-16.66857,28.401],[-16.66955,28.40096],[-16.67032,28.39917],[-16.67093,28.39889],[-16.67123,28.39913],[-16.67102,28.39967],[-16.67154,28.40038],[-16.6721,28.40027],[-16.67376,28.4018],[-16.67307,28.40063],[-16.67386,28.40097],[-16.67394,28.40068],[-16.67425,28.40117],[-16.67545,28.40072],[-16.67508,28.40011],[-16.67467,28.40012],[-16.67469,28.39971],[-16.67345,28.39798],[-16.67373,28.3978],[-16.6747,28.39825],[-16.67565,28.39912],[-16.67592,28.39859],[-16.67674,28.39865],[-16.67698,28.39799],[-16.67565,28.39668],[-16.67738,28.39696],[-16.67738,28.39647],[-16.67693,28.39607],[-16.67583,28.39569],[-16.67574,28.39479],[-16.67546,28.39462],[-16.67652,28.39307],[-16.67926,28.39183],[-16.68104,28.39039],[-16.684,28.39127],[-16.68293,28.38838],[-16.68021,28.38704],[-16.67899,28.38407],[-16.67609,28.38224],[-16.67486,28.38077],[-16.67319,28.37754],[-16.67371,28.37498],[-16.67189,28.37336],[-16.66958,28.3706],[-16.6687,28.37025],[-16.66743,28.36817],[-16.66596,28.36806],[-16.66547,28.36735],[-16.66413,28.367],[-16.66359,28.36635],[-16.66137,28.36253],[-16.66166,28.36037],[-16.65993,28.35838],[-16.65911,28.35594],[-16.6574,28.35381],[-16.65632,28.3518],[-16.65624,28.35133],[-16.65695,28.34955],[-16.65672,28.34704],[-16.65267,28.34163],[-16.64915,28.33995],[-16.64754,28.33878],[-16.64587,28.33824],[-16.64579,28.33781],[-16.6437,28.33616],[-16.64413,28.33417],[-16.64308,28.3325],[-16.64297,28.33123],[-16.64178,28.32826],[-16.63903,28.32531],[-16.63943,28.32356],[-16.6384,28.32141],[-16.63769,28.321],[-16.63734,28.3201],[-16.6368,28.32007],[-16.63532,28.31896],[-16.6348,28.31806],[-16.63475,28.31666],[-16.63327,28.31514],[-16.63317,28.31258],[-16.63407,28.31116],[-16.63331,28.30898],[-16.63412,28.30825],[-16.63387,28.30761],[-16.6328,28.30669],[-16.64087,28.29985],[-16.60809,28.30687],[-16.61137,28.31243],[-16.63015,28.34163],[-16.63065,28.34443],[-16.63174,28.34605],[-16.63202,28.34781],[-16.63282,28.34936],[-16.63543,28.35686],[-16.63673,28.35851],[-16.63735,28.35882],[-16.6377,28.36007],[-16.64025,28.36398],[-16.64107,28.36437],[-16.64192,28.36564],[-16.64305,28.3658],[-16.64283,28.36806],[-16.64628,28.36929],[-16.64852,28.37209],[-16.64926,28.37401],[-16.6484,28.37702],[-16.64959,28.37837],[-16.6501,28.38205],[-16.65062,28.383],[-16.65398,28.38623],[-16.65527,28.38862],[-16.65488,28.3896],[-16.65363,28.3905],[-16.65272,28.39212],[-16.65193,28.39488],[-16.65199,28.39594],[-16.65232,28.39621]]]]}},{"type":"Feature","properties":{"name":"Valleseco"},"geometry":{"type":"MultiPolygon","coordinates":[[[[-15.61383,28.01866],[-15.61262,28.01929],[-15.61039,28.01798],[-15.6077,28.01791],[-15.60706,28.0174],[-15.60432,28.01698],[-15.60324,28.01616],[-15.60265,28.01513],[-15.60179,28.01489],[-15.60119,28.01415],[-15.60003,28.01155],[-15.59724,28.01297],[-15.5939,28.01315],[-15.5928,28.01361],[-15.59232,28.01324],[-15.58943,28.01467],[-15.58626,28.01459],[-15.58566,28.01547],[-15.5808,28.01763],[-15.57979,28.01888],[-15.57846,28.0193],[-15.57633,28.02061],[-15.57553,28.02154],[-15.57351,28.02283],[-15.57307,28.02385],[-15.57155,28.02531],[-15.56917,28.02614],[-15.56947,28.02746],[-15.56885,28.02955],[-15.56741,28.03096],[-15.56575,28.03141],[-15.56453,28.03265],[-15.56462,28.0359],[-15.56522,28.03759],[-15.56433,28.03913],[-15.563,28.04035],[-15.56431,28.04209],[-15.56502,28.04445],[-15.56555,28.04494],[-15.56726,28.04531],[-15.56919,28.04761],[-15.56814,28.04758],[-15.56635,28.04867],[-15.56861,28.05101],[-15.56858,28.05168],[-15.56741,28.05254],[-15.56752,28.05454],[-15.56688,28.05644],[-15.56684,28.05771],[-15.56628,28.05882],[-15.5655,28.0594],[-15.56416,28.0592],[-15.56364,28.06088],[-15.56268,28.06164],[-15.5621,28.06443],[-15.56104,28.06559],[-15.56054,28.06566],[-15.56007,28.0666],[-15.56031,28.06733],[-15.5591,28.06942],[-15.55759,28.07359],[-15.5562,28.07471],[-15.55657,28.07646],[-15.55621,28.07825],[-15.55885,28.07851],[-15.56214,28.07793],[-15.56291,28.07854],[-15.56524,28.07782],[-15.56863,28.07781],[-15.57123,28.0773],[-15.57402,28.07768],[-15.57548,28.07661],[-15.57711,28.07788],[-15.579,28.07734],[-15.57939,28.07632],[-15.58033,28.07639],[-15.58111,28.0758],[-15.58327,28.07542],[-15.58431,28.0745],[-15.58486,28.07303],[-15.58691,28.07213],[-15.58807,28.07016],[-15.58932,28.06936],[-15.59015,28.06745],[-15.5907,28.06714],[-15.59004,28.06695],[-15.58876,28.06758],[-15.58953,28.06591],[-15.58916,28.06538],[-15.59013,28.06423],[-15.59011,28.06297],[-15.59124,28.06177],[-15.59145,28.0605],[-15.59203,28.05982],[-15.59208,28.05905],[-15.59134,28.05822],[-15.59168,28.0573],[-15.59348,28.05677],[-15.59501,28.05702],[-15.59557,28.0567],[-15.59567,28.05463],[-15.59512,28.05428],[-15.59634,28.05208],[-15.59602,28.05133],[-15.59715,28.05009],[-15.59716,28.0495],[-15.59844,28.04868],[-15.59885,28.04727],[-15.59712,28.046],[-15.59689,28.04537],[-15.59796,28.04544],[-15.59876,28.04478],[-15.59989,28.04299],[-15.59895,28.04194],[-15.59914,28.04029],[-15.60035,28.03881],[-15.60137,28.0384],[-15.60234,28.03733],[-15.60457,28.03592],[-15.60515,28.03448],[-15.60698,28.03184],[-15.60725,28.03017],[-15.61044,28.02672],[-15.6115,28.02313],[-15.61218,28.0222],[-15.6123,28.02082],[-15.61383,28.01866]]]]}},{"type":"Feature","properties":{"name":"Teguise"},"geometry":{"type":"MultiPolygon","coordinates":[[[[-13.53036,29.1353],[-13.53234,29.13306],[-13.53393,29.13038],[-13.53829,29.12531],[-13.5401,29.12343],[-13.54296,29.1213],[-13.54865,29.11821],[-13.55798,29.11585],[-13.55935,29.11589],[-13.5628,29.11696],[-13.56337,29.11725],[-13.56338,29.11803],[-13.5639,29.11854],[-13.56614,29.11929],[-13.56548,29.12008],[-13.56593,29.11993],[-13.56941,29.12103],[-13.57002,29.12227],[-13.57121,29.12236],[-13.57172,29.1233],[-13.57185,29.12455],[-13.57339,29.12606],[-13.57443,29.12645],[-13.57493,29.12583],[-13.57534,29.1259],[-13.57523,29.12676],[-13.5756,29.12669],[-13.57844,29.12905],[-13.57914,29.12915],[-13.58109,29.13051],[-13.58223,29.13093],[-13.58218,29.1313],[-13.58284,29.1316],[-13.58331,29.13261],[-13.58549,29.13399],[-13.58605,29.13382],[-13.59051,29.13442],[-13.591,29.13485],[-13.59362,29.13544],[-13.59593,29.13548],[-13.59655,29.13601],[-13.60015,29.13554],[-13.60091,29.13575],[-13.60113,29.13621],[-13.60188,29.13625],[-13.60421,29.13562],[-13.60556,29.13444],[-13.6058,29.13379],[-13.60756,29.13348],[-13.60832,29.13304],[-13.60938,29.13175],[-13.61055,29.13128],[-13.61102,29.12909],[-13.61207,29.12828],[-13.61281,29.12831],[-13.61354,29.12783],[-13.61677,29.12856],[-13.61725,29.12803],[-13.61831,29.12817],[-13.62085,29.12739],[-13.62245,29.1262],[-13.62316,29.12461],[-13.62444,29.12422],[-13.62533,29.1227],[-13.62728,29.12045],[-13.6286,29.11974],[-13.63028,29.11703],[-13.63219,29.11673],[-13.63282,29.11616],[-13.63424,29.11611],[-13.63489,29.11709],[-13.63582,29.11668],[-13.638,29.11741],[-13.63913,29.11687],[-13.63967,29.11694],[-13.63895,29.11784],[-13.63914,29.11876],[-13.64078,29.11994],[-13.64037,29.12099],[-13.64054,29.12138],[-13.63997,29.1223],[-13.64169,29.12451],[-13.64261,29.12454],[-13.6432,29.12357],[-13.6438,29.124],[-13.64405,29.12471],[-13.64534,29.12504],[-13.64814,29.12428],[-13.64862,29.12451],[-13.64987,29.1235],[-13.65087,29.12375],[-13.65178,29.12329],[-13.65198,29.12245],[-13.65125,29.12212],[-13.64186,29.08832],[-13.64118,29.07203],[-13.63888,29.06319],[-13.64309,29.04778],[-13.64419,29.04251],[-13.64412,29.0407],[-13.64531,29.03824],[-13.6453,29.03487],[-13.64662,29.03062],[-13.65053,29.02517],[-13.64249,29.02795],[-13.63208,29.02243],[-13.62831,29.02109],[-13.62234,29.02033],[-13.61465,29.02045],[-13.6103,29.02076],[-13.60908,29.02112],[-13.60002,29.01921],[-13.59687,29.01929],[-13.58742,29.00826],[-13.58467,29.00345],[-13.57716,29.00295],[-13.57611,29.00186],[-13.574,29.00352],[-13.56696,29.00566],[-13.56136,29.00534],[-13.5566,29.00702],[-13.55608,29.00542],[-13.55426,29.00309],[-13.55181,29.00357],[-13.55159,29.0025],[-13.55267,29.0006],[-13.55266,28.99972],[-13.55377,28.9986],[-13.55426,28.99678],[-13.55424,28.9939],[-13.552,28.99151],[-13.5517,28.99018],[-13.55222,28.99002],[-13.55266,28.9892],[-13.55153,28.98903],[-13.55159,28.98794],[-13.55074,28.98646],[-13.54982,28.98573],[-13.54922,28.98443],[-13.54692,28.98295],[-13.54584,28.98292],[-13.54454,28.98237],[-13.51785,28.98119],[-13.51455,28.98121],[-13.51443,28.98143],[-13.514,28.98138],[-13.51391,28.98102],[-13.5133,28.98168],[-13.51254,28.98108],[-13.51169,28.98121],[-13.51113,28.98154],[-13.51092,28.98324],[-13.51009,28.98434],[-13.5092,28.98443],[-13.50878,28.9849],[-13.50818,28.98501],[-13.50864,28.98544],[-13.50851,28.98595],[-13.50812,28.98618],[-13.5078,28.98583],[-13.50755,28.98628],[-13.50639,28.98686],[-13.50159,28.98805],[-13.49962,28.9898],[-13.49802,28.99029],[-13.4967,28.99185],[-13.49571,28.99223],[-13.49519,28.99285],[-13.49306,28.99266],[-13.49241,28.99291],[-13.49175,28.99243],[-13.48979,28.99219],[-13.48855,28.99248],[-13.48777,28.99217],[-13.48582,28.99241],[-13.48541,28.99377],[-13.48558,28.99439],[-13.48645,28.99493],[-13.48551,28.99582],[-13.48767,28.99536],[-13.48842,28.9979],[-13.48756,28.99903],[-13.48716,28.99912],[-13.48686,28.99876],[-13.48665,28.99937],[-13.48588,28.99963],[-13.485,28.99942],[-13.4851,28.99901],[-13.48543,28.99897],[-13.4853,28.99876],[-13.4842,28.9991],[-13.48352,28.99843],[-13.48338,28.99892],[-13.48283,28.99863],[-13.48202,28.99905],[-13.48133,28.99902],[-13.48087,29.00018],[-13.48097,29.00048],[-13.48172,29.00059],[-13.48177,29.0015],[-13.48078,29.0019],[-13.48014,29.00155],[-13.48009,29.00101],[-13.47971,29.00107],[-13.47887,29.0036],[-13.47816,29.00455],[-13.47606,29.00537],[-13.47581,29.0086],[-13.47624,29.00967],[-13.47599,29.01042],[-13.47646,29.01258],[-13.47615,29.01379],[-13.47452,29.01479],[-13.47372,29.01461],[-13.47308,29.01525],[-13.47104,29.01483],[-13.47038,29.01513],[-13.46901,29.01495],[-13.46822,29.01532],[-13.46819,29.01583],[-13.46699,29.01635],[-13.4669,29.01673],[-13.46609,29.01716],[-13.46479,29.01913],[-13.46362,29.02449],[-13.46449,29.02535],[-13.4647,29.02688],[-13.46549,29.02739],[-13.46562,29.02905],[-13.46698,29.0297],[-13.46709,29.03067],[-13.46785,29.03095],[-13.46914,29.03405],[-13.46877,29.03479],[-13.46878,29.03565],[-13.46757,29.03624],[-13.46775,29.0377],[-13.46819,29.03853],[-13.46799,29.03984],[-13.46683,29.04064],[-13.46578,29.04342],[-13.46432,29.04391],[-13.46318,29.04536],[-13.46399,29.04721],[-13.46397,29.04852],[-13.46449,29.04899],[-13.46453,29.04956],[-13.46376,29.05084],[-13.46558,29.05255],[-13.46545,29.05434],[-13.46642,29.05507],[-13.46568,29.05613],[-13.4625,29.05694],[-13.46152,29.058],[-13.46185,29.0588],[-13.46074,29.05947],[-13.46096,29.05983],[-13.45973,29.06171],[-13.46006,29.06265],[-13.45854,29.06704],[-13.45729,29.06859],[-13.45614,29.06902],[-13.45606,29.07001],[-13.45562,29.07062],[-13.45628,29.07068],[-13.45579,29.07098],[-13.45494,29.07291],[-13.45424,29.07342],[-13.45365,29.07323],[-13.45319,29.07632],[-13.45352,29.07634],[-13.45338,29.07689],[-13.45294,29.07683],[-13.45254,29.07725],[-13.45244,29.07822],[-13.45182,29.07889],[-13.45193,29.07937],[-13.45155,29.07989],[-13.45193,29.08024],[-13.45151,29.08068],[-13.45475,29.08218],[-13.46243,29.08416],[-13.46815,29.08675],[-13.47159,29.08777],[-13.47502,29.08961],[-13.48202,29.09255],[-13.48442,29.09424],[-13.48678,29.0952],[-13.49369,29.0992],[-13.49597,29.10168],[-13.49823,29.10627],[-13.50476,29.10917],[-13.5049,29.11079],[-13.50639,29.11138],[-13.50754,29.11232],[-13.50904,29.11265],[-13.5192,29.11687],[-13.52306,29.11694],[-13.52817,29.11926],[-13.52883,29.12002],[-13.53036,29.1353]]],[[[-13.33812,29.27538],[-13.33646,29.27664],[-13.33527,29.27654],[-13.33496,29.27741],[-13.33579,29.27738],[-13.33706,29.278],[-13.33753,29.27779],[-13.33806,29.27652],[-13.33968,29.27528],[-13.33934,29.27431],[-13.33857,29.27438],[-13.33812,29.27538]]],[[[-13.52773,29.31013],[-13.52666,29.31055],[-13.52635,29.31113],[-13.52667,29.31186],[-13.52736,29.31158],[-13.5278,29.3108],[-13.52773,29.31013]]],[[[-13.48845,29.24924],[-13.48899,29.25101],[-13.48861,29.25361],[-13.487,29.25533],[-13.48672,29.25647],[-13.4847,29.2581],[-13.48479,29.25838],[-13.48405,29.25889],[-13.48392,29.25948],[-13.48174,29.25994],[-13.48059,29.2613],[-13.4803,29.26127],[-13.48041,29.26059],[-13.47807,29.25977],[-13.47758,29.25999],[-13.47669,29.2613],[-13.4755,29.26132],[-13.47496,29.2626],[-13.47439,29.26288],[-13.47426,29.26392],[-13.47316,29.26349],[-13.47207,29.26449],[-13.4719,29.26549],[-13.47136,29.2657],[-13.47165,29.26675],[-13.47244,29.26667],[-13.47272,29.26719],[-13.47248,29.26854],[-13.47333,29.26967],[-13.47335,29.27076],[-13.47399,29.27065],[-13.47503,29.27108],[-13.47579,29.27255],[-13.47844,29.27537],[-13.47924,29.27681],[-13.48265,29.27956],[-13.48481,29.27996],[-13.48908,29.28007],[-13.48981,29.28038],[-13.49082,29.28027],[-13.49228,29.2792],[-13.49397,29.27886],[-13.49501,29.2791],[-13.49647,29.2802],[-13.49636,29.28183],[-13.49786,29.28303],[-13.49796,29.28377],[-13.49863,29.28441],[-13.49999,29.2841],[-13.5003,29.28448],[-13.50058,29.28413],[-13.50089,29.28458],[-13.50125,29.28442],[-13.50081,29.28548],[-13.50206,29.28549],[-13.50238,29.28756],[-13.50355,29.28735],[-13.50397,29.28759],[-13.50476,29.28886],[-13.50576,29.28883],[-13.50578,29.28927],[-13.50676,29.28977],[-13.50697,29.29031],[-13.50842,29.29052],[-13.51003,29.28954],[-13.51108,29.29073],[-13.51123,29.2897],[-13.51198,29.28948],[-13.51211,29.28885],[-13.51257,29.28917],[-13.51269,29.28897],[-13.51203,29.28837],[-13.51288,29.28856],[-13.51255,29.28835],[-13.51285,29.2881],[-13.51271,29.28783],[-13.5136,29.28732],[-13.51324,29.28666],[-13.51378,29.2863],[-13.51359,29.28615],[-13.51434,29.28564],[-13.51525,29.28573],[-13.515,29.28523],[-13.51545,29.28518],[-13.51495,29.2842],[-13.51509,29.2837],[-13.51586,29.28384],[-13.51576,29.28273],[-13.51614,29.28254],[-13.51569,29.28248],[-13.51572,29.28214],[-13.51634,29.2817],[-13.51586,29.28069],[-13.51552,29.28058],[-13.51561,29.28005],[-13.51514,29.27889],[-13.51684,29.27429],[-13.51931,29.27319],[-13.52285,29.26877],[-13.52374,29.26709],[-13.52381,29.26605],[-13.52314,29.26489],[-13.52302,29.2634],[-13.52207,29.26287],[-13.52232,29.26133],[-13.52175,29.26042],[-13.5212,29.26025],[-13.52158,29.25971],[-13.52061,29.25928],[-13.52052,29.25892],[-13.52153,29.2576],[-13.52179,29.25653],[-13.5235,29.25481],[-13.52374,29.25365],[-13.52478,29.25292],[-13.52645,29.25287],[-13.52827,29.25174],[-13.52809,29.2511],[-13.5271,29.25051],[-13.52642,29.24948],[-13.5271,29.2491],[-13.52745,29.24847],[-13.52735,29.24745],[-13.52652,29.2455],[-13.52671,29.24396],[-13.52638,29.24273],[-13.5276,29.24127],[-13.53149,29.23936],[-13.53154,29.23845],[-13.53367,29.23655],[-13.53623,29.23602],[-13.53705,29.23633],[-13.53824,29.23615],[-13.53868,29.23537],[-13.54584,29.23243],[-13.54695,29.23043],[-13.54677,29.22951],[-13.54828,29.22812],[-13.54868,29.22711],[-13.54877,29.22601],[-13.5485,29.22582],[-13.54763,29.2225],[-13.54715,29.22236],[-13.54563,29.22074],[-13.54457,29.21897],[-13.54334,29.21836],[-13.54348,29.22017],[-13.54191,29.22102],[-13.53973,29.22062],[-13.53739,29.22096],[-13.53688,29.22014],[-13.53727,29.21931],[-13.53664,29.2184],[-13.53625,29.21693],[-13.53403,29.2168],[-13.53363,29.21693],[-13.53335,29.21757],[-13.53131,29.21858],[-13.53127,29.21991],[-13.52929,29.22057],[-13.52637,29.22026],[-13.52438,29.21872],[-13.52204,29.21906],[-13.51983,29.22082],[-13.51858,29.22272],[-13.51573,29.22537],[-13.51331,29.22642],[-13.5098,29.22557],[-13.50507,29.2253],[-13.50464,29.22675],[-13.50324,29.22675],[-13.50215,29.22727],[-13.50222,29.22747],[-13.50358,29.22689],[-13.50426,29.22694],[-13.50435,29.22884],[-13.50376,29.23025],[-13.50191,29.22958],[-13.50158,29.22787],[-13.50174,29.22897],[-13.50149,29.22816],[-13.50147,29.22659],[-13.50116,29.22727],[-13.50163,29.23001],[-13.50127,29.23055],[-13.5014,29.23106],[-13.50076,29.23176],[-13.50085,29.23228],[-13.49984,29.23368],[-13.4972,29.23396],[-13.4966,29.23552],[-13.49669,29.23609],[-13.49445,29.23776],[-13.49426,29.23849],[-13.49472,29.23895],[-13.49436,29.23965],[-13.49243,29.24051],[-13.49212,29.24134],[-13.49227,29.24274],[-13.49201,29.24308],[-13.49238,29.24395],[-13.49136,29.24403],[-13.49071,29.24366],[-13.49014,29.24414],[-13.48911,29.24428],[-13.48932,29.24534],[-13.48887,29.24682],[-13.48915,29.24758],[-13.48845,29.24924]]],[[[-13.52952,29.30305],[-13.52976,29.30454],[-13.53129,29.30522],[-13.53203,29.30495],[-13.53186,29.30445],[-13.53227,29.30402],[-13.53321,29.30352],[-13.53392,29.30353],[-13.53438,29.30479],[-13.53405,29.3054],[-13.53538,29.30678],[-13.53968,29.30306],[-13.53991,29.30228],[-13.53932,29.29924],[-13.53957,29.29849],[-13.5381,29.29696],[-13.53807,29.29584],[-13.53732,29.29474],[-13.53775,29.29357],[-13.53835,29.29314],[-13.53799,29.29175],[-13.53947,29.29142],[-13.53943,29.29091],[-13.53999,29.29028],[-13.54015,29.28948],[-13.53977,29.28965],[-13.53836,29.28887],[-13.53699,29.28964],[-13.53458,29.28923],[-13.5333,29.29087],[-13.53264,29.29105],[-13.53177,29.29031],[-13.5313,29.29029],[-13.53143,29.29185],[-13.53182,29.29257],[-13.53102,29.2949],[-13.53235,29.29485],[-13.53276,29.2952],[-13.53162,29.29614],[-13.53098,29.2975],[-13.52961,29.29913],[-13.52952,29.30305]]],[[[-13.52351,29.41087],[-13.52383,29.41075],[-13.52393,29.40997],[-13.5232,29.40956],[-13.52352,29.40927],[-13.52301,29.40826],[-13.52307,29.40699],[-13.52397,29.40717],[-13.52411,29.4064],[-13.5246,29.40729],[-13.52512,29.40739],[-13.52547,29.4065],[-13.52489,29.40574],[-13.5259,29.4059],[-13.5264,29.40522],[-13.52611,29.40471],[-13.5266,29.40465],[-13.52693,29.40409],[-13.52843,29.40333],[-13.53008,29.401],[-13.53121,29.40017],[-13.53113,29.3964],[-13.53191,29.39497],[-13.53155,29.39364],[-13.53073,29.39234],[-13.52978,29.38805],[-13.52991,29.38689],[-13.52935,29.38569],[-13.52631,29.38347],[-13.52362,29.38343],[-13.52339,29.38273],[-13.52114,29.38267],[-13.52067,29.38298],[-13.52051,29.3827],[-13.5192,29.38311],[-13.51745,29.38429],[-13.51698,29.38406],[-13.5168,29.38522],[-13.51583,29.386],[-13.51093,29.38526],[-13.51079,29.38493],[-13.50948,29.38547],[-13.50788,29.38447],[-13.5068,29.38448],[-13.50589,29.38587],[-13.50408,29.38765],[-13.50322,29.38972],[-13.5023,29.39076],[-13.49926,29.39197],[-13.49821,29.39279],[-13.49759,29.39302],[-13.49643,29.39281],[-13.49467,29.39373],[-13.4925,29.39661],[-13.49178,29.39699],[-13.492,29.39756],[-13.49149,29.39795],[-13.4916,29.39883],[-13.4904,29.39981],[-13.49064,29.4006],[-13.49005,29.40066],[-13.49032,29.40112],[-13.49012,29.40147],[-13.48917,29.40169],[-13.48932,29.40293],[-13.48846,29.40296],[-13.48703,29.40245],[-13.48646,29.40259],[-13.48621,29.40339],[-13.48715,29.40348],[-13.48735,29.40381],[-13.48783,29.40355],[-13.48815,29.40395],[-13.48935,29.40388],[-13.48887,29.40518],[-13.48966,29.40492],[-13.48997,29.4043],[-13.4908,29.40466],[-13.49104,29.4052],[-13.49181,29.40499],[-13.49144,29.40595],[-13.49425,29.40794],[-13.49406,29.40866],[-13.4944,29.40965],[-13.49359,29.41023],[-13.49422,29.4101],[-13.49583,29.41108],[-13.49594,29.41146],[-13.49709,29.41142],[-13.49717,29.41188],[-13.49763,29.41201],[-13.49754,29.41257],[-13.49844,29.41342],[-13.499,29.41296],[-13.50042,29.41309],[-13.50059,29.41371],[-13.50276,29.41275],[-13.50321,29.41298],[-13.50345,29.41373],[-13.50394,29.41372],[-13.50422,29.41453],[-13.50477,29.41472],[-13.50484,29.41558],[-13.50519,29.41539],[-13.50573,29.41601],[-13.50609,29.41558],[-13.5068,29.41597],[-13.50675,29.41558],[-13.5073,29.41526],[-13.50775,29.41583],[-13.50858,29.41563],[-13.50927,29.41499],[-13.50964,29.41554],[-13.51032,29.41572],[-13.51095,29.41518],[-13.51081,29.41465],[-13.51164,29.41481],[-13.51236,29.41377],[-13.51255,29.41449],[-13.51327,29.41461],[-13.51351,29.41416],[-13.51379,29.41426],[-13.51449,29.41374],[-13.51428,29.41261],[-13.51454,29.41214],[-13.51551,29.41229],[-13.51637,29.41175],[-13.51703,29.41182],[-13.51785,29.41144],[-13.5177,29.41095],[-13.51871,29.4108],[-13.51901,29.41015],[-13.51954,29.41083],[-13.52008,29.41012],[-13.51998,29.41147],[-13.52039,29.41177],[-13.52052,29.41143],[-13.52074,29.41169],[-13.52159,29.41124],[-13.52214,29.41146],[-13.52241,29.41082],[-13.52351,29.41087]]],[[[-13.52926,29.40281],[-13.5292,29.40317],[-13.52961,29.40289],[-13.52926,29.40281]]],[[[-13.51652,29.41282],[-13.51496,29.41274],[-13.51614,29.41345],[-13.51643,29.41346],[-13.51652,29.41282]]],[[[-13.51851,29.41145],[-13.5184,29.41184],[-13.51898,29.41151],[-13.51851,29.41145]]],[[[-13.52268,29.41175],[-13.52244,29.41141],[-13.52229,29.41196],[-13.52268,29.41175]]],[[[-13.49787,29.41403],[-13.49802,29.41373],[-13.49717,29.41361],[-13.49787,29.41403]]],[[[-13.50125,29.41382],[-13.50129,29.41431],[-13.50159,29.41438],[-13.50125,29.41382]]],[[[-13.51176,29.41552],[-13.51145,29.41516],[-13.5114,29.41564],[-13.51176,29.41552]]]]}},{"type":"Feature","properties":{"name":"Candelaria"},"geometry":{"type":"MultiPolygon","coordinates":[[[[-16.44546,28.39062],[-16.44573,28.38856],[-16.44628,28.38743],[-16.44751,28.38643],[-16.44756,28.38503],[-16.44659,28.38303],[-16.44525,28.3823],[-16.44383,28.38268],[-16.44334,28.38135],[-16.44134,28.38073],[-16.4362,28.37722],[-16.4309,28.3729],[-16.42931,28.37257],[-16.42622,28.36996],[-16.42475,28.36764],[-16.42365,28.36716],[-16.42265,28.36549],[-16.42062,28.365],[-16.41721,28.36279],[-16.41595,28.36027],[-16.41496,28.35899],[-16.41146,28.35721],[-16.41,28.35334],[-16.40892,28.353],[-16.40757,28.35329],[-16.40726,28.35302],[-16.4072,28.35188],[-16.40654,28.35087],[-16.40126,28.34927],[-16.39993,28.34797],[-16.39966,28.34669],[-16.39935,28.34673],[-16.39847,28.34583],[-16.39722,28.34542],[-16.39591,28.34613],[-16.39466,28.34632],[-16.39429,28.34588],[-16.39243,28.34556],[-16.39216,28.34496],[-16.3928,28.34519],[-16.39409,28.34418],[-16.39337,28.34296],[-16.39228,28.34258],[-16.39129,28.34294],[-16.39083,28.34251],[-16.39023,28.34255],[-16.38975,28.34189],[-16.38712,28.34169],[-16.38612,28.3411],[-16.38539,28.33983],[-16.38466,28.33941],[-16.38288,28.33942],[-16.38008,28.34063],[-16.37649,28.34004],[-16.37285,28.34034],[-16.37027,28.33887],[-16.36852,28.33953],[-16.36633,28.33967],[-16.36732,28.3414],[-16.36708,28.34211],[-16.36618,28.34264],[-16.36626,28.34293],[-16.36683,28.34299],[-16.36766,28.34364],[-16.36708,28.34505],[-16.36745,28.34564],[-16.36898,28.34644],[-16.36813,28.34937],[-16.36886,28.34973],[-16.36973,28.35442],[-16.36925,28.35576],[-16.36948,28.35606],[-16.36905,28.35611],[-16.36894,28.35755],[-16.36859,28.35777],[-16.3677,28.35726],[-16.3683,28.35623],[-16.36804,28.35613],[-16.36737,28.35716],[-16.36795,28.358],[-16.36773,28.35846],[-16.36725,28.35846],[-16.36729,28.35895],[-16.3667,28.35958],[-16.36687,28.36025],[-16.36621,28.36002],[-16.36574,28.36119],[-16.36508,28.36091],[-16.36522,28.35963],[-16.36474,28.36053],[-16.3646,28.36168],[-16.36369,28.36194],[-16.36433,28.3629],[-16.36424,28.36315],[-16.36393,28.36297],[-16.36381,28.36356],[-16.36433,28.36406],[-16.36423,28.36458],[-16.36272,28.36792],[-16.36215,28.36834],[-16.36166,28.36826],[-16.36215,28.36762],[-16.36113,28.36871],[-16.36096,28.36937],[-16.36165,28.36999],[-16.36138,28.37095],[-16.36088,28.37097],[-16.36098,28.37189],[-16.36143,28.37181],[-16.36169,28.37218],[-16.36165,28.3737],[-16.36121,28.3741],[-16.36168,28.37502],[-16.36168,28.37594],[-16.36086,28.37709],[-16.36004,28.37723],[-16.36106,28.37863],[-16.36043,28.37889],[-16.36057,28.37932],[-16.36021,28.3798],[-16.35976,28.37973],[-16.35937,28.38024],[-16.3582,28.38039],[-16.35705,28.38009],[-16.35624,28.3813],[-16.3562,28.38228],[-16.35562,28.38325],[-16.35484,28.38371],[-16.35189,28.38497],[-16.351,28.38566],[-16.34721,28.38672],[-16.34625,28.38781],[-16.34442,28.39084],[-16.34459,28.39108],[-16.34429,28.39154],[-16.34326,28.39227],[-16.3423,28.39245],[-16.3421,28.39333],[-16.34138,28.39394],[-16.34034,28.39411],[-16.3388,28.39605],[-16.33737,28.39627],[-16.33937,28.39778],[-16.34315,28.3985],[-16.34377,28.39938],[-16.34478,28.39904],[-16.34774,28.39962],[-16.34948,28.40061],[-16.3542,28.40025],[-16.35691,28.40056],[-16.3594,28.40232],[-16.361,28.40255],[-16.36137,28.40336],[-16.36287,28.40352],[-16.36333,28.40437],[-16.3671,28.40614],[-16.36686,28.40834],[-16.3675,28.40902],[-16.3715,28.41005],[-16.37328,28.41122],[-16.37522,28.4116],[-16.37681,28.41273],[-16.37939,28.41376],[-16.38215,28.41432],[-16.38406,28.41368],[-16.3869,28.41421],[-16.3886,28.41351],[-16.3899,28.41346],[-16.39145,28.41221],[-16.39594,28.41241],[-16.3979,28.41146],[-16.39927,28.4122],[-16.40043,28.41351],[-16.40264,28.41489],[-16.4046,28.41409],[-16.4069,28.41453],[-16.40863,28.41428],[-16.41746,28.40932],[-16.41865,28.4091],[-16.42004,28.40949],[-16.42158,28.40855],[-16.42257,28.40695],[-16.42275,28.40497],[-16.42476,28.40291],[-16.42469,28.40098],[-16.42509,28.39958],[-16.42361,28.39809],[-16.42467,28.39658],[-16.42525,28.39625],[-16.42861,28.39587],[-16.43018,28.39516],[-16.43276,28.39522],[-16.4339,28.39496],[-16.43621,28.39323],[-16.43785,28.3929],[-16.43927,28.39222],[-16.44096,28.39219],[-16.44345,28.39029],[-16.44546,28.39062]]]]}},{"type":"Feature","properties":{"name":"Pájara"},"geometry":{"type":"MultiPolygon","coordinates":[[[[-14.51249,28.06793],[-14.51202,28.06887],[-14.51269,28.06857],[-14.51249,28.06822],[-14.51281,28.06798],[-14.51249,28.06793]]],[[[-14.47463,28.10504],[-14.47502,28.10494],[-14.475,28.10469],[-14.47463,28.10504]]],[[[-14.20915,28.25976],[-14.20961,28.2592],[-14.20918,28.25922],[-14.20915,28.25976]]],[[[-14.21155,28.26777],[-14.21167,28.26805],[-14.21188,28.26788],[-14.21155,28.26777]]],[[[-14.1617,28.39233],[-14.1612,28.39271],[-14.16173,28.39269],[-14.1617,28.39233]]],[[[-14.50101,28.09094],[-14.50077,28.09083],[-14.50073,28.09122],[-14.50107,28.0912],[-14.50101,28.09094]]],[[[-14.43535,28.10213],[-14.43465,28.10232],[-14.43516,28.10243],[-14.43535,28.10213]]],[[[-14.477,28.10417],[-14.47655,28.10385],[-14.47664,28.10417],[-14.477,28.10417]]],[[[-14.1548,28.40497],[-14.15492,28.40425],[-14.15636,28.40335],[-14.15759,28.40006],[-14.15691,28.3998],[-14.15656,28.39917],[-14.15651,28.39827],[-14.15709,28.39776],[-14.15698,28.39737],[-14.15617,28.39738],[-14.15549,28.3969],[-14.15567,28.39461],[-14.15667,28.39351],[-14.15886,28.3921],[-14.16032,28.39254],[-14.16138,28.39235],[-14.16243,28.38976],[-14.16239,28.38889],[-14.16215,28.38913],[-14.16183,28.38842],[-14.16182,28.38754],[-14.16248,28.38724],[-14.1627,28.38577],[-14.16197,28.38489],[-14.16242,28.38484],[-14.16247,28.38454],[-14.16198,28.38339],[-14.16237,28.38298],[-14.16202,28.38225],[-14.1623,28.38178],[-14.16214,28.38022],[-14.1619,28.38011],[-14.1626,28.37921],[-14.16214,28.37895],[-14.16201,28.37748],[-14.16284,28.37676],[-14.16327,28.37539],[-14.16285,28.37527],[-14.16297,28.37463],[-14.16272,28.37468],[-14.16214,28.3733],[-14.16176,28.37284],[-14.16121,28.37274],[-14.16199,28.37061],[-14.1625,28.37047],[-14.16226,28.36873],[-14.16347,28.36823],[-14.16341,28.3672],[-14.16425,28.36678],[-14.16488,28.36554],[-14.16752,28.36328],[-14.16894,28.36291],[-14.16979,28.36224],[-14.17057,28.36241],[-14.17146,28.36195],[-14.17132,28.36037],[-14.17153,28.35881],[-14.17178,28.35867],[-14.17178,28.35593],[-14.17257,28.35541],[-14.17336,28.35561],[-14.17369,28.35467],[-14.17336,28.35308],[-14.17368,28.35266],[-14.1743,28.35275],[-14.17612,28.35026],[-14.17647,28.35027],[-14.17646,28.34965],[-14.17685,28.35038],[-14.1771,28.35024],[-14.1774,28.34922],[-14.17623,28.34795],[-14.1775,28.34578],[-14.17924,28.34444],[-14.18046,28.34416],[-14.18046,28.34354],[-14.18082,28.34332],[-14.18211,28.34307],[-14.18326,28.34208],[-14.1834,28.34151],[-14.18395,28.34149],[-14.1853,28.34022],[-14.18607,28.34052],[-14.18713,28.34021],[-14.1877,28.33953],[-14.18768,28.33898],[-14.18816,28.33882],[-14.18824,28.33847],[-14.18779,28.33823],[-14.18883,28.33789],[-14.18876,28.3375],[-14.18966,28.33747],[-14.19013,28.33711],[-14.19098,28.33734],[-14.19134,28.33667],[-14.19283,28.33557],[-14.19573,28.33493],[-14.19666,28.33432],[-14.19884,28.33397],[-14.2002,28.33241],[-14.20026,28.33155],[-14.20125,28.33077],[-14.20163,28.3295],[-14.20339,28.32879],[-14.20392,28.32809],[-14.20379,28.32747],[-14.20427,28.32724],[-14.20497,28.32467],[-14.20491,28.3243],[-14.20412,28.3241],[-14.20465,28.32342],[-14.20471,28.32214],[-14.20445,28.32214],[-14.20485,28.32018],[-14.20564,28.31799],[-14.20654,28.31655],[-14.20665,28.31557],[-14.20864,28.31324],[-14.20838,28.31311],[-14.20899,28.31246],[-14.20951,28.3104],[-14.2092,28.31008],[-14.2095,28.30974],[-14.20871,28.30953],[-14.2089,28.30862],[-14.20827,28.3082],[-14.20912,28.30728],[-14.20844,28.30684],[-14.20778,28.30708],[-14.20808,28.30667],[-14.20759,28.30649],[-14.20821,28.30609],[-14.20773,28.30525],[-14.20806,28.30476],[-14.20716,28.30508],[-14.20862,28.30416],[-14.20769,28.30445],[-14.20796,28.30409],[-14.20756,28.304],[-14.20796,28.30372],[-14.20742,28.30378],[-14.20731,28.30353],[-14.20757,28.30314],[-14.20727,28.30294],[-14.20746,28.30236],[-14.20692,28.30236],[-14.20665,28.30178],[-14.20686,28.30097],[-14.2102,28.29928],[-14.21074,28.29833],[-14.21046,28.29801],[-14.21065,28.2974],[-14.21002,28.29694],[-14.21041,28.29603],[-14.21218,28.29538],[-14.21164,28.2947],[-14.21137,28.29494],[-14.21123,28.29473],[-14.2118,28.29435],[-14.2115,28.29406],[-14.21231,28.2928],[-14.21169,28.29187],[-14.21186,28.29128],[-14.21141,28.2902],[-14.21237,28.28875],[-14.21389,28.2882],[-14.21432,28.28748],[-14.21422,28.28714],[-14.21341,28.28773],[-14.2127,28.2872],[-14.21268,28.28667],[-14.2123,28.28669],[-14.21226,28.28528],[-14.21207,28.28505],[-14.21167,28.28538],[-14.21169,28.28489],[-14.2113,28.28474],[-14.2116,28.28425],[-14.21113,28.28321],[-14.2117,28.28263],[-14.21148,28.28229],[-14.21185,28.28192],[-14.2113,28.28164],[-14.21154,28.28123],[-14.21117,28.28125],[-14.21101,28.28078],[-14.21124,28.28011],[-14.21,28.27952],[-14.21024,28.27918],[-14.20995,28.27814],[-14.21023,28.27719],[-14.20988,28.27703],[-14.20955,28.27617],[-14.20975,28.27587],[-14.20938,28.27584],[-14.20953,28.27548],[-14.20893,28.27465],[-14.20916,28.27328],[-14.20882,28.27306],[-14.20922,28.27185],[-14.20836,28.27065],[-14.20929,28.26861],[-14.21108,28.2676],[-14.21127,28.26659],[-14.21208,28.26518],[-14.21172,28.26363],[-14.21054,28.26359],[-14.21022,28.26273],[-14.20891,28.26143],[-14.20839,28.25996],[-14.20957,28.25765],[-14.20969,28.25533],[-14.21158,28.25264],[-14.21149,28.25097],[-14.21228,28.2505],[-14.2129,28.24961],[-14.21297,28.24887],[-14.21392,28.248],[-14.21429,28.24694],[-14.21351,28.2466],[-14.21371,28.24493],[-14.21327,28.24509],[-14.21295,28.24467],[-14.21263,28.24326],[-14.21365,28.24255],[-14.21399,28.24191],[-14.21395,28.24038],[-14.21313,28.23845],[-14.21344,28.23771],[-14.21308,28.23656],[-14.214,28.23517],[-14.21304,28.23382],[-14.214,28.23316],[-14.21479,28.23189],[-14.21425,28.23174],[-14.21427,28.23129],[-14.21462,28.23106],[-14.21446,28.23016],[-14.21479,28.23019],[-14.21548,28.22938],[-14.21512,28.2292],[-14.21523,28.2289],[-14.21483,28.22839],[-14.21533,28.22628],[-14.2181,28.22347],[-14.21926,28.2207],[-14.22004,28.22],[-14.2205,28.21986],[-14.22118,28.22014],[-14.22268,28.21936],[-14.22161,28.21894],[-14.22149,28.21759],[-14.22171,28.21717],[-14.22228,28.21726],[-14.22301,28.21644],[-14.22269,28.21557],[-14.22304,28.21513],[-14.22385,28.21475],[-14.2246,28.21376],[-14.22799,28.21092],[-14.23002,28.2105],[-14.23047,28.21003],[-14.23098,28.21016],[-14.23275,28.20838],[-14.2335,28.20677],[-14.23347,28.20622],[-14.23427,28.20622],[-14.23745,28.20444],[-14.23744,28.20398],[-14.23834,28.20307],[-14.24001,28.20276],[-14.24053,28.20161],[-14.2415,28.20153],[-14.24234,28.20101],[-14.24282,28.19884],[-14.24353,28.19886],[-14.24371,28.19821],[-14.2446,28.19798],[-14.24447,28.19673],[-14.24639,28.19419],[-14.25044,28.19129],[-14.25102,28.19118],[-14.25162,28.19039],[-14.25421,28.18848],[-14.25627,28.1877],[-14.2567,28.18709],[-14.25751,28.18699],[-14.25975,28.18571],[-14.26115,28.18434],[-14.26277,28.18364],[-14.2672,28.1789],[-14.27153,28.17605],[-14.2747,28.17331],[-14.27588,28.17302],[-14.27719,28.17185],[-14.27992,28.17024],[-14.28231,28.16784],[-14.28557,28.1664],[-14.28636,28.1651],[-14.28789,28.16492],[-14.28948,28.1632],[-14.29114,28.16304],[-14.29276,28.16181],[-14.29352,28.1617],[-14.29427,28.16066],[-14.29582,28.15989],[-14.29861,28.15919],[-14.29936,28.15841],[-14.29957,28.15763],[-14.30109,28.15644],[-14.30286,28.1533],[-14.30431,28.15204],[-14.30599,28.15148],[-14.30689,28.14992],[-14.32023,28.14136],[-14.32178,28.14088],[-14.32566,28.13871],[-14.32851,28.13762],[-14.3315,28.13564],[-14.33559,28.13399],[-14.33854,28.13223],[-14.34086,28.13141],[-14.34251,28.13039],[-14.34673,28.12912],[-14.34869,28.12793],[-14.35489,28.12558],[-14.35692,28.12557],[-14.35737,28.12704],[-14.35802,28.12698],[-14.3586,28.12647],[-14.35842,28.12583],[-14.3588,28.12539],[-14.35774,28.12537],[-14.35773,28.1246],[-14.35885,28.12331],[-14.36171,28.12149],[-14.3664,28.11982],[-14.37349,28.11667],[-14.38272,28.11364],[-14.39786,28.11014],[-14.40171,28.10882],[-14.40902,28.10767],[-14.41278,28.10664],[-14.41412,28.1059],[-14.41495,28.10592],[-14.41593,28.10643],[-14.41753,28.10527],[-14.42464,28.10313],[-14.43029,28.10194],[-14.43857,28.1016],[-14.44115,28.10076],[-14.44426,28.10077],[-14.44626,28.1016],[-14.44911,28.10087],[-14.45018,28.10013],[-14.45144,28.10092],[-14.4527,28.10342],[-14.45568,28.10544],[-14.45626,28.10539],[-14.45755,28.10397],[-14.45931,28.10338],[-14.46003,28.10281],[-14.46,28.10224],[-14.46093,28.10152],[-14.46163,28.10142],[-14.46357,28.10185],[-14.46498,28.10162],[-14.46677,28.10224],[-14.467,28.10283],[-14.46658,28.10381],[-14.46811,28.10375],[-14.46888,28.1043],[-14.47026,28.104],[-14.47132,28.10284],[-14.47186,28.10274],[-14.47149,28.10395],[-14.47316,28.10384],[-14.47293,28.10449],[-14.47327,28.10482],[-14.47446,28.10483],[-14.47689,28.10355],[-14.47623,28.10293],[-14.47641,28.1027],[-14.47732,28.1028],[-14.47725,28.10185],[-14.4776,28.1016],[-14.47865,28.10143],[-14.48019,28.10034],[-14.48133,28.10028],[-14.48187,28.1009],[-14.4826,28.10328],[-14.48367,28.10393],[-14.48484,28.10414],[-14.48568,28.10387],[-14.48607,28.10525],[-14.48675,28.10535],[-14.48655,28.1062],[-14.48684,28.1062],[-14.48626,28.10745],[-14.4868,28.10877],[-14.48771,28.10906],[-14.48807,28.10863],[-14.48826,28.10919],[-14.48899,28.10924],[-14.49058,28.11094],[-14.49118,28.11103],[-14.49154,28.11053],[-14.49149,28.10958],[-14.4927,28.10853],[-14.49383,28.10615],[-14.49388,28.1037],[-14.49439,28.10352],[-14.49688,28.10385],[-14.49806,28.10204],[-14.49878,28.10185],[-14.49907,28.101],[-14.4991,28.10046],[-14.4975,28.09924],[-14.49737,28.09865],[-14.49572,28.09699],[-14.49443,28.09682],[-14.49374,28.09641],[-14.4932,28.09501],[-14.49249,28.09421],[-14.49305,28.09182],[-14.49409,28.09106],[-14.49336,28.09014],[-14.49299,28.08838],[-14.49215,28.08705],[-14.49247,28.08419],[-14.49323,28.08304],[-14.49415,28.08257],[-14.49555,28.08301],[-14.49671,28.08238],[-14.49713,28.08251],[-14.50126,28.0802],[-14.50234,28.07841],[-14.50214,28.07458],[-14.50555,28.07292],[-14.50678,28.06988],[-14.50786,28.06991],[-14.50799,28.0694],[-14.50991,28.0685],[-14.50962,28.06698],[-14.50695,28.06513],[-14.5046,28.06818],[-14.5042,28.07068],[-14.50236,28.07209],[-14.49959,28.07251],[-14.49742,28.07351],[-14.49314,28.07452],[-14.49161,28.07415],[-14.49,28.0748],[-14.48852,28.07465],[-14.48809,28.07535],[-14.48648,28.0761],[-14.4829,28.07631],[-14.4816,28.07752],[-14.47779,28.07786],[-14.47268,28.07692],[-14.47164,28.07644],[-14.46923,28.07626],[-14.46786,28.0756],[-14.46689,28.07601],[-14.46447,28.07563],[-14.4625,28.0747],[-14.4607,28.07432],[-14.45963,28.07366],[-14.45778,28.07325],[-14.45238,28.07329],[-14.45015,28.07208],[-14.44857,28.07201],[-14.44595,28.07119],[-14.44291,28.06976],[-14.44153,28.06994],[-14.43916,28.06903],[-14.43785,28.06815],[-14.43432,28.06818],[-14.42972,28.06524],[-14.42417,28.06438],[-14.42047,28.06239],[-14.41989,28.06178],[-14.41769,28.06192],[-14.41698,28.06124],[-14.41534,28.06099],[-14.40954,28.05869],[-14.40199,28.05804],[-14.40014,28.05856],[-14.39561,28.05695],[-14.39266,28.05651],[-14.39081,28.05563],[-14.38825,28.05578],[-14.38794,28.05517],[-14.38553,28.055],[-14.38298,28.05353],[-14.38308,28.05297],[-14.38156,28.05295],[-14.38045,28.05245],[-14.37661,28.0522],[-14.37528,28.05319],[-14.37229,28.05328],[-14.37041,28.05467],[-14.36838,28.0544],[-14.36489,28.05306],[-14.36414,28.05233],[-14.36434,28.05072],[-14.36234,28.05],[-14.36227,28.0502],[-14.36412,28.05087],[-14.364,28.05196],[-14.36359,28.05235],[-14.36077,28.05091],[-14.36109,28.05017],[-14.36048,28.05075],[-14.35848,28.04951],[-14.35945,28.04836],[-14.35986,28.04855],[-14.36107,28.04816],[-14.36483,28.04965],[-14.36507,28.04945],[-14.36108,28.04747],[-14.35651,28.04915],[-14.3544,28.0489],[-14.35199,28.04938],[-14.34727,28.04809],[-14.33819,28.0445],[-14.33652,28.04406],[-14.33193,28.04403],[-14.32781,28.0463],[-14.32594,28.04666],[-14.32404,28.04849],[-14.32259,28.04938],[-14.31981,28.0527],[-14.31452,28.05756],[-14.31254,28.06096],[-14.30567,28.06817],[-14.30336,28.07197],[-14.301,28.07423],[-14.29537,28.07775],[-14.28924,28.08327],[-14.28631,28.08416],[-14.28477,28.08701],[-14.28244,28.09019],[-14.27732,28.09507],[-14.27607,28.09548],[-14.27495,28.09636],[-14.2744,28.09735],[-14.27322,28.09843],[-14.26822,28.10654],[-14.26538,28.10953],[-14.26407,28.11032],[-14.26062,28.11092],[-14.25869,28.11189],[-14.25995,28.11053],[-14.25855,28.11132],[-14.25824,28.11106],[-14.25683,28.11345],[-14.25662,28.11322],[-14.25716,28.11253],[-14.25719,28.1117],[-14.25225,28.11614],[-14.2448,28.12941],[-14.24455,28.12977],[-14.24401,28.12972],[-14.24366,28.13065],[-14.24217,28.13176],[-14.23889,28.13693],[-14.23599,28.14387],[-14.23409,28.14528],[-14.23316,28.14717],[-14.2299,28.14985],[-14.22595,28.15753],[-14.22435,28.15994],[-14.22263,28.16223],[-14.21991,28.16428],[-14.21806,28.16523],[-14.21666,28.1654],[-14.21411,28.16395],[-14.21287,28.16411],[-14.20728,28.16689],[-14.20585,28.16728],[-14.20487,28.16903],[-14.20241,28.17169],[-14.2004,28.17312],[-14.19822,28.17392],[-14.19728,28.17342],[-14.19569,28.17412],[-14.19114,28.17422],[-14.18984,28.17383],[-14.18897,28.17287],[-14.18808,28.17273],[-14.18704,28.17372],[-14.18355,28.17506],[-14.18219,28.17499],[-14.18176,28.17466],[-14.1818,28.17431],[-14.17978,28.17368],[-14.17827,28.17408],[-14.1769,28.17385],[-14.17564,28.17485],[-14.17395,28.1747],[-14.1731,28.17529],[-14.1711,28.17519],[-14.16966,28.17401],[-14.16857,28.17452],[-14.16767,28.17397],[-14.16742,28.17453],[-14.16542,28.17534],[-14.16465,28.1767],[-14.16253,28.17741],[-14.16212,28.17747],[-14.16069,28.17645],[-14.15979,28.1764],[-14.15877,28.17588],[-14.15799,28.17697],[-14.15717,28.17737],[-14.15724,28.17812],[-14.15634,28.17952],[-14.15428,28.18112],[-14.15353,28.18135],[-14.1527,28.18237],[-14.15149,28.1829],[-14.15014,28.18317],[-14.14911,28.183],[-14.14848,28.18178],[-14.1478,28.18127],[-14.14611,28.18158],[-14.14575,28.18251],[-14.14524,28.18254],[-14.14408,28.18182],[-14.14389,28.18211],[-14.14312,28.18198],[-14.14317,28.18281],[-14.14273,28.1832],[-14.14045,28.18332],[-14.13916,28.18392],[-14.13852,28.18528],[-14.13801,28.18557],[-14.13804,28.18632],[-14.13713,28.18721],[-14.13625,28.18754],[-14.13454,28.18716],[-14.13178,28.18828],[-14.13007,28.18758],[-14.12947,28.18667],[-14.12917,28.18667],[-14.12907,28.18732],[-14.12823,28.18735],[-14.128,28.18845],[-14.1273,28.18901],[-14.1275,28.19068],[-14.12804,28.19175],[-14.12794,28.19474],[-14.12919,28.19645],[-14.13158,28.19743],[-14.1375,28.20267],[-14.13863,28.20492],[-14.1385,28.21035],[-14.13978,28.21274],[-14.13953,28.21365],[-14.13966,28.21547],[-14.13996,28.21599],[-14.13965,28.21886],[-14.13902,28.22004],[-14.13588,28.22277],[-14.13672,28.2238],[-14.13954,28.23032],[-14.13917,28.2319],[-14.13947,28.23312],[-14.13908,28.235],[-14.13747,28.23908],[-14.13811,28.24066],[-14.1392,28.24147],[-14.13933,28.24368],[-14.14045,28.24443],[-14.14107,28.24565],[-14.14003,28.24805],[-14.13994,28.24907],[-14.14308,28.25241],[-14.14315,28.25294],[-14.14288,28.25393],[-14.14181,28.25481],[-14.14123,28.25652],[-14.14037,28.25716],[-14.13928,28.25743],[-14.13947,28.25887],[-14.13828,28.26083],[-14.1383,28.26173],[-14.13992,28.26479],[-14.14231,28.26527],[-14.14259,28.26611],[-14.14224,28.26709],[-14.14568,28.27306],[-14.14635,28.2757],[-14.14776,28.27698],[-14.15142,28.27852],[-14.15517,28.27835],[-14.15615,28.2791],[-14.15751,28.27944],[-14.15863,28.28011],[-14.15904,28.28149],[-14.15829,28.28278],[-14.15914,28.28386],[-14.159,28.28485],[-14.15989,28.28744],[-14.15715,28.28886],[-14.15584,28.28896],[-14.15496,28.28948],[-14.15237,28.28926],[-14.14931,28.29113],[-14.14786,28.29164],[-14.14683,28.29255],[-14.145,28.29249],[-14.14322,28.29129],[-14.14079,28.29026],[-14.13864,28.2907],[-14.13736,28.29151],[-14.13483,28.29232],[-14.13164,28.29453],[-14.12835,28.29784],[-14.12765,28.29916],[-14.12789,28.30027],[-14.12678,28.3015],[-14.12388,28.30252],[-14.11781,28.30824],[-14.11545,28.30876],[-14.11363,28.3083],[-14.11194,28.30978],[-14.11123,28.31249],[-14.11073,28.31333],[-14.10748,28.31821],[-14.10584,28.31971],[-14.10416,28.3202],[-14.10127,28.31986],[-14.09885,28.32237],[-14.09647,28.32393],[-14.09513,28.32583],[-14.09375,28.32575],[-14.08647,28.32708],[-14.08194,28.33002],[-14.07968,28.33208],[-14.07598,28.33374],[-14.07447,28.33707],[-14.07388,28.33967],[-14.07105,28.34127],[-14.06547,28.34526],[-14.06375,28.34576],[-14.0624,28.3475],[-14.06135,28.34997],[-14.05956,28.35074],[-14.0582,28.35192],[-14.0586,28.35326],[-14.05839,28.35493],[-14.05965,28.35577],[-14.06221,28.35646],[-14.06389,28.3588],[-14.06446,28.366],[-14.06341,28.3706],[-14.06317,28.37396],[-14.06266,28.37559],[-14.06431,28.37739],[-14.06774,28.37791],[-14.07369,28.38019],[-14.07449,28.38011],[-14.07658,28.3791],[-14.07811,28.38004],[-14.08031,28.37978],[-14.08245,28.3804],[-14.08629,28.37712],[-14.08973,28.37541],[-14.09364,28.37864],[-14.09772,28.38151],[-14.09938,28.38317],[-14.10143,28.38613],[-14.1037,28.388],[-14.10622,28.38699],[-14.10787,28.3876],[-14.10974,28.38763],[-14.11123,28.3881],[-14.11244,28.38798],[-14.11371,28.38732],[-14.11533,28.38734],[-14.11773,28.38805],[-14.12213,28.38791],[-14.12272,28.38813],[-14.12352,28.39063],[-14.12423,28.39185],[-14.1275,28.39366],[-14.12915,28.3953],[-14.12739,28.39785],[-14.12818,28.39906],[-14.13084,28.40091],[-14.13093,28.40177],[-14.13261,28.40254],[-14.13483,28.40418],[-14.15204,28.40598],[-14.15323,28.40582],[-14.1548,28.40497]]]]}},{"type":"Feature","properties":{"name":"Vega de San Mateo"},"geometry":{"type":"MultiPolygon","coordinates":[[[[-15.60003,28.01155],[-15.59963,28.00773],[-15.59987,28.00668],[-15.59953,28.00497],[-15.59934,28.00456],[-15.59726,28.00315],[-15.59689,28.00168],[-15.5961,28.0003],[-15.59673,27.9977],[-15.59629,27.99621],[-15.59587,27.99576],[-15.5956,27.99398],[-15.59379,27.99271],[-15.59237,27.99088],[-15.59337,27.9879],[-15.59265,27.98685],[-15.5923,27.98512],[-15.59128,27.98491],[-15.58967,27.98308],[-15.58721,27.98252],[-15.58668,27.982],[-15.58596,27.98086],[-15.58562,27.97911],[-15.58387,27.97817],[-15.58409,27.97718],[-15.58201,27.97546],[-15.57455,27.96495],[-15.57177,27.96212],[-15.56961,27.96326],[-15.56893,27.96321],[-15.5676,27.96274],[-15.56558,27.96134],[-15.56419,27.9609],[-15.56236,27.96108],[-15.56077,27.96007],[-15.56026,27.95932],[-15.55804,27.958],[-15.55685,27.95768],[-15.55664,27.95696],[-15.55541,27.95598],[-15.55428,27.95422],[-15.55286,27.95632],[-15.55244,27.95806],[-15.55091,27.96152],[-15.5491,27.96376],[-15.54902,27.96898],[-15.54831,27.97263],[-15.54798,27.9789],[-15.5501,27.98424],[-15.54997,27.98571],[-15.54875,27.98937],[-15.54706,27.99017],[-15.54589,27.99216],[-15.54069,27.9952],[-15.53977,27.99664],[-15.5386,27.99711],[-15.537,27.99847],[-15.53578,27.99885],[-15.53205,27.99836],[-15.52956,28.0],[-15.5288,28.00001],[-15.52747,28.00189],[-15.5265,28.00268],[-15.5241,28.00156],[-15.5216,28.0021],[-15.52039,28.00144],[-15.51931,28.00141],[-15.51715,28.00374],[-15.51454,28.00466],[-15.51384,28.00605],[-15.51384,28.0069],[-15.5131,28.0078],[-15.514,28.00847],[-15.51474,28.00846],[-15.51562,28.00961],[-15.51601,28.01142],[-15.51687,28.01245],[-15.51613,28.01331],[-15.51619,28.01371],[-15.51755,28.01441],[-15.51834,28.01435],[-15.52277,28.01775],[-15.5256,28.02118],[-15.53012,28.02871],[-15.53085,28.03194],[-15.53187,28.03202],[-15.53212,28.03382],[-15.53455,28.03341],[-15.53514,28.0349],[-15.53657,28.03555],[-15.53752,28.0375],[-15.53915,28.03834],[-15.54013,28.03787],[-15.54045,28.03641],[-15.54122,28.03548],[-15.54252,28.03431],[-15.54419,28.03382],[-15.54428,28.03303],[-15.54587,28.0324],[-15.54704,28.0315],[-15.55049,28.03105],[-15.55144,28.02966],[-15.55775,28.02732],[-15.56041,28.02483],[-15.56371,28.02503],[-15.56476,28.02476],[-15.56556,28.02518],[-15.56764,28.02519],[-15.56917,28.02614],[-15.57103,28.02561],[-15.57307,28.02385],[-15.57351,28.02283],[-15.57553,28.02154],[-15.57633,28.02061],[-15.57846,28.0193],[-15.57979,28.01888],[-15.5808,28.01763],[-15.58566,28.01547],[-15.58626,28.01459],[-15.58943,28.01467],[-15.59232,28.01324],[-15.5928,28.01361],[-15.5939,28.01315],[-15.59724,28.01297],[-15.60003,28.01155]]]]}},{"type":"Feature","properties":{"name":"Ingenio"},"geometry":{"type":"MultiPolygon","coordinates":[[[[-15.54542,27.95367],[-15.54476,27.95311],[-15.54039,27.95227],[-15.53959,27.95161],[-15.53786,27.95161],[-15.53714,27.95098],[-15.53629,27.95088],[-15.5355,27.95018],[-15.53472,27.95005],[-15.5331,27.94901],[-15.5324,27.94756],[-15.53149,27.9467],[-15.52989,27.94629],[-15.52917,27.94539],[-15.52806,27.94579],[-15.52715,27.94553],[-15.52442,27.94565],[-15.52268,27.94486],[-15.52174,27.94387],[-15.52129,27.94285],[-15.5207,27.94251],[-15.52073,27.94174],[-15.51899,27.94056],[-15.51901,27.94003],[-15.51827,27.93894],[-15.51675,27.93942],[-15.51661,27.939],[-15.51444,27.93711],[-15.51366,27.93678],[-15.51245,27.93463],[-15.51155,27.93439],[-15.50993,27.93417],[-15.5094,27.93446],[-15.50893,27.93674],[-15.50824,27.93735],[-15.50669,27.93712],[-15.50506,27.93749],[-15.50415,27.93747],[-15.50277,27.93662],[-15.50061,27.93588],[-15.49757,27.93676],[-15.49554,27.93625],[-15.49467,27.93644],[-15.49036,27.9361],[-15.48771,27.93687],[-15.48593,27.9364],[-15.48453,27.93535],[-15.48328,27.93499],[-15.48169,27.93335],[-15.48093,27.93308],[-15.47865,27.93357],[-15.47611,27.93367],[-15.47425,27.93423],[-15.47272,27.93373],[-15.46974,27.93398],[-15.46907,27.93322],[-15.46678,27.93189],[-15.46429,27.92786],[-15.46123,27.92563],[-15.46071,27.92436],[-15.4594,27.92324],[-15.45898,27.92175],[-15.45761,27.91985],[-15.45629,27.9193],[-15.45594,27.91808],[-15.45432,27.91617],[-15.45343,27.91569],[-15.45315,27.91474],[-15.45102,27.91256],[-15.45031,27.91122],[-15.44729,27.90922],[-15.44546,27.90846],[-15.44187,27.90797],[-15.43943,27.90829],[-15.437,27.90705],[-15.43565,27.90683],[-15.43104,27.90709],[-15.4293,27.90779],[-15.42611,27.90806],[-15.42561,27.90838],[-15.42502,27.9098],[-15.42209,27.91007],[-15.42129,27.91166],[-15.4205,27.91204],[-15.41557,27.91087],[-15.41472,27.91022],[-15.41448,27.90831],[-15.4136,27.90726],[-15.41262,27.90688],[-15.40968,27.90797],[-15.40808,27.90796],[-15.40113,27.90468],[-15.39658,27.90384],[-15.39391,27.90288],[-15.38684,27.90249],[-15.38589,27.9059],[-15.38599,27.90794],[-15.38475,27.90829],[-15.38588,27.90833],[-15.38672,27.911],[-15.3864,27.91173],[-15.38537,27.91162],[-15.38579,27.912],[-15.38586,27.91267],[-15.38672,27.91328],[-15.38611,27.91545],[-15.38607,27.91723],[-15.38489,27.91885],[-15.38559,27.91905],[-15.38571,27.91936],[-15.38499,27.91945],[-15.38414,27.92074],[-15.38501,27.92249],[-15.3848,27.92579],[-15.38387,27.92772],[-15.38329,27.92797],[-15.38229,27.92934],[-15.38044,27.93065],[-15.3799,27.93142],[-15.38777,27.93706],[-15.39164,27.93817],[-15.3945,27.93819],[-15.39612,27.93891],[-15.39727,27.93893],[-15.39959,27.94],[-15.40153,27.94042],[-15.40264,27.94109],[-15.4059,27.94136],[-15.40922,27.94048],[-15.41132,27.93946],[-15.41336,27.93964],[-15.41409,27.94005],[-15.41455,27.9397],[-15.41497,27.9382],[-15.41681,27.93839],[-15.41794,27.93773],[-15.41902,27.93812],[-15.4201,27.9376],[-15.42175,27.93743],[-15.42222,27.93696],[-15.42268,27.93766],[-15.42336,27.938],[-15.42397,27.93756],[-15.42592,27.93782],[-15.42624,27.9383],[-15.42762,27.93811],[-15.4279,27.93822],[-15.4279,27.93878],[-15.42904,27.93924],[-15.42915,27.93953],[-15.42848,27.93989],[-15.42883,27.94111],[-15.4294,27.94163],[-15.43,27.94169],[-15.43116,27.94294],[-15.43236,27.94218],[-15.43395,27.94309],[-15.43505,27.94267],[-15.43629,27.94311],[-15.43774,27.94691],[-15.43835,27.9469],[-15.43966,27.94613],[-15.44084,27.94738],[-15.44345,27.9472],[-15.44411,27.94673],[-15.44512,27.94687],[-15.4458,27.94746],[-15.4467,27.94711],[-15.4474,27.94731],[-15.4481,27.94683],[-15.44979,27.94791],[-15.45268,27.94691],[-15.45382,27.94752],[-15.45795,27.94818],[-15.4582,27.94913],[-15.45924,27.95066],[-15.45948,27.95047],[-15.4601,27.9507],[-15.46119,27.95012],[-15.46251,27.95086],[-15.46338,27.95075],[-15.46579,27.95164],[-15.46654,27.95096],[-15.46749,27.9512],[-15.46884,27.95065],[-15.46964,27.95113],[-15.47049,27.9509],[-15.47194,27.95141],[-15.47243,27.95111],[-15.47357,27.95109],[-15.47437,27.95026],[-15.47596,27.9498],[-15.4773,27.94992],[-15.47904,27.95077],[-15.48,27.95075],[-15.48081,27.94885],[-15.48566,27.949],[-15.48747,27.94871],[-15.48835,27.94896],[-15.49124,27.9486],[-15.49235,27.94895],[-15.49318,27.94866],[-15.49334,27.94895],[-15.49384,27.94859],[-15.4948,27.94864],[-15.49598,27.95008],[-15.49685,27.95043],[-15.49795,27.95038],[-15.49903,27.94982],[-15.50101,27.94982],[-15.50907,27.95239],[-15.51008,27.95177],[-15.51212,27.95169],[-15.51581,27.95047],[-15.51887,27.9505],[-15.51911,27.95139],[-15.51961,27.95165],[-15.52001,27.9513],[-15.52212,27.95115],[-15.52637,27.95142],[-15.528,27.95277],[-15.52886,27.9522],[-15.5307,27.95334],[-15.53182,27.95498],[-15.53244,27.95661],[-15.5355,27.95515],[-15.53988,27.95641],[-15.54146,27.95649],[-15.54226,27.95599],[-15.54203,27.95541],[-15.54389,27.95545],[-15.54439,27.95505],[-15.54254,27.95374],[-15.5445,27.9534],[-15.54542,27.95367]]]]}},{"type":"Feature","properties":{"name":"Granadilla de Abona"},"geometry":{"type":"MultiPolygon","coordinates":[[[[-16.61853,28.21373],[-16.61855,28.21151],[-16.61899,28.20999],[-16.61848,28.20637],[-16.6193,28.20237],[-16.61995,28.20155],[-16.6199,28.20115],[-16.61841,28.19919],[-16.61588,28.1982],[-16.61471,28.19583],[-16.61372,28.19125],[-16.61383,28.18924],[-16.61338,28.18725],[-16.61359,28.18487],[-16.61422,28.18394],[-16.61336,28.18109],[-16.61344,28.17779],[-16.61412,28.17675],[-16.61407,28.17613],[-16.61372,28.1751],[-16.61159,28.17307],[-16.61122,28.17124],[-16.61163,28.1694],[-16.61277,28.1674],[-16.61299,28.16643],[-16.61413,28.16524],[-16.61643,28.1592],[-16.61568,28.15655],[-16.61384,28.15391],[-16.61268,28.1529],[-16.61269,28.15237],[-16.6166,28.14622],[-16.61944,28.14604],[-16.61991,28.14489],[-16.62112,28.14395],[-16.62099,28.14212],[-16.62154,28.13887],[-16.62007,28.13419],[-16.61817,28.13284],[-16.61787,28.13128],[-16.61608,28.13044],[-16.61464,28.12759],[-16.61245,28.12629],[-16.61261,28.12573],[-16.61234,28.1248],[-16.61272,28.12374],[-16.61086,28.12295],[-16.61205,28.12142],[-16.61202,28.12099],[-16.61113,28.11918],[-16.61044,28.11854],[-16.61091,28.11823],[-16.6119,28.11843],[-16.61205,28.11788],[-16.61117,28.11633],[-16.61149,28.11537],[-16.61097,28.11464],[-16.61084,28.11295],[-16.60859,28.11181],[-16.60769,28.11064],[-16.60739,28.10861],[-16.60701,28.108],[-16.6056,28.10732],[-16.60495,28.10643],[-16.60323,28.10567],[-16.60289,28.10498],[-16.60299,28.10321],[-16.60192,28.10096],[-16.60084,28.10064],[-16.60072,28.10029],[-16.6017,28.09935],[-16.60125,28.0985],[-16.60189,28.09762],[-16.60102,28.09684],[-16.60159,28.09517],[-16.60004,28.09462],[-16.59974,28.0937],[-16.5998,28.0933],[-16.60108,28.09285],[-16.60035,28.09162],[-16.60123,28.09047],[-16.60137,28.08956],[-16.60219,28.08893],[-16.60262,28.08593],[-16.6036,28.08446],[-16.60324,28.08405],[-16.60392,28.08287],[-16.60328,28.0814],[-16.60411,28.08032],[-16.60313,28.07969],[-16.60306,28.07931],[-16.60373,28.0779],[-16.60394,28.07604],[-16.60352,28.07531],[-16.60376,28.07476],[-16.60371,28.07234],[-16.60326,28.07175],[-16.603,28.07012],[-16.60181,28.0688],[-16.60174,28.0677],[-16.60237,28.0668],[-16.60245,28.06578],[-16.60277,28.06529],[-16.60378,28.06488],[-16.605,28.06288],[-16.60508,28.062],[-16.60597,28.06129],[-16.60594,28.05925],[-16.60549,28.05744],[-16.60659,28.05547],[-16.60598,28.05369],[-16.60666,28.05139],[-16.60528,28.04967],[-16.60552,28.04853],[-16.6069,28.04577],[-16.60596,28.04525],[-16.60585,28.04414],[-16.60434,28.04309],[-16.60248,28.04049],[-16.6013,28.03998],[-16.60076,28.03931],[-16.59941,28.03681],[-16.59944,28.03529],[-16.5981,28.03272],[-16.5975,28.03013],[-16.59767,28.0291],[-16.59727,28.02799],[-16.59661,28.02777],[-16.59576,28.02913],[-16.5954,28.02926],[-16.59263,28.02857],[-16.59253,28.02778],[-16.59319,28.02763],[-16.59173,28.0275],[-16.59145,28.02794],[-16.59096,28.02763],[-16.59051,28.02824],[-16.58937,28.02812],[-16.58929,28.02858],[-16.58839,28.02857],[-16.58738,28.02925],[-16.58736,28.02958],[-16.58328,28.02891],[-16.58286,28.02915],[-16.58256,28.02888],[-16.58154,28.02915],[-16.5815,28.03003],[-16.58046,28.02925],[-16.57858,28.02925],[-16.57592,28.02998],[-16.57513,28.03094],[-16.57394,28.03101],[-16.57324,28.03056],[-16.57282,28.03094],[-16.57128,28.03119],[-16.56996,28.03085],[-16.56975,28.03049],[-16.56852,28.03055],[-16.56764,28.02955],[-16.56641,28.02908],[-16.56393,28.02943],[-16.56319,28.03006],[-16.5618,28.03008],[-16.56073,28.03092],[-16.55726,28.03128],[-16.55404,28.03078],[-16.55172,28.02974],[-16.55135,28.02931],[-16.55079,28.02612],[-16.54957,28.02617],[-16.54889,28.0254],[-16.54653,28.0249],[-16.5453,28.02655],[-16.54377,28.02729],[-16.5432,28.02856],[-16.54136,28.02896],[-16.54141,28.02998],[-16.54065,28.03076],[-16.54027,28.03233],[-16.53975,28.033],[-16.54095,28.03391],[-16.54118,28.03516],[-16.54226,28.03516],[-16.54312,28.03658],[-16.54262,28.03927],[-16.54132,28.04185],[-16.5405,28.0427],[-16.53842,28.04384],[-16.53709,28.04405],[-16.53636,28.04412],[-16.53491,28.04285],[-16.53552,28.04208],[-16.53431,28.04268],[-16.53332,28.04389],[-16.53319,28.04733],[-16.53226,28.04898],[-16.53047,28.0501],[-16.52976,28.05013],[-16.52878,28.04941],[-16.52765,28.0498],[-16.52742,28.05024],[-16.52586,28.05017],[-16.52526,28.05085],[-16.52541,28.05147],[-16.52452,28.05164],[-16.5226,28.05279],[-16.52188,28.05399],[-16.52151,28.05409],[-16.52174,28.05483],[-16.52245,28.05534],[-16.52132,28.056],[-16.52108,28.05657],[-16.5211,28.05744],[-16.52178,28.05775],[-16.52181,28.05831],[-16.52103,28.05856],[-16.52064,28.05953],[-16.51797,28.06036],[-16.51659,28.06011],[-16.51561,28.05941],[-16.51557,28.06044],[-16.51617,28.06112],[-16.51586,28.06137],[-16.51597,28.06187],[-16.51505,28.06207],[-16.51483,28.06324],[-16.51376,28.06325],[-16.51478,28.06389],[-16.51341,28.06386],[-16.51266,28.06428],[-16.51265,28.0648],[-16.51193,28.06532],[-16.51043,28.06477],[-16.51026,28.06531],[-16.50973,28.06523],[-16.5097,28.06602],[-16.50806,28.06679],[-16.50734,28.06764],[-16.50681,28.06769],[-16.50677,28.06878],[-16.50731,28.06897],[-16.50677,28.07095],[-16.5055,28.07298],[-16.50478,28.07485],[-16.50311,28.07696],[-16.50192,28.07696],[-16.50031,28.07765],[-16.49984,28.07741],[-16.49923,28.07762],[-16.49774,28.07629],[-16.49663,28.07269],[-16.49613,28.07219],[-16.49665,28.07166],[-16.49448,28.06974],[-16.49433,28.0699],[-16.49642,28.07169],[-16.49522,28.07277],[-16.49591,28.07238],[-16.49616,28.07262],[-16.4973,28.07649],[-16.49707,28.07815],[-16.49556,28.07915],[-16.49398,28.07861],[-16.4935,28.07886],[-16.49162,28.07701],[-16.4917,28.07743],[-16.49033,28.07867],[-16.48965,28.07807],[-16.48994,28.07755],[-16.48899,28.07844],[-16.48876,28.07824],[-16.48824,28.07864],[-16.48658,28.07716],[-16.48642,28.07731],[-16.49134,28.08166],[-16.49085,28.08369],[-16.49008,28.08499],[-16.49129,28.08535],[-16.49103,28.0858],[-16.48958,28.08551],[-16.48965,28.0847],[-16.48919,28.08481],[-16.48989,28.08674],[-16.49111,28.0876],[-16.49065,28.08797],[-16.49079,28.08839],[-16.48998,28.09017],[-16.48902,28.09047],[-16.4884,28.09164],[-16.4878,28.09149],[-16.48582,28.09301],[-16.48418,28.09306],[-16.48177,28.09536],[-16.48197,28.09593],[-16.48477,28.10026],[-16.48723,28.10156],[-16.48749,28.10251],[-16.48693,28.10411],[-16.48764,28.10572],[-16.48945,28.10642],[-16.49021,28.10706],[-16.49111,28.10932],[-16.49307,28.11105],[-16.49326,28.11175],[-16.49716,28.11371],[-16.49758,28.11454],[-16.49758,28.11661],[-16.49978,28.1178],[-16.50019,28.11883],[-16.50125,28.11948],[-16.50134,28.12047],[-16.50221,28.12058],[-16.50208,28.12106],[-16.50294,28.12144],[-16.50312,28.12251],[-16.50429,28.12302],[-16.50403,28.12449],[-16.50472,28.12533],[-16.5044,28.12612],[-16.50834,28.12817],[-16.51131,28.12895],[-16.5121,28.13008],[-16.516,28.12923],[-16.51723,28.13018],[-16.51749,28.1296],[-16.51803,28.12967],[-16.5186,28.1304],[-16.52011,28.13105],[-16.51984,28.13183],[-16.52155,28.13262],[-16.52162,28.1335],[-16.52255,28.13377],[-16.5229,28.13507],[-16.52357,28.13601],[-16.52522,28.13716],[-16.52567,28.138],[-16.52544,28.13857],[-16.52591,28.1394],[-16.52537,28.13993],[-16.52579,28.14043],[-16.52544,28.14119],[-16.52639,28.14209],[-16.52569,28.14366],[-16.52661,28.14393],[-16.52831,28.14568],[-16.52828,28.1469],[-16.52963,28.14737],[-16.53036,28.14812],[-16.53195,28.15141],[-16.53505,28.15482],[-16.53525,28.15574],[-16.53843,28.15757],[-16.54015,28.1596],[-16.54156,28.15959],[-16.5421,28.16013],[-16.54622,28.16188],[-16.54666,28.16239],[-16.54647,28.16336],[-16.54721,28.16412],[-16.54839,28.16422],[-16.55215,28.16586],[-16.55176,28.16711],[-16.55199,28.16787],[-16.55258,28.16824],[-16.55502,28.16857],[-16.5559,28.16919],[-16.55599,28.16981],[-16.55525,28.17067],[-16.55572,28.17169],[-16.55782,28.17153],[-16.55902,28.17285],[-16.55891,28.17345],[-16.55803,28.17424],[-16.55811,28.17455],[-16.56094,28.17434],[-16.56056,28.17495],[-16.56084,28.17578],[-16.562,28.17683],[-16.56237,28.17775],[-16.56696,28.18379],[-16.56601,28.18495],[-16.56607,28.18558],[-16.5667,28.18626],[-16.56865,28.18687],[-16.5691,28.18862],[-16.57026,28.18987],[-16.57047,28.19215],[-16.57221,28.19341],[-16.57339,28.1938],[-16.57356,28.19599],[-16.57535,28.19728],[-16.57709,28.20024],[-16.57776,28.20088],[-16.58051,28.20032],[-16.58193,28.20088],[-16.58417,28.20111],[-16.58529,28.20269],[-16.58728,28.20291],[-16.58825,28.204],[-16.58971,28.2044],[-16.58982,28.20597],[-16.59169,28.20649],[-16.59385,28.20943],[-16.59431,28.21089],[-16.59496,28.21151],[-16.59535,28.21338],[-16.59988,28.21818],[-16.60937,28.21694],[-16.61853,28.21373]]]]}},{"type":"Feature","properties":{"name":"Hermigua"},"geometry":{"type":"MultiPolygon","coordinates":[[[[-17.15105,28.1669],[-17.15121,28.16658],[-17.15094,28.16658],[-17.15105,28.1669]]],[[[-17.2435,28.11515],[-17.24377,28.11423],[-17.24363,28.11153],[-17.24485,28.11104],[-17.24426,28.11054],[-17.24379,28.10859],[-17.24116,28.10841],[-17.23828,28.10635],[-17.23663,28.10739],[-17.23511,28.10714],[-17.23418,28.10747],[-17.23289,28.10675],[-17.23226,28.10749],[-17.22996,28.10858],[-17.22929,28.10928],[-17.22819,28.10953],[-17.22344,28.10914],[-17.22081,28.10808],[-17.21913,28.10913],[-17.21817,28.11171],[-17.21863,28.11516],[-17.21812,28.11576],[-17.21843,28.11629],[-17.21856,28.11797],[-17.21775,28.11894],[-17.21771,28.1199],[-17.21693,28.1205],[-17.21664,28.12172],[-17.21187,28.12241],[-17.21014,28.12328],[-17.20847,28.12342],[-17.20689,28.12398],[-17.20395,28.12387],[-17.1956,28.12704],[-17.1949,28.12761],[-17.19469,28.1285],[-17.19499,28.12879],[-17.19041,28.13137],[-17.18893,28.13144],[-17.18691,28.13332],[-17.18622,28.13358],[-17.1852,28.13518],[-17.1825,28.13547],[-17.18258,28.13657],[-17.18066,28.13751],[-17.18037,28.13816],[-17.18033,28.13854],[-17.181,28.13942],[-17.181,28.13982],[-17.18028,28.14043],[-17.1808,28.1414],[-17.18075,28.14226],[-17.17959,28.14401],[-17.17556,28.14378],[-17.17492,28.14335],[-17.17405,28.14336],[-17.17323,28.14471],[-17.17191,28.14599],[-17.17083,28.14637],[-17.1701,28.14767],[-17.16919,28.14819],[-17.16472,28.14889],[-17.16358,28.14827],[-17.16148,28.14851],[-17.15639,28.14835],[-17.15407,28.14691],[-17.15197,28.1474],[-17.15014,28.1487],[-17.14888,28.15015],[-17.14655,28.15151],[-17.14566,28.15262],[-17.14552,28.15355],[-17.14466,28.15468],[-17.14301,28.15588],[-17.1386,28.16051],[-17.13964,28.16089],[-17.14019,28.16068],[-17.14165,28.161],[-17.14265,28.16196],[-17.1434,28.1613],[-17.14612,28.16149],[-17.14784,28.16289],[-17.14836,28.16253],[-17.14931,28.16266],[-17.15062,28.1634],[-17.15126,28.16464],[-17.15176,28.16488],[-17.15185,28.16578],[-17.15236,28.16574],[-17.1528,28.16498],[-17.15309,28.16499],[-17.15365,28.16528],[-17.15316,28.16568],[-17.15361,28.16618],[-17.1557,28.16662],[-17.15598,28.16774],[-17.15522,28.16815],[-17.15574,28.1687],[-17.15634,28.16846],[-17.15685,28.16901],[-17.1563,28.17],[-17.15639,28.17071],[-17.15563,28.17119],[-17.15527,28.17196],[-17.15512,28.1726],[-17.15565,28.17338],[-17.1567,28.17278],[-17.15893,28.17274],[-17.1591,28.1724],[-17.16039,28.17303],[-17.16113,28.17305],[-17.16397,28.17174],[-17.16535,28.1721],[-17.16481,28.17251],[-17.16609,28.1726],[-17.16646,28.17299],[-17.16654,28.17375],[-17.16578,28.1752],[-17.16628,28.17625],[-17.16567,28.17713],[-17.16483,28.17755],[-17.16457,28.17835],[-17.16611,28.17787],[-17.16619,28.17838],[-17.16699,28.17872],[-17.16696,28.17932],[-17.16785,28.18084],[-17.16917,28.18024],[-17.17026,28.17924],[-17.17082,28.17948],[-17.17193,28.17926],[-17.17398,28.17845],[-17.17465,28.17787],[-17.17637,28.17739],[-17.18325,28.17992],[-17.18391,28.1804],[-17.18433,28.18144],[-17.18886,28.18161],[-17.19176,28.18221],[-17.19241,28.18123],[-17.19343,28.18075],[-17.19464,28.1786],[-17.19686,28.17685],[-17.19748,28.17487],[-17.19906,28.17432],[-17.20363,28.17386],[-17.20487,28.17256],[-17.20838,28.17121],[-17.21173,28.16844],[-17.21181,28.16776],[-17.21283,28.16682],[-17.21518,28.16593],[-17.21564,28.16463],[-17.2164,28.16395],[-17.21718,28.16225],[-17.21813,28.16143],[-17.21846,28.16046],[-17.21937,28.15993],[-17.22373,28.15462],[-17.22421,28.15255],[-17.22588,28.15175],[-17.22707,28.14964],[-17.23111,28.14578],[-17.23355,28.14447],[-17.2348,28.1433],[-17.23497,28.14181],[-17.23713,28.1394],[-17.23745,28.137],[-17.23855,28.13564],[-17.23819,28.13217],[-17.23761,28.13176],[-17.23743,28.13109],[-17.23794,28.12967],[-17.24133,28.12605],[-17.2412,28.12561],[-17.2399,28.1249],[-17.24044,28.12335],[-17.24009,28.12219],[-17.24264,28.11787],[-17.2427,28.11679],[-17.2435,28.11515]]]]}},{"type":"Feature","properties":{"name":"Güímar"},"geometry":{"type":"MultiPolygon","coordinates":[[[[-16.48414,28.33504],[-16.48545,28.33402],[-16.48587,28.33297],[-16.48516,28.32993],[-16.49004,28.32561],[-16.49032,28.32493],[-16.49148,28.32423],[-16.49338,28.32143],[-16.49522,28.31691],[-16.49828,28.31497],[-16.49912,28.31332],[-16.49908,28.30968],[-16.50152,28.30779],[-16.50466,28.30599],[-16.51011,28.30092],[-16.51218,28.30015],[-16.50371,28.28486],[-16.48312,28.2782],[-16.46416,28.26874],[-16.46238,28.2686],[-16.45998,28.26625],[-16.45975,28.26442],[-16.45891,28.2641],[-16.45846,28.26292],[-16.4567,28.26189],[-16.4567,28.26047],[-16.45595,28.25948],[-16.45612,28.25853],[-16.45499,28.25838],[-16.45422,28.25782],[-16.45361,28.25817],[-16.4516,28.25785],[-16.45066,28.25703],[-16.45113,28.25612],[-16.45102,28.25576],[-16.45021,28.25539],[-16.44945,28.25432],[-16.44718,28.25332],[-16.4458,28.25112],[-16.4448,28.25074],[-16.44364,28.25088],[-16.44228,28.25027],[-16.44111,28.25076],[-16.43932,28.25002],[-16.43843,28.24886],[-16.4373,28.24857],[-16.43516,28.24875],[-16.43481,28.24773],[-16.43032,28.24639],[-16.4293,28.24572],[-16.42847,28.24578],[-16.42708,28.24472],[-16.4262,28.24489],[-16.42446,28.24302],[-16.42321,28.24239],[-16.42277,28.24149],[-16.42112,28.2406],[-16.42046,28.23959],[-16.41906,28.239],[-16.41661,28.23691],[-16.41389,28.23649],[-16.4123,28.23548],[-16.4091,28.23446],[-16.4072,28.23424],[-16.40713,28.23504],[-16.40661,28.23536],[-16.40689,28.23558],[-16.4055,28.23685],[-16.4051,28.23841],[-16.40406,28.23882],[-16.40402,28.23982],[-16.40306,28.2397],[-16.40175,28.24104],[-16.40232,28.24201],[-16.40206,28.24229],[-16.40248,28.24366],[-16.4022,28.24438],[-16.40166,28.24487],[-16.40102,28.24495],[-16.40107,28.24548],[-16.40032,28.24632],[-16.40066,28.24655],[-16.40053,28.24726],[-16.39864,28.24801],[-16.39882,28.24824],[-16.39817,28.24874],[-16.3981,28.24959],[-16.3971,28.25003],[-16.397,28.25097],[-16.39622,28.25196],[-16.39617,28.2528],[-16.39541,28.25373],[-16.39579,28.25496],[-16.39496,28.25606],[-16.39431,28.25614],[-16.39412,28.2566],[-16.39408,28.2575],[-16.39471,28.25806],[-16.39293,28.2584],[-16.39256,28.25921],[-16.39222,28.25929],[-16.39255,28.25994],[-16.3922,28.26034],[-16.39118,28.26027],[-16.39008,28.26118],[-16.39023,28.2614],[-16.38918,28.263],[-16.38823,28.26411],[-16.3873,28.26453],[-16.38744,28.2657],[-16.38715,28.26578],[-16.38718,28.26657],[-16.38681,28.26692],[-16.38703,28.26699],[-16.38712,28.26864],[-16.38632,28.26993],[-16.38472,28.27147],[-16.3847,28.27262],[-16.38412,28.27222],[-16.38399,28.27242],[-16.3843,28.27299],[-16.38368,28.27353],[-16.38391,28.27375],[-16.38384,28.27454],[-16.38351,28.27472],[-16.38413,28.27475],[-16.38383,28.27563],[-16.38429,28.27587],[-16.38268,28.27719],[-16.38311,28.27784],[-16.3839,28.27804],[-16.38408,28.27876],[-16.38399,28.28155],[-16.38356,28.28182],[-16.384,28.2823],[-16.38375,28.28473],[-16.38216,28.28633],[-16.38108,28.28692],[-16.38044,28.28678],[-16.38073,28.28721],[-16.37934,28.28857],[-16.37871,28.28802],[-16.38052,28.28627],[-16.37999,28.28637],[-16.37925,28.28711],[-16.37845,28.28804],[-16.3787,28.28839],[-16.37841,28.28967],[-16.37773,28.29027],[-16.37754,28.29099],[-16.37557,28.29363],[-16.37515,28.2938],[-16.37468,28.29347],[-16.37481,28.29273],[-16.37451,28.29356],[-16.37512,28.29417],[-16.37378,28.29556],[-16.37303,28.2954],[-16.37268,28.2944],[-16.37289,28.29415],[-16.37241,28.29426],[-16.37286,28.29548],[-16.37261,28.29586],[-16.37203,28.29571],[-16.37135,28.29692],[-16.37139,28.2976],[-16.37034,28.29831],[-16.37053,28.29892],[-16.36981,28.29971],[-16.36802,28.30028],[-16.36748,28.30102],[-16.36571,28.301],[-16.36501,28.30128],[-16.36303,28.30372],[-16.36168,28.30439],[-16.36208,28.30596],[-16.36115,28.30674],[-16.36154,28.30709],[-16.36138,28.30737],[-16.36201,28.30772],[-16.36194,28.30862],[-16.36145,28.30953],[-16.36143,28.31051],[-16.36041,28.31138],[-16.36059,28.31194],[-16.36002,28.31328],[-16.35956,28.3135],[-16.36014,28.3143],[-16.36027,28.31549],[-16.35979,28.31635],[-16.35975,28.31898],[-16.35939,28.31914],[-16.35935,28.31965],[-16.36003,28.32098],[-16.36123,28.32212],[-16.36302,28.32638],[-16.36326,28.3288],[-16.36281,28.32904],[-16.3625,28.33029],[-16.37578,28.32758],[-16.38225,28.32784],[-16.38907,28.32929],[-16.39533,28.32947],[-16.39842,28.33121],[-16.40139,28.33194],[-16.40448,28.33357],[-16.40819,28.33435],[-16.43622,28.33229],[-16.45266,28.33607],[-16.46397,28.33558],[-16.46705,28.33492],[-16.48414,28.33504]]],[[[-16.377,28.28964],[-16.37667,28.29053],[-16.37717,28.28976],[-16.377,28.28964]]]]}},{"type":"Feature","properties":{"name":"Arafo"},"geometry":{"type":"MultiPolygon","coordinates":[[[[-16.48414,28.33504],[-16.46705,28.33492],[-16.46397,28.33558],[-16.45266,28.33607],[-16.43622,28.33229],[-16.40819,28.33435],[-16.40448,28.33357],[-16.40139,28.33194],[-16.39842,28.33121],[-16.39533,28.32947],[-16.38907,28.32929],[-16.38225,28.32784],[-16.37578,28.32758],[-16.3625,28.33029],[-16.36216,28.33141],[-16.36356,28.33499],[-16.36633,28.33967],[-16.36852,28.33953],[-16.37027,28.33887],[-16.37285,28.34034],[-16.37649,28.34004],[-16.38008,28.34063],[-16.38288,28.33942],[-16.38466,28.33941],[-16.38539,28.33983],[-16.38612,28.3411],[-16.38712,28.34169],[-16.38975,28.34189],[-16.39023,28.34255],[-16.39083,28.34251],[-16.39129,28.34294],[-16.39228,28.34258],[-16.39337,28.34296],[-16.39409,28.34418],[-16.3928,28.34519],[-16.39216,28.34496],[-16.39243,28.34556],[-16.39429,28.34588],[-16.39466,28.34632],[-16.39591,28.34613],[-16.39722,28.34542],[-16.39847,28.34583],[-16.39935,28.34673],[-16.39966,28.34669],[-16.39993,28.34797],[-16.40126,28.34927],[-16.40654,28.35087],[-16.4072,28.35188],[-16.40726,28.35302],[-16.40757,28.35329],[-16.40892,28.353],[-16.41,28.35334],[-16.41146,28.35721],[-16.41496,28.35899],[-16.41595,28.36027],[-16.41721,28.36279],[-16.42062,28.365],[-16.42265,28.36549],[-16.42365,28.36716],[-16.42475,28.36764],[-16.42622,28.36996],[-16.42931,28.37257],[-16.4309,28.3729],[-16.4362,28.37722],[-16.44134,28.38073],[-16.44334,28.38135],[-16.44383,28.38268],[-16.44525,28.3823],[-16.44659,28.38303],[-16.44756,28.38503],[-16.44751,28.38643],[-16.44628,28.38743],[-16.44573,28.38856],[-16.44546,28.39062],[-16.44713,28.38955],[-16.44921,28.3897],[-16.44993,28.38733],[-16.45186,28.38672],[-16.4537,28.38531],[-16.45494,28.38357],[-16.45759,28.38242],[-16.45878,28.37974],[-16.46094,28.37715],[-16.46131,28.3762],[-16.46087,28.37454],[-16.46295,28.3736],[-16.46374,28.37061],[-16.46501,28.3689],[-16.46443,28.36597],[-16.46494,28.36436],[-16.46668,28.36159],[-16.4665,28.36064],[-16.46712,28.3579],[-16.46687,28.35537],[-16.46859,28.35489],[-16.47102,28.3529],[-16.47467,28.35282],[-16.47594,28.35241],[-16.48081,28.34817],[-16.48202,28.34747],[-16.48255,28.34484],[-16.482,28.34098],[-16.48377,28.33677],[-16.48414,28.33504]]]]}},{"type":"Feature","properties":{"name":"Agaete"},"geometry":{"type":"MultiPolygon","coordinates":[[[[-15.70526,28.11689],[-15.70679,28.11727],[-15.70735,28.11624],[-15.70646,28.11593],[-15.70537,28.11395],[-15.70653,28.11006],[-15.70628,28.10857],[-15.70698,28.10842],[-15.70686,28.10802],[-15.70765,28.10745],[-15.70936,28.1074],[-15.71017,28.1069],[-15.71128,28.10679],[-15.71128,28.10614],[-15.71311,28.10285],[-15.71344,28.10094],[-15.71331,28.09976],[-15.71161,28.09778],[-15.71117,28.09806],[-15.71287,28.10049],[-15.71208,28.10089],[-15.71217,28.10127],[-15.711,28.10062],[-15.71065,28.0997],[-15.71039,28.10053],[-15.70881,28.09993],[-15.7082,28.09882],[-15.70779,28.09678],[-15.70804,28.0963],[-15.70759,28.0961],[-15.70727,28.09441],[-15.7072,28.09268],[-15.70801,28.0906],[-15.70707,28.0895],[-15.70769,28.08877],[-15.70895,28.08844],[-15.7088,28.08763],[-15.71034,28.08649],[-15.71022,28.08421],[-15.71076,28.08319],[-15.71134,28.08242],[-15.71194,28.08231],[-15.71186,28.08179],[-15.7126,28.08075],[-15.71381,28.08007],[-15.71369,28.07903],[-15.71462,28.07818],[-15.71484,28.07756],[-15.71581,28.07707],[-15.71673,28.07564],[-15.71774,28.07531],[-15.71913,28.07305],[-15.71997,28.07257],[-15.72024,28.07061],[-15.72137,28.07028],[-15.72208,28.06953],[-15.72551,28.06764],[-15.72685,28.06612],[-15.72895,28.06545],[-15.73097,28.06383],[-15.73212,28.06367],[-15.73403,28.06411],[-15.73424,28.06289],[-15.73402,28.0624],[-15.73476,28.0617],[-15.73537,28.05953],[-15.73683,28.05853],[-15.73687,28.05702],[-15.73751,28.05624],[-15.73784,28.05457],[-15.74065,28.05282],[-15.74219,28.05295],[-15.74436,28.05185],[-15.74502,28.05101],[-15.74605,28.05094],[-15.7457,28.04973],[-15.74849,28.04767],[-15.74844,28.04606],[-15.74793,28.04491],[-15.7467,28.04331],[-15.74589,28.04347],[-15.74466,28.04124],[-15.74498,28.03842],[-15.74222,28.03698],[-15.74192,28.03632],[-15.74244,28.03518],[-15.74227,28.03438],[-15.74325,28.03409],[-15.74301,28.03352],[-15.74425,28.0328],[-15.74405,28.03175],[-15.74242,28.0319],[-15.74245,28.03068],[-15.74201,28.02998],[-15.74089,28.02931],[-15.73952,28.02923],[-15.73853,28.02955],[-15.73702,28.02886],[-15.73598,28.02918],[-15.73431,28.02906],[-15.73359,28.02932],[-15.73299,28.02898],[-15.72501,28.02956],[-15.71665,28.03294],[-15.71477,28.03412],[-15.71443,28.03767],[-15.71151,28.03985],[-15.70904,28.04045],[-15.70832,28.04093],[-15.70824,28.04171],[-15.70872,28.04261],[-15.70626,28.04299],[-15.70563,28.04392],[-15.7036,28.04521],[-15.70331,28.04603],[-15.70078,28.04784],[-15.69914,28.05],[-15.69548,28.05233],[-15.69361,28.05056],[-15.69287,28.04935],[-15.68934,28.04764],[-15.6874,28.04983],[-15.68556,28.05106],[-15.68373,28.05342],[-15.68015,28.05599],[-15.67975,28.05511],[-15.67846,28.05417],[-15.6756,28.05348],[-15.67419,28.0513],[-15.67145,28.04901],[-15.67107,28.04805],[-15.67048,28.04801],[-15.66939,28.0489],[-15.66921,28.0495],[-15.66856,28.0497],[-15.66759,28.04917],[-15.66589,28.04892],[-15.66352,28.04983],[-15.66206,28.04955],[-15.66155,28.04989],[-15.66238,28.05103],[-15.6613,28.05115],[-15.66205,28.0521],[-15.66197,28.05299],[-15.66131,28.05336],[-15.66108,28.05413],[-15.66018,28.05509],[-15.65911,28.05444],[-15.65823,28.05626],[-15.6571,28.05612],[-15.65583,28.05551],[-15.65464,28.05554],[-15.65503,28.05636],[-15.6538,28.05633],[-15.6538,28.05786],[-15.65132,28.05797],[-15.65121,28.05862],[-15.65195,28.06094],[-15.65172,28.06265],[-15.65285,28.06409],[-15.65235,28.06625],[-15.65265,28.06735],[-15.65254,28.06925],[-15.65441,28.07064],[-15.65448,28.07139],[-15.65559,28.0714],[-15.65699,28.07242],[-15.65778,28.07242],[-15.65874,28.07292],[-15.65949,28.07279],[-15.66035,28.07321],[-15.66011,28.07385],[-15.65906,28.07382],[-15.65858,28.07458],[-15.65937,28.07769],[-15.65973,28.07796],[-15.65866,28.07876],[-15.66025,28.07921],[-15.66037,28.08004],[-15.65941,28.08067],[-15.65978,28.08116],[-15.65941,28.08168],[-15.65974,28.08229],[-15.65802,28.0837],[-15.65815,28.08389],[-15.65978,28.08368],[-15.6607,28.08389],[-15.66083,28.08455],[-15.66186,28.08413],[-15.66337,28.08468],[-15.66357,28.08439],[-15.66469,28.08446],[-15.66485,28.08469],[-15.66394,28.08654],[-15.66304,28.08694],[-15.66299,28.08738],[-15.66428,28.08932],[-15.66491,28.08963],[-15.66891,28.08946],[-15.67132,28.09137],[-15.67297,28.09309],[-15.67277,28.09358],[-15.67419,28.09552],[-15.67417,28.09656],[-15.6765,28.09872],[-15.67653,28.09941],[-15.678,28.10061],[-15.67868,28.10301],[-15.6786,28.10378],[-15.68021,28.10446],[-15.68092,28.10655],[-15.68309,28.10881],[-15.68439,28.10978],[-15.68558,28.10958],[-15.68726,28.11072],[-15.68727,28.11165],[-15.68782,28.1124],[-15.68898,28.11268],[-15.68863,28.11397],[-15.69031,28.1133],[-15.69056,28.11459],[-15.69195,28.11461],[-15.6923,28.11597],[-15.69306,28.11646],[-15.69369,28.11597],[-15.69655,28.1161],[-15.69889,28.11478],[-15.69925,28.11619],[-15.70228,28.11625],[-15.70325,28.11745],[-15.70476,28.11671],[-15.70526,28.11689]]],[[[-15.70904,28.09775],[-15.70917,28.09811],[-15.70928,28.09775],[-15.70904,28.09775]]],[[[-15.70951,28.09783],[-15.70934,28.09827],[-15.70972,28.09814],[-15.70951,28.09783]]]]}},{"type":"Feature","properties":{"name":"Frontera"},"geometry":{"type":"MultiPolygon","coordinates":[[[[-18.04861,27.76137],[-18.0486,27.76099],[-18.0484,27.76108],[-18.04861,27.76137]]],[[[-18.14247,27.76293],[-18.14238,27.76313],[-18.14277,27.76323],[-18.14247,27.76293]]],[[[-18.14029,27.76413],[-18.14012,27.76388],[-18.13998,27.76408],[-18.14029,27.76413]]],[[[-18.073,27.75376],[-18.07294,27.75317],[-18.07277,27.75345],[-18.073,27.75376]]],[[[-18.00134,27.82241],[-18.00074,27.82235],[-18.0005,27.82272],[-18.00107,27.82295],[-18.00158,27.82254],[-18.00134,27.82241]]],[[[-17.99371,27.82225],[-17.99311,27.82241],[-17.99304,27.82293],[-17.99353,27.82282],[-17.99371,27.82225]]],[[[-17.99727,27.82408],[-17.99688,27.8231],[-17.99641,27.82295],[-17.99576,27.823],[-17.99517,27.82355],[-17.99578,27.82428],[-17.99604,27.8253],[-17.9965,27.82467],[-17.99713,27.82476],[-17.99727,27.82408]]],[[[-17.99208,27.82202],[-17.99216,27.82174],[-17.99106,27.82079],[-17.99116,27.82013],[-17.98944,27.81785],[-17.98906,27.81553],[-17.98735,27.81258],[-17.98653,27.81007],[-17.98629,27.80736],[-17.98757,27.80295],[-17.98887,27.80069],[-17.98926,27.79938],[-17.98962,27.7991],[-17.99011,27.79933],[-17.98982,27.79865],[-17.99027,27.79877],[-17.99059,27.7979],[-17.99146,27.79804],[-17.99145,27.79704],[-17.99261,27.79757],[-17.99173,27.79628],[-17.99273,27.7966],[-17.99242,27.79629],[-17.99294,27.79605],[-17.99261,27.79572],[-17.99314,27.79555],[-17.99297,27.79506],[-17.99332,27.79437],[-17.99421,27.79367],[-17.99426,27.79416],[-17.99481,27.79408],[-17.9948,27.79324],[-17.99511,27.793],[-17.99612,27.79337],[-17.99561,27.79271],[-17.99574,27.79248],[-17.99689,27.79257],[-17.99682,27.79183],[-17.99748,27.79168],[-17.99729,27.79134],[-17.9977,27.79084],[-17.99895,27.79052],[-17.99924,27.79078],[-17.99931,27.79031],[-17.99973,27.79013],[-18.00058,27.79106],[-18.00096,27.7905],[-18.00178,27.79086],[-18.00205,27.79039],[-18.00168,27.79],[-18.00189,27.78945],[-18.00267,27.78969],[-18.00375,27.78898],[-18.00613,27.78871],[-18.00709,27.78735],[-18.00874,27.78671],[-18.01014,27.78533],[-18.01055,27.78563],[-18.01113,27.78549],[-18.01061,27.78491],[-18.01092,27.78465],[-18.01198,27.78475],[-18.01247,27.78354],[-18.01458,27.78305],[-18.01525,27.78201],[-18.01482,27.78138],[-18.01512,27.78067],[-18.01646,27.77988],[-18.01647,27.77779],[-18.01756,27.77726],[-18.018,27.77577],[-18.01872,27.77491],[-18.0216,27.77274],[-18.02346,27.77195],[-18.02482,27.77093],[-18.02584,27.77081],[-18.02573,27.77057],[-18.02621,27.77023],[-18.02707,27.77031],[-18.02727,27.76993],[-18.02856,27.77023],[-18.02842,27.76928],[-18.02877,27.76871],[-18.02909,27.76846],[-18.02951,27.7687],[-18.02955,27.76814],[-18.03004,27.76812],[-18.0314,27.76693],[-18.03192,27.7668],[-18.03258,27.76718],[-18.03235,27.76659],[-18.03251,27.76591],[-18.0334,27.76587],[-18.03373,27.76486],[-18.03547,27.76365],[-18.03542,27.76314],[-18.03657,27.76202],[-18.03848,27.76214],[-18.03873,27.76243],[-18.04182,27.76122],[-18.04498,27.76099],[-18.04543,27.76141],[-18.04579,27.76125],[-18.04583,27.76075],[-18.04658,27.76042],[-18.04692,27.76082],[-18.04732,27.76066],[-18.04721,27.76021],[-18.04751,27.76003],[-18.04955,27.76018],[-18.05127,27.75909],[-18.05256,27.75881],[-18.05315,27.75911],[-18.05327,27.75879],[-18.05466,27.75853],[-18.05509,27.75899],[-18.05512,27.75878],[-18.05558,27.75895],[-18.05538,27.75851],[-18.05612,27.75818],[-18.05752,27.75792],[-18.05827,27.75818],[-18.05849,27.75683],[-18.05975,27.75649],[-18.06011,27.75597],[-18.06222,27.75571],[-18.06233,27.75537],[-18.06325,27.75537],[-18.06442,27.75458],[-18.06895,27.75375],[-18.06996,27.75323],[-18.07095,27.75313],[-18.07128,27.75346],[-18.07168,27.75302],[-18.07199,27.75328],[-18.07242,27.75291],[-18.07251,27.75322],[-18.0729,27.75291],[-18.07418,27.75286],[-18.07463,27.75314],[-18.07503,27.753],[-18.07552,27.75355],[-18.0756,27.75313],[-18.076,27.75351],[-18.07605,27.75316],[-18.07674,27.75294],[-18.0801,27.75334],[-18.08227,27.75313],[-18.08495,27.75393],[-18.08623,27.7539],[-18.08722,27.75463],[-18.0882,27.75448],[-18.08866,27.75518],[-18.08963,27.75487],[-18.0905,27.75548],[-18.091,27.7546],[-18.09173,27.7546],[-18.0939,27.7553],[-18.09683,27.75545],[-18.09867,27.75601],[-18.09883,27.75641],[-18.1013,27.75655],[-18.10261,27.75616],[-18.10295,27.75702],[-18.10311,27.75644],[-18.10445,27.75674],[-18.10585,27.75661],[-18.10805,27.75787],[-18.10931,27.75812],[-18.10938,27.7585],[-18.11022,27.75827],[-18.11032,27.75865],[-18.11133,27.75863],[-18.11182,27.75925],[-18.11406,27.75945],[-18.11878,27.76209],[-18.12101,27.76463],[-18.1216,27.76681],[-18.12112,27.76749],[-18.1216,27.76928],[-18.12179,27.76884],[-18.12286,27.76865],[-18.12314,27.76904],[-18.12409,27.7689],[-18.12514,27.76927],[-18.12521,27.76968],[-18.12609,27.77011],[-18.12671,27.77003],[-18.12732,27.77059],[-18.12807,27.77033],[-18.12825,27.77086],[-18.12878,27.77067],[-18.1304,27.77114],[-18.13039,27.77023],[-18.13097,27.77086],[-18.13218,27.77126],[-18.13242,27.77116],[-18.13223,27.77034],[-18.13264,27.7701],[-18.13314,27.77052],[-18.13377,27.77026],[-18.13491,27.76889],[-18.13485,27.7683],[-18.13551,27.76849],[-18.13538,27.76795],[-18.1358,27.76789],[-18.13572,27.76761],[-18.1365,27.76683],[-18.13771,27.76701],[-18.13784,27.76621],[-18.139,27.76572],[-18.14003,27.76644],[-18.13934,27.76559],[-18.14039,27.76588],[-18.13965,27.76534],[-18.13981,27.76475],[-18.13956,27.76447],[-18.13976,27.76356],[-18.14071,27.76259],[-18.14153,27.76267],[-18.14184,27.76237],[-18.14288,27.76293],[-18.14345,27.76288],[-18.1432,27.76208],[-18.14401,27.76162],[-18.14356,27.76238],[-18.14448,27.76271],[-18.14475,27.76144],[-18.14493,27.76181],[-18.14612,27.76078],[-18.14666,27.76119],[-18.14654,27.76041],[-18.14692,27.75956],[-18.14881,27.75994],[-18.14964,27.76052],[-18.1499,27.75992],[-18.15062,27.75986],[-18.15162,27.7605],[-18.15073,27.7584],[-18.15133,27.75794],[-18.15224,27.75809],[-18.15218,27.75718],[-18.15253,27.75729],[-18.15254,27.75699],[-18.15334,27.75684],[-18.15353,27.75632],[-18.15302,27.75601],[-18.15388,27.75578],[-18.15347,27.75551],[-18.15429,27.75531],[-18.15427,27.75405],[-18.15499,27.75374],[-18.1544,27.75302],[-18.15489,27.75258],[-18.15479,27.75207],[-18.15513,27.752],[-18.15529,27.75135],[-18.15491,27.75055],[-18.15532,27.75043],[-18.15476,27.75035],[-18.15489,27.75013],[-18.15281,27.74877],[-18.15208,27.74863],[-18.15166,27.74764],[-18.1518,27.74517],[-18.1514,27.74458],[-18.15129,27.74351],[-18.15212,27.7367],[-18.15241,27.73621],[-18.15216,27.7359],[-18.15238,27.73536],[-18.15183,27.73225],[-18.15267,27.7304],[-18.15341,27.72954],[-18.1546,27.72984],[-18.15457,27.72942],[-18.15513,27.7293],[-18.15696,27.73013],[-18.1571,27.72879],[-18.15801,27.72867],[-18.15898,27.72932],[-18.15804,27.72761],[-18.15858,27.72727],[-18.1592,27.72742],[-18.15831,27.72611],[-18.15907,27.72585],[-18.15939,27.72535],[-18.16026,27.72547],[-18.15967,27.72507],[-18.15979,27.72385],[-18.16015,27.72379],[-18.15957,27.72276],[-18.15997,27.72251],[-18.16008,27.72197],[-18.15996,27.71982],[-18.16061,27.71847],[-18.16073,27.71631],[-18.15993,27.71585],[-18.16001,27.71531],[-18.15938,27.71494],[-18.15939,27.71457],[-18.15883,27.71455],[-18.15872,27.71396],[-18.15714,27.7118],[-18.11546,27.71652],[-18.09422,27.72028],[-18.06541,27.72619],[-18.06175,27.72515],[-18.05908,27.72483],[-18.05352,27.72486],[-18.0493,27.72609],[-18.0452,27.72943],[-18.04389,27.72863],[-18.04279,27.72853],[-18.04059,27.72932],[-18.03595,27.72833],[-18.0293,27.72866],[-18.02715,27.72843],[-18.02484,27.7275],[-18.02506,27.72817],[-18.02245,27.72874],[-18.0196,27.72836],[-18.01828,27.72894],[-18.01511,27.7281],[-18.01031,27.73041],[-18.00856,27.732],[-18.00027,27.73643],[-17.998,27.73727],[-17.99598,27.73898],[-17.99452,27.7391],[-17.99279,27.73984],[-17.99258,27.74192],[-17.99188,27.74267],[-17.98927,27.74367],[-17.98874,27.74499],[-17.98685,27.74693],[-17.9868,27.74869],[-17.98422,27.75098],[-17.98215,27.7542],[-17.98052,27.75575],[-17.97987,27.75781],[-17.97903,27.75875],[-17.97919,27.75967],[-17.98101,27.76239],[-17.9811,27.76443],[-17.98158,27.76499],[-17.9827,27.76827],[-17.98387,27.77054],[-17.98504,27.7716],[-17.98743,27.7726],[-17.98776,27.773],[-17.98606,27.77906],[-17.98543,27.7797],[-17.98538,27.78102],[-17.98297,27.78355],[-17.98281,27.78478],[-17.98158,27.78778],[-17.98034,27.78934],[-17.98002,27.79116],[-17.97887,27.79368],[-17.97866,27.79643],[-17.98008,27.79971],[-17.97951,27.80375],[-17.98065,27.80628],[-17.98076,27.809],[-17.98337,27.81085],[-17.98359,27.81361],[-17.98486,27.8154],[-17.98573,27.81556],[-17.98686,27.81639],[-17.988,27.81932],[-17.99113,27.82169],[-17.99208,27.82202]]],[[[-17.99289,27.82172],[-17.99227,27.82181],[-17.99206,27.82254],[-17.99289,27.82248],[-17.99308,27.82203],[-17.99262,27.82191],[-17.99289,27.82172]]]]}},{"type":"Feature","properties":{"name":"Buenavista del Norte"},"geometry":{"type":"MultiPolygon","coordinates":[[[[-16.85966,28.37956],[-16.85997,28.37944],[-16.85982,28.37928],[-16.85966,28.37956]]],[[[-16.83039,28.39236],[-16.83289,28.39299],[-16.83305,28.39263],[-16.8351,28.39228],[-16.83554,28.3918],[-16.83712,28.39131],[-16.83754,28.39154],[-16.83801,28.39043],[-16.83874,28.39014],[-16.83995,28.38991],[-16.84068,28.39074],[-16.84139,28.39052],[-16.84103,28.38907],[-16.84151,28.38943],[-16.84148,28.38897],[-16.84111,28.38868],[-16.84109,28.38809],[-16.84151,28.38728],[-16.84177,28.38709],[-16.84205,28.38731],[-16.84275,28.38682],[-16.84327,28.38689],[-16.84341,28.38727],[-16.84311,28.38732],[-16.8435,28.38767],[-16.8444,28.38723],[-16.84431,28.38766],[-16.8452,28.38872],[-16.84552,28.38862],[-16.84547,28.38788],[-16.84623,28.38772],[-16.84624,28.38837],[-16.84681,28.38842],[-16.8473,28.38767],[-16.8478,28.38763],[-16.84799,28.38808],[-16.8486,28.38766],[-16.84892,28.38799],[-16.84961,28.38679],[-16.85026,28.38653],[-16.85001,28.3859],[-16.85107,28.38545],[-16.85106,28.38514],[-16.85212,28.38476],[-16.85296,28.38528],[-16.85281,28.38472],[-16.85318,28.38471],[-16.8535,28.38416],[-16.8542,28.38433],[-16.85444,28.3841],[-16.85429,28.38334],[-16.85474,28.38339],[-16.85474,28.38316],[-16.85436,28.38282],[-16.855,28.38242],[-16.85501,28.38134],[-16.85557,28.38071],[-16.85636,28.38036],[-16.85678,28.38063],[-16.85731,28.37978],[-16.85779,28.38004],[-16.85806,28.37946],[-16.85928,28.37945],[-16.86047,28.37888],[-16.85997,28.37779],[-16.86091,28.37762],[-16.86051,28.37636],[-16.85999,28.37615],[-16.86031,28.37563],[-16.86074,28.37555],[-16.86159,28.37609],[-16.8615,28.3753],[-16.86255,28.37548],[-16.86338,28.37512],[-16.86468,28.37626],[-16.86506,28.37623],[-16.86535,28.37562],[-16.86719,28.37575],[-16.86706,28.37492],[-16.86758,28.37474],[-16.86871,28.37481],[-16.86906,28.37525],[-16.87023,28.37547],[-16.8701,28.37358],[-16.8709,28.37127],[-16.87128,28.371],[-16.87255,28.37108],[-16.87321,28.37032],[-16.87444,28.36994],[-16.87461,28.3705],[-16.8749,28.3704],[-16.87523,28.37097],[-16.87568,28.37091],[-16.87617,28.37001],[-16.87647,28.37035],[-16.87757,28.36995],[-16.88193,28.3673],[-16.88329,28.36775],[-16.88508,28.36894],[-16.88559,28.36839],[-16.88516,28.36667],[-16.88683,28.36501],[-16.88764,28.36495],[-16.88842,28.36527],[-16.88842,28.36558],[-16.88945,28.36575],[-16.88951,28.36521],[-16.89007,28.36508],[-16.8902,28.36446],[-16.89108,28.36359],[-16.89151,28.36344],[-16.89236,28.36381],[-16.89284,28.3633],[-16.89628,28.36256],[-16.89786,28.36277],[-16.89793,28.36376],[-16.89832,28.36425],[-16.89958,28.36395],[-16.90007,28.36418],[-16.90003,28.36496],[-16.90048,28.36521],[-16.90097,28.36456],[-16.90203,28.36413],[-16.90294,28.36467],[-16.90344,28.36405],[-16.90365,28.36463],[-16.90406,28.36482],[-16.90462,28.3645],[-16.90507,28.36483],[-16.90485,28.36445],[-16.90532,28.36414],[-16.90573,28.3643],[-16.90584,28.36366],[-16.90647,28.36405],[-16.90607,28.36311],[-16.90684,28.36343],[-16.90771,28.36289],[-16.90742,28.36267],[-16.90768,28.36251],[-16.90804,28.36315],[-16.90856,28.36333],[-16.90886,28.36285],[-16.90938,28.36308],[-16.90935,28.36263],[-16.91013,28.36308],[-16.91022,28.36259],[-16.9105,28.36253],[-16.91063,28.36323],[-16.91099,28.3619],[-16.91323,28.36226],[-16.9143,28.36186],[-16.91457,28.36141],[-16.91739,28.36104],[-16.91781,28.36063],[-16.91736,28.35994],[-16.91782,28.35997],[-16.91804,28.35894],[-16.91905,28.35849],[-16.91962,28.35738],[-16.92038,28.35701],[-16.92014,28.35684],[-16.92038,28.35613],[-16.92172,28.35629],[-16.92197,28.35531],[-16.92254,28.35581],[-16.92282,28.3557],[-16.92364,28.35352],[-16.92371,28.35265],[-16.92329,28.35206],[-16.92404,28.35098],[-16.92406,28.34969],[-16.92313,28.34804],[-16.92345,28.34767],[-16.92273,28.34747],[-16.92272,28.34704],[-16.92223,28.34682],[-16.92279,28.34661],[-16.92249,28.34619],[-16.92298,28.34595],[-16.92279,28.34556],[-16.92205,28.34541],[-16.92218,28.3449],[-16.92171,28.34467],[-16.92194,28.34413],[-16.92139,28.34393],[-16.92153,28.34363],[-16.92065,28.34297],[-16.92245,28.34259],[-16.92384,28.3427],[-16.92511,28.34209],[-16.92469,28.34184],[-16.9253,28.34152],[-16.92371,28.34129],[-16.92217,28.34203],[-16.92161,28.34182],[-16.92111,28.34082],[-16.92087,28.34105],[-16.92055,28.34082],[-16.92001,28.34177],[-16.91913,28.34194],[-16.91986,28.34204],[-16.91989,28.34276],[-16.91573,28.34228],[-16.91588,28.34175],[-16.91528,28.34136],[-16.91415,28.34131],[-16.91364,28.34067],[-16.91238,28.34026],[-16.91238,28.34001],[-16.91199,28.34026],[-16.91183,28.3399],[-16.91075,28.33943],[-16.91091,28.33876],[-16.91031,28.33854],[-16.90971,28.33926],[-16.90815,28.33964],[-16.9075,28.33922],[-16.90636,28.33916],[-16.90554,28.33851],[-16.90525,28.33864],[-16.90472,28.33835],[-16.9043,28.33691],[-16.90352,28.3363],[-16.90342,28.33576],[-16.90248,28.3352],[-16.90246,28.33443],[-16.90127,28.33399],[-16.89998,28.33255],[-16.89874,28.33223],[-16.8977,28.33251],[-16.89654,28.33207],[-16.89616,28.33114],[-16.89632,28.33016],[-16.89751,28.32876],[-16.89617,28.32694],[-16.89484,28.32674],[-16.89473,28.32373],[-16.89249,28.32067],[-16.89163,28.32026],[-16.89064,28.3203],[-16.88899,28.31767],[-16.88754,28.31675],[-16.88594,28.31675],[-16.88469,28.3155],[-16.88201,28.31417],[-16.8807,28.31307],[-16.88043,28.31117],[-16.88172,28.30892],[-16.88134,28.30739],[-16.88148,28.30623],[-16.88036,28.30342],[-16.87835,28.30202],[-16.8786,28.30139],[-16.8769,28.30105],[-16.87597,28.30005],[-16.87391,28.29964],[-16.87181,28.29986],[-16.87089,28.29963],[-16.87047,28.29857],[-16.87081,28.29785],[-16.87048,28.29684],[-16.87068,28.29634],[-16.86961,28.2959],[-16.86963,28.29517],[-16.86824,28.29441],[-16.86681,28.29303],[-16.86811,28.29308],[-16.86648,28.29268],[-16.86585,28.29196],[-16.86598,28.29158],[-16.865,28.29146],[-16.86539,28.2908],[-16.86638,28.29012],[-16.86539,28.28995],[-16.8649,28.28914],[-16.86301,28.28925],[-16.86311,28.28898],[-16.86242,28.2887],[-16.8614,28.28747],[-16.8614,28.28515],[-16.86215,28.28416],[-16.86346,28.28326],[-16.86342,28.28299],[-16.86254,28.28258],[-16.86235,28.28122],[-16.86128,28.28038],[-16.8617,28.27929],[-16.86042,28.27775],[-16.86028,28.27696],[-16.85954,28.2763],[-16.85928,28.27561],[-16.85942,28.27489],[-16.85825,28.27423],[-16.85717,28.27422],[-16.85677,28.2735],[-16.85619,28.27319],[-16.85456,28.27291],[-16.85257,28.27316],[-16.85161,28.27446],[-16.85062,28.27739],[-16.84985,28.2774],[-16.84941,28.27847],[-16.84769,28.27991],[-16.84695,28.2811],[-16.84705,28.28297],[-16.8466,28.28349],[-16.8439,28.2829],[-16.8434,28.28311],[-16.84358,28.28396],[-16.84318,28.28488],[-16.84282,28.28477],[-16.84268,28.28395],[-16.84216,28.28396],[-16.83967,28.28651],[-16.83783,28.28657],[-16.83574,28.28818],[-16.83477,28.28782],[-16.83391,28.28805],[-16.83374,28.28857],[-16.83198,28.29008],[-16.83189,28.2905],[-16.83267,28.29094],[-16.8336,28.29099],[-16.83371,28.29141],[-16.83346,28.29159],[-16.83033,28.29141],[-16.82978,28.29147],[-16.829,28.29227],[-16.82764,28.29259],[-16.82191,28.29282],[-16.82118,28.2941],[-16.82138,28.29604],[-16.82397,28.29958],[-16.82421,28.30057],[-16.82361,28.30394],[-16.82386,28.30446],[-16.82699,28.30647],[-16.82528,28.30818],[-16.82491,28.30903],[-16.82506,28.30955],[-16.82427,28.31057],[-16.8195,28.31347],[-16.8188,28.31447],[-16.82055,28.31451],[-16.82289,28.31564],[-16.82372,28.31561],[-16.82503,28.31713],[-16.82488,28.31879],[-16.82594,28.31863],[-16.82654,28.31907],[-16.82674,28.32015],[-16.82806,28.32194],[-16.82923,28.32455],[-16.83094,28.3253],[-16.83101,28.32766],[-16.83206,28.32962],[-16.83178,28.33062],[-16.83212,28.33241],[-16.83442,28.33663],[-16.83373,28.34057],[-16.83426,28.34243],[-16.83375,28.34442],[-16.83417,28.34696],[-16.83371,28.3479],[-16.83455,28.35158],[-16.83555,28.3529],[-16.83471,28.35556],[-16.83365,28.35669],[-16.83322,28.35784],[-16.83475,28.36606],[-16.83371,28.37518],[-16.83039,28.39236]]]]}},{"type":"Feature","properties":{"name":"Villa de Mazo"},"geometry":{"type":"MultiPolygon","coordinates":[[[[-17.78028,28.54751],[-17.7798,28.5473],[-17.77961,28.54753],[-17.78028,28.54751]]],[[[-17.75359,28.63056],[-17.75489,28.62986],[-17.75528,28.63034],[-17.75622,28.63066],[-17.7585,28.63018],[-17.76182,28.63082],[-17.76302,28.63172],[-17.76655,28.63338],[-17.76799,28.63351],[-17.77075,28.63197],[-17.77368,28.63242],[-17.77477,28.6319],[-17.77743,28.63252],[-17.77877,28.63223],[-17.77993,28.63113],[-17.78158,28.63043],[-17.78289,28.63025],[-17.78284,28.62925],[-17.78324,28.62872],[-17.78869,28.62761],[-17.78988,28.62635],[-17.79099,28.62618],[-17.79113,28.62528],[-17.79347,28.62236],[-17.79535,28.62124],[-17.79705,28.62131],[-17.80027,28.61957],[-17.80148,28.61944],[-17.80211,28.61771],[-17.80319,28.61698],[-17.81235,28.61444],[-17.81406,28.613],[-17.81509,28.61284],[-17.81566,28.61176],[-17.81852,28.60965],[-17.81933,28.60928],[-17.82051,28.60929],[-17.82351,28.6081],[-17.82643,28.60516],[-17.82769,28.60288],[-17.82782,28.60195],[-17.82852,28.60103],[-17.82997,28.60091],[-17.83171,28.59847],[-17.83289,28.59845],[-17.83532,28.59726],[-17.83713,28.5972],[-17.84048,28.59642],[-17.84045,28.59597],[-17.83938,28.5951],[-17.83929,28.59408],[-17.83806,28.59349],[-17.83814,28.59249],[-17.83727,28.59213],[-17.83693,28.59153],[-17.837,28.59057],[-17.83791,28.58971],[-17.83801,28.58666],[-17.83784,28.58473],[-17.83687,28.58234],[-17.83667,28.58024],[-17.83859,28.57816],[-17.8386,28.5777],[-17.83781,28.57653],[-17.83643,28.57679],[-17.83605,28.57659],[-17.83949,28.57433],[-17.83784,28.57066],[-17.83903,28.56924],[-17.83896,28.56725],[-17.83771,28.5652],[-17.8367,28.56068],[-17.83625,28.56179],[-17.83403,28.56143],[-17.83507,28.56009],[-17.83448,28.55862],[-17.83535,28.55723],[-17.83404,28.55433],[-17.83906,28.55339],[-17.83972,28.54834],[-17.83955,28.54457],[-17.84032,28.53655],[-17.82697,28.53205],[-17.82273,28.53141],[-17.81471,28.52947],[-17.80515,28.52565],[-17.79906,28.52064],[-17.79691,28.5183],[-17.79656,28.51848],[-17.79601,28.51947],[-17.79639,28.52113],[-17.79617,28.52195],[-17.79348,28.52486],[-17.79282,28.52923],[-17.79161,28.53013],[-17.79096,28.52998],[-17.7903,28.5312],[-17.78991,28.53251],[-17.79017,28.53507],[-17.78973,28.53709],[-17.78673,28.54363],[-17.78278,28.54767],[-17.78078,28.54806],[-17.7802,28.54946],[-17.77678,28.55306],[-17.77398,28.55502],[-17.77186,28.55561],[-17.77105,28.55648],[-17.77141,28.55698],[-17.77123,28.55837],[-17.76972,28.56004],[-17.76749,28.56139],[-17.76783,28.56216],[-17.76704,28.56323],[-17.76652,28.56313],[-17.76689,28.56357],[-17.76612,28.56397],[-17.76666,28.56422],[-17.76627,28.56525],[-17.76423,28.56705],[-17.76264,28.56711],[-17.76194,28.56875],[-17.76146,28.56879],[-17.76132,28.56928],[-17.76038,28.5695],[-17.76009,28.56987],[-17.7602,28.57042],[-17.75986,28.57104],[-17.7604,28.57162],[-17.75935,28.57377],[-17.75941,28.5743],[-17.76022,28.57441],[-17.75998,28.5749],[-17.76097,28.57625],[-17.76103,28.57748],[-17.76075,28.57798],[-17.76016,28.57822],[-17.7607,28.57842],[-17.76076,28.57888],[-17.75981,28.57923],[-17.76083,28.58068],[-17.76017,28.58111],[-17.76087,28.58118],[-17.76093,28.5815],[-17.75977,28.58381],[-17.75889,28.58448],[-17.75798,28.58452],[-17.75764,28.58499],[-17.75682,28.58494],[-17.75657,28.58529],[-17.7569,28.58561],[-17.75633,28.58604],[-17.75654,28.58633],[-17.75569,28.58644],[-17.75669,28.58712],[-17.75752,28.58696],[-17.75798,28.58817],[-17.75641,28.59039],[-17.75594,28.5916],[-17.75476,28.59229],[-17.75586,28.59278],[-17.75462,28.59326],[-17.75551,28.5932],[-17.75505,28.59371],[-17.7558,28.59402],[-17.75645,28.59361],[-17.75679,28.59437],[-17.75634,28.59589],[-17.75575,28.59643],[-17.75607,28.59666],[-17.75525,28.59687],[-17.75493,28.59761],[-17.75541,28.59902],[-17.75525,28.5995],[-17.75592,28.59966],[-17.7557,28.60008],[-17.7552,28.60018],[-17.75595,28.60046],[-17.75597,28.60079],[-17.75489,28.60061],[-17.75463,28.60141],[-17.75603,28.60179],[-17.75544,28.60236],[-17.75533,28.60294],[-17.75589,28.60286],[-17.75596,28.60324],[-17.7547,28.60314],[-17.75452,28.60367],[-17.75521,28.6036],[-17.7551,28.604],[-17.75589,28.6039],[-17.75496,28.6046],[-17.75554,28.605],[-17.75513,28.60557],[-17.75543,28.60645],[-17.75509,28.60693],[-17.75526,28.60729],[-17.75545,28.60701],[-17.75631,28.60726],[-17.7566,28.60795],[-17.75529,28.60913],[-17.75625,28.60969],[-17.75556,28.60974],[-17.75611,28.61007],[-17.75642,28.61118],[-17.75674,28.61135],[-17.75618,28.61155],[-17.75681,28.61177],[-17.75598,28.612],[-17.75585,28.61316],[-17.75534,28.61381],[-17.75438,28.61367],[-17.75504,28.61432],[-17.75429,28.61462],[-17.75441,28.61505],[-17.75354,28.61494],[-17.7538,28.6154],[-17.75315,28.61599],[-17.75193,28.61635],[-17.75257,28.61711],[-17.75226,28.61712],[-17.75155,28.61829],[-17.75162,28.61872],[-17.75084,28.61943],[-17.75111,28.61981],[-17.7501,28.62062],[-17.75112,28.621],[-17.75032,28.62119],[-17.75018,28.62208],[-17.75085,28.62233],[-17.75028,28.6224],[-17.75084,28.62304],[-17.75045,28.6239],[-17.75079,28.62378],[-17.75006,28.62438],[-17.75089,28.62411],[-17.75111,28.62426],[-17.75056,28.62457],[-17.75061,28.62501],[-17.75132,28.6247],[-17.75183,28.62541],[-17.75113,28.62482],[-17.75064,28.62602],[-17.75115,28.62599],[-17.75117,28.62631],[-17.75243,28.62645],[-17.753,28.62685],[-17.75269,28.62749],[-17.7532,28.62753],[-17.75379,28.6284],[-17.75396,28.6295],[-17.75359,28.63056]]]]}},{"type":"Feature","properties":{"name":"San Bartolomé"},"geometry":{"type":"MultiPolygon","coordinates":[[[[-13.66001,29.00693],[-13.66001,29.00665],[-13.65257,29.00647],[-13.6511,29.00571],[-13.65113,29.00508],[-13.64767,29.00032],[-13.64771,28.99764],[-13.64689,28.9959],[-13.64606,28.99245],[-13.6437,28.98834],[-13.64165,28.98555],[-13.63783,28.98198],[-13.63711,28.98019],[-13.63114,28.97248],[-13.62551,28.96764],[-13.60494,28.94183],[-13.60419,28.94274],[-13.60327,28.94324],[-13.6018,28.94518],[-13.60019,28.94574],[-13.59925,28.94721],[-13.59783,28.94808],[-13.59544,28.94878],[-13.59317,28.94878],[-13.59195,28.94943],[-13.59016,28.94976],[-13.58986,28.9499],[-13.5898,28.95069],[-13.58861,28.95057],[-13.58841,28.95109],[-13.58766,28.9515],[-13.58669,28.9516],[-13.58512,28.95083],[-13.58364,28.95177],[-13.58929,29.00389],[-13.58467,29.00345],[-13.58742,29.00826],[-13.59687,29.01929],[-13.60002,29.01921],[-13.60908,29.02112],[-13.6103,29.02076],[-13.61465,29.02045],[-13.62234,29.02033],[-13.62831,29.02109],[-13.63208,29.02243],[-13.64249,29.02795],[-13.65053,29.02517],[-13.65289,29.02343],[-13.66002,29.00771],[-13.66001,29.00693]]]]}},{"type":"Feature","properties":{"name":"Puntallana"},"geometry":{"type":"MultiPolygon","coordinates":[[[[-17.73256,28.75266],[-17.73221,28.75267],[-17.73186,28.75323],[-17.73256,28.75266]]],[[[-17.75343,28.78261],[-17.75628,28.78103],[-17.75848,28.77883],[-17.75886,28.77822],[-17.75841,28.77682],[-17.75895,28.77551],[-17.75879,28.77422],[-17.76034,28.77271],[-17.76038,28.77208],[-17.76137,28.77159],[-17.76114,28.771],[-17.76133,28.77039],[-17.76481,28.76931],[-17.76545,28.7682],[-17.76656,28.76779],[-17.76861,28.76757],[-17.77046,28.76664],[-17.77179,28.76655],[-17.77209,28.76602],[-17.77155,28.76483],[-17.77185,28.76439],[-17.77328,28.76416],[-17.77475,28.76347],[-17.77498,28.76237],[-17.77554,28.76216],[-17.77643,28.76337],[-17.77814,28.76311],[-17.77862,28.76268],[-17.77901,28.76146],[-17.77966,28.76116],[-17.78023,28.76026],[-17.78023,28.75946],[-17.78137,28.75722],[-17.78166,28.75593],[-17.78381,28.75482],[-17.78449,28.75425],[-17.78536,28.75262],[-17.78718,28.75196],[-17.78811,28.75093],[-17.7887,28.75199],[-17.78972,28.75261],[-17.79181,28.75233],[-17.7935,28.75288],[-17.79401,28.75281],[-17.7946,28.75198],[-17.79504,28.75188],[-17.79573,28.75254],[-17.79628,28.75245],[-17.79725,28.752],[-17.79891,28.75046],[-17.80603,28.74764],[-17.80931,28.74702],[-17.81161,28.74568],[-17.81255,28.74584],[-17.81332,28.74552],[-17.81462,28.7458],[-17.81525,28.7454],[-17.81622,28.74567],[-17.81746,28.74531],[-17.81821,28.74561],[-17.82574,28.74523],[-17.83006,28.74721],[-17.83824,28.74361],[-17.83751,28.74334],[-17.83569,28.74161],[-17.83558,28.73468],[-17.83109,28.73439],[-17.82994,28.73494],[-17.82757,28.73477],[-17.82564,28.73516],[-17.82202,28.7347],[-17.82113,28.7351],[-17.82064,28.73574],[-17.82006,28.73739],[-17.81938,28.73788],[-17.81833,28.73787],[-17.81659,28.73927],[-17.81553,28.73913],[-17.81456,28.73837],[-17.81283,28.73844],[-17.81131,28.73748],[-17.80945,28.73735],[-17.80833,28.73689],[-17.80516,28.73708],[-17.804,28.73673],[-17.80173,28.73675],[-17.80046,28.73704],[-17.79963,28.73647],[-17.7992,28.73536],[-17.79875,28.73504],[-17.79781,28.73529],[-17.79497,28.73284],[-17.79261,28.7315],[-17.79065,28.73145],[-17.78569,28.73274],[-17.78437,28.73258],[-17.78328,28.73181],[-17.78044,28.73094],[-17.77893,28.72946],[-17.77475,28.72796],[-17.77371,28.72706],[-17.77268,28.72697],[-17.77174,28.72639],[-17.77001,28.72637],[-17.76773,28.72483],[-17.76695,28.72377],[-17.76449,28.72298],[-17.76394,28.72251],[-17.76341,28.71993],[-17.76209,28.71858],[-17.76155,28.71737],[-17.75905,28.71652],[-17.75873,28.71555],[-17.75893,28.71486],[-17.75728,28.70996],[-17.75561,28.70818],[-17.75511,28.70697],[-17.75227,28.7051],[-17.75134,28.70686],[-17.75044,28.70752],[-17.75019,28.70809],[-17.74773,28.70971],[-17.74739,28.71091],[-17.74682,28.71165],[-17.74613,28.71205],[-17.74511,28.71224],[-17.74482,28.71197],[-17.7438,28.71244],[-17.74391,28.71337],[-17.74279,28.71417],[-17.7416,28.71442],[-17.74156,28.71472],[-17.74094,28.71433],[-17.73997,28.71506],[-17.7398,28.71482],[-17.73873,28.71482],[-17.73806,28.71568],[-17.73691,28.71602],[-17.73593,28.71779],[-17.73554,28.7177],[-17.7349,28.7183],[-17.73488,28.71909],[-17.73383,28.71974],[-17.73333,28.71944],[-17.73256,28.72019],[-17.73293,28.72103],[-17.73264,28.72145],[-17.7321,28.7215],[-17.73232,28.7217],[-17.73205,28.72247],[-17.73329,28.72349],[-17.73337,28.72389],[-17.73273,28.72457],[-17.73303,28.72479],[-17.73289,28.72519],[-17.73205,28.72536],[-17.73125,28.7266],[-17.73091,28.72667],[-17.73152,28.72772],[-17.7312,28.72798],[-17.73161,28.7283],[-17.73126,28.72872],[-17.73158,28.72885],[-17.73138,28.72931],[-17.73055,28.73004],[-17.72924,28.72993],[-17.72886,28.73034],[-17.72912,28.73135],[-17.72821,28.73152],[-17.72729,28.73217],[-17.72647,28.73387],[-17.72591,28.73418],[-17.72609,28.73455],[-17.72585,28.73517],[-17.72626,28.73515],[-17.72626,28.73557],[-17.72573,28.73568],[-17.72479,28.7381],[-17.7242,28.73845],[-17.72504,28.73967],[-17.72496,28.74018],[-17.72542,28.74037],[-17.72475,28.74117],[-17.72498,28.74132],[-17.72457,28.74209],[-17.72476,28.74295],[-17.72604,28.74299],[-17.72623,28.74338],[-17.72719,28.74304],[-17.72708,28.74256],[-17.72769,28.74241],[-17.72989,28.74417],[-17.73012,28.74487],[-17.72981,28.74577],[-17.73018,28.74584],[-17.73003,28.74768],[-17.73057,28.74774],[-17.73089,28.74822],[-17.73051,28.74877],[-17.73085,28.74928],[-17.73081,28.7501],[-17.73274,28.7511],[-17.7333,28.75224],[-17.73428,28.75309],[-17.73403,28.75375],[-17.73423,28.75475],[-17.73367,28.75494],[-17.73333,28.75617],[-17.73491,28.75696],[-17.73492,28.75773],[-17.73529,28.75795],[-17.73499,28.75836],[-17.73543,28.75885],[-17.73649,28.75829],[-17.73735,28.75916],[-17.7368,28.76003],[-17.73753,28.75976],[-17.73772,28.75922],[-17.73895,28.75905],[-17.74194,28.76111],[-17.74321,28.76258],[-17.74388,28.76451],[-17.74366,28.76602],[-17.74476,28.76678],[-17.74473,28.76788],[-17.74622,28.76838],[-17.75006,28.77203],[-17.75303,28.77774],[-17.75326,28.7795],[-17.75286,28.78065],[-17.75227,28.7812],[-17.75287,28.7815],[-17.75343,28.78261]]]]}},{"type":"Feature","properties":{"name":"El Rosario"},"geometry":{"type":"MultiPolygon","coordinates":[[[[-16.4069,28.41453],[-16.4046,28.41409],[-16.40264,28.41489],[-16.40043,28.41351],[-16.39927,28.4122],[-16.39772,28.41145],[-16.39594,28.41241],[-16.39145,28.41221],[-16.3899,28.41346],[-16.3886,28.41351],[-16.3869,28.41421],[-16.38406,28.41368],[-16.38215,28.41432],[-16.37939,28.41376],[-16.37681,28.41273],[-16.37522,28.4116],[-16.37328,28.41122],[-16.3715,28.41005],[-16.3675,28.40902],[-16.36686,28.40834],[-16.3671,28.40614],[-16.36333,28.40437],[-16.36287,28.40352],[-16.36137,28.40336],[-16.361,28.40255],[-16.3594,28.40232],[-16.35691,28.40056],[-16.3542,28.40025],[-16.34948,28.40061],[-16.34774,28.39962],[-16.34478,28.39904],[-16.34377,28.39938],[-16.34315,28.3985],[-16.33937,28.39778],[-16.33737,28.39627],[-16.33666,28.39682],[-16.33541,28.39694],[-16.33491,28.39775],[-16.33529,28.39785],[-16.33508,28.39881],[-16.33378,28.40065],[-16.33318,28.40085],[-16.33262,28.40058],[-16.33209,28.40116],[-16.33075,28.40151],[-16.33031,28.4022],[-16.32735,28.40218],[-16.32654,28.40154],[-16.32469,28.4012],[-16.32497,28.40162],[-16.32363,28.40131],[-16.32366,28.40092],[-16.32341,28.40092],[-16.32339,28.40129],[-16.32202,28.40123],[-16.32203,28.40102],[-16.32114,28.40097],[-16.32116,28.40046],[-16.32405,28.4004],[-16.32082,28.40024],[-16.32034,28.40056],[-16.32015,28.40006],[-16.31951,28.4005],[-16.31949,28.40093],[-16.31849,28.40211],[-16.3183,28.40361],[-16.31772,28.40461],[-16.31662,28.40486],[-16.31605,28.40568],[-16.31482,28.40646],[-16.31281,28.4067],[-16.31171,28.40799],[-16.31066,28.40784],[-16.30889,28.4086],[-16.30755,28.40978],[-16.30918,28.41245],[-16.31116,28.41326],[-16.31286,28.41566],[-16.31689,28.41816],[-16.31882,28.42042],[-16.32021,28.42086],[-16.32006,28.41816],[-16.32038,28.41795],[-16.32324,28.41817],[-16.32558,28.41774],[-16.32873,28.4166],[-16.33042,28.41729],[-16.33285,28.41909],[-16.33407,28.41933],[-16.33624,28.41914],[-16.33682,28.41981],[-16.33729,28.42163],[-16.33836,28.4227],[-16.33853,28.424],[-16.34021,28.42564],[-16.34242,28.42668],[-16.34524,28.42864],[-16.34532,28.4294],[-16.3438,28.42998],[-16.34265,28.43117],[-16.33807,28.4379],[-16.33578,28.43965],[-16.33418,28.44183],[-16.3328,28.44472],[-16.33033,28.44845],[-16.33054,28.45468],[-16.33379,28.45554],[-16.33643,28.45736],[-16.33951,28.45829],[-16.34056,28.45939],[-16.34191,28.46014],[-16.34195,28.46136],[-16.34257,28.46213],[-16.34648,28.4641],[-16.34953,28.46513],[-16.35196,28.46479],[-16.36283,28.46694],[-16.36867,28.46923],[-16.37066,28.46714],[-16.37274,28.46565],[-16.37348,28.46398],[-16.37503,28.46302],[-16.37623,28.46141],[-16.3765,28.45895],[-16.37744,28.45559],[-16.37817,28.45507],[-16.38048,28.45453],[-16.38056,28.45371],[-16.38185,28.453],[-16.38254,28.45038],[-16.38318,28.44999],[-16.38545,28.45037],[-16.38456,28.44612],[-16.38566,28.44427],[-16.38643,28.44383],[-16.38996,28.4401],[-16.3964,28.43032],[-16.39626,28.42999],[-16.398,28.42788],[-16.40242,28.42498],[-16.40423,28.42442],[-16.40632,28.42048],[-16.4069,28.41453]]]]}},{"type":"Feature","properties":{"name":"Los Realejos"},"geometry":{"type":"MultiPolygon","coordinates":[[[[-16.59594,28.40051],[-16.59581,28.40078],[-16.59611,28.40077],[-16.59594,28.40051]]],[[[-16.57059,28.40751],[-16.57135,28.40728],[-16.57199,28.40495],[-16.57263,28.40414],[-16.57469,28.40383],[-16.57561,28.40532],[-16.57588,28.40535],[-16.57584,28.40497],[-16.57823,28.40512],[-16.57937,28.40396],[-16.57941,28.40341],[-16.57971,28.40363],[-16.58112,28.40292],[-16.58131,28.40204],[-16.58235,28.40167],[-16.58292,28.40093],[-16.58786,28.39805],[-16.59124,28.39793],[-16.59174,28.39822],[-16.59208,28.39774],[-16.59319,28.39778],[-16.59369,28.3984],[-16.59418,28.39836],[-16.59498,28.39972],[-16.5962,28.40047],[-16.59669,28.39976],[-16.59706,28.3998],[-16.5972,28.4004],[-16.59817,28.39972],[-16.60026,28.39594],[-16.60341,28.39401],[-16.60491,28.3942],[-16.60827,28.39369],[-16.61125,28.39449],[-16.61258,28.39411],[-16.61396,28.39476],[-16.61479,28.3943],[-16.61732,28.3941],[-16.61847,28.39438],[-16.62095,28.39583],[-16.62366,28.39587],[-16.62401,28.39433],[-16.6257,28.39277],[-16.62661,28.38957],[-16.62628,28.38664],[-16.62662,28.38571],[-16.62586,28.384],[-16.62632,28.38302],[-16.6254,28.38182],[-16.6253,28.37868],[-16.62403,28.37355],[-16.62422,28.37101],[-16.62298,28.36974],[-16.62294,28.36938],[-16.62357,28.36902],[-16.62306,28.36807],[-16.62339,28.36717],[-16.62215,28.36616],[-16.62101,28.36573],[-16.62017,28.36415],[-16.61918,28.35954],[-16.61924,28.35734],[-16.61765,28.35553],[-16.61672,28.35325],[-16.61551,28.35268],[-16.61414,28.35142],[-16.61147,28.34756],[-16.60997,28.34627],[-16.60776,28.34205],[-16.60643,28.33777],[-16.60554,28.33598],[-16.60321,28.33334],[-16.60315,28.33228],[-16.60092,28.32951],[-16.60055,28.32811],[-16.59848,28.32615],[-16.59706,28.32546],[-16.5949,28.32058],[-16.59393,28.31962],[-16.59362,28.31831],[-16.59181,28.31595],[-16.59227,28.31473],[-16.59218,28.31381],[-16.58902,28.29287],[-16.56534,28.29808],[-16.55789,28.31043],[-16.55798,28.31992],[-16.55632,28.33696],[-16.55512,28.34506],[-16.55575,28.34599],[-16.55563,28.34713],[-16.55672,28.34769],[-16.55696,28.34856],[-16.55694,28.34966],[-16.55629,28.35152],[-16.55703,28.35329],[-16.55687,28.35637],[-16.55865,28.35838],[-16.55853,28.35981],[-16.55898,28.36192],[-16.55968,28.36279],[-16.5596,28.36398],[-16.56032,28.36524],[-16.56017,28.36837],[-16.56145,28.37059],[-16.56159,28.37218],[-16.56111,28.37449],[-16.56194,28.37541],[-16.56125,28.377],[-16.56171,28.37813],[-16.56141,28.37939],[-16.56212,28.38119],[-16.56186,28.3827],[-16.56209,28.38368],[-16.56137,28.38581],[-16.5603,28.38643],[-16.55922,28.38961],[-16.55777,28.39082],[-16.55744,28.39159],[-16.55861,28.39399],[-16.56354,28.39362],[-16.56413,28.39391],[-16.56413,28.39518],[-16.5647,28.39638],[-16.56725,28.39849],[-16.56827,28.39986],[-16.56883,28.40242],[-16.57059,28.40751]]],[[[-16.57392,28.40448],[-16.57389,28.40426],[-16.57359,28.40438],[-16.57359,28.40463],[-16.57392,28.40448]]]]}},{"type":"Feature","properties":{"name":"Santa María de Guía de Gran Canaria"},"geometry":{"type":"MultiPolygon","coordinates":[[[[-15.64959,28.16552],[-15.64919,28.16444],[-15.64983,28.16417],[-15.64972,28.16295],[-15.64764,28.16126],[-15.64735,28.16131],[-15.64732,28.16185],[-15.64633,28.16043],[-15.6466,28.15969],[-15.6464,28.15944],[-15.64555,28.15951],[-15.64479,28.15816],[-15.64309,28.15627],[-15.64072,28.15211],[-15.64048,28.14961],[-15.63981,28.14788],[-15.63974,28.14681],[-15.64087,28.1446],[-15.64168,28.14406],[-15.64091,28.14267],[-15.63946,28.14164],[-15.63883,28.14072],[-15.63479,28.13889],[-15.63586,28.13732],[-15.63665,28.13696],[-15.63773,28.13665],[-15.63916,28.13683],[-15.6402,28.13617],[-15.64231,28.1363],[-15.64376,28.1354],[-15.64189,28.13227],[-15.64181,28.13112],[-15.64117,28.12948],[-15.64105,28.12688],[-15.6405,28.12608],[-15.64062,28.12487],[-15.6398,28.12297],[-15.63977,28.12153],[-15.63931,28.12144],[-15.6384,28.11984],[-15.6389,28.1174],[-15.63866,28.11733],[-15.63879,28.11591],[-15.63848,28.11453],[-15.63796,28.1138],[-15.63466,28.11378],[-15.63147,28.11183],[-15.63195,28.11002],[-15.63274,28.10957],[-15.63262,28.10893],[-15.63208,28.10874],[-15.63189,28.10763],[-15.63263,28.10784],[-15.63313,28.10729],[-15.6336,28.10746],[-15.63352,28.10673],[-15.63417,28.1064],[-15.63604,28.10648],[-15.63457,28.1049],[-15.63687,28.10365],[-15.6364,28.10313],[-15.63695,28.10264],[-15.63648,28.10147],[-15.63729,28.10033],[-15.6358,28.09996],[-15.63558,28.09953],[-15.63562,28.09922],[-15.63644,28.09896],[-15.63625,28.09805],[-15.63684,28.09753],[-15.63653,28.09658],[-15.63688,28.09588],[-15.63641,28.09566],[-15.63625,28.0948],[-15.63648,28.09417],[-15.63557,28.0934],[-15.63628,28.09296],[-15.63584,28.09226],[-15.63629,28.09193],[-15.63638,28.09079],[-15.63685,28.09041],[-15.63696,28.08887],[-15.63558,28.08631],[-15.63513,28.08623],[-15.63498,28.08514],[-15.6359,28.08197],[-15.63724,28.07892],[-15.63597,28.07501],[-15.63625,28.07465],[-15.63618,28.07338],[-15.63585,28.07294],[-15.63559,28.07096],[-15.63638,28.06971],[-15.63633,28.06859],[-15.63704,28.06807],[-15.63768,28.06692],[-15.6369,28.06534],[-15.63586,28.0648],[-15.63506,28.06347],[-15.63427,28.06281],[-15.63287,28.0623],[-15.63277,28.06115],[-15.63303,28.06095],[-15.63129,28.06043],[-15.63005,28.06092],[-15.62963,28.06062],[-15.62986,28.05365],[-15.62914,28.05236],[-15.62922,28.05181],[-15.62797,28.05028],[-15.62787,28.04943],[-15.62587,28.04738],[-15.62507,28.04741],[-15.62388,28.04571],[-15.62206,28.04096],[-15.6201,28.03898],[-15.61865,28.03863],[-15.61888,28.03997],[-15.62185,28.04311],[-15.62182,28.04459],[-15.6227,28.04868],[-15.6226,28.04959],[-15.6231,28.0499],[-15.62301,28.0507],[-15.62338,28.0516],[-15.62412,28.05221],[-15.624,28.05294],[-15.62452,28.05386],[-15.62395,28.05567],[-15.62282,28.05631],[-15.62261,28.0576],[-15.62176,28.05789],[-15.62168,28.05887],[-15.62202,28.05911],[-15.62232,28.06025],[-15.62292,28.06062],[-15.62214,28.06195],[-15.62214,28.06253],[-15.62154,28.06305],[-15.62234,28.06457],[-15.62214,28.06717],[-15.62054,28.06804],[-15.62023,28.06881],[-15.61783,28.07095],[-15.61724,28.07194],[-15.61613,28.07238],[-15.61607,28.07353],[-15.61539,28.07398],[-15.61545,28.07456],[-15.61363,28.07504],[-15.61377,28.07586],[-15.61256,28.07697],[-15.61234,28.07815],[-15.61141,28.07901],[-15.61139,28.08],[-15.61015,28.08004],[-15.6105,28.08072],[-15.6099,28.08098],[-15.60992,28.08226],[-15.6096,28.08304],[-15.60927,28.08356],[-15.60842,28.08369],[-15.60824,28.08451],[-15.60703,28.08618],[-15.60598,28.08674],[-15.60584,28.08747],[-15.60501,28.08772],[-15.6049,28.08883],[-15.60343,28.08891],[-15.60275,28.09021],[-15.60233,28.08996],[-15.60155,28.09024],[-15.60143,28.09066],[-15.60195,28.09155],[-15.60179,28.09314],[-15.60122,28.0933],[-15.60011,28.09267],[-15.59875,28.09393],[-15.59861,28.09475],[-15.59796,28.09534],[-15.59687,28.0952],[-15.59594,28.09591],[-15.59455,28.09571],[-15.59415,28.09602],[-15.59316,28.09735],[-15.59243,28.09749],[-15.59152,28.09875],[-15.5921,28.10006],[-15.58952,28.1007],[-15.58955,28.10107],[-15.58848,28.10186],[-15.5874,28.10163],[-15.58726,28.10273],[-15.58577,28.10602],[-15.58578,28.10726],[-15.58535,28.10799],[-15.58692,28.1109],[-15.58719,28.11263],[-15.58931,28.11395],[-15.58986,28.11606],[-15.59061,28.11701],[-15.5909,28.11901],[-15.58966,28.12027],[-15.59002,28.12158],[-15.58958,28.12246],[-15.58947,28.12479],[-15.58978,28.12642],[-15.58936,28.12713],[-15.59017,28.12822],[-15.58965,28.12923],[-15.5897,28.12979],[-15.59044,28.12998],[-15.59117,28.13139],[-15.59029,28.13273],[-15.59033,28.13361],[-15.5914,28.13499],[-15.59151,28.13584],[-15.59057,28.1373],[-15.59131,28.13772],[-15.5916,28.13841],[-15.59056,28.13866],[-15.58877,28.14109],[-15.58737,28.1424],[-15.58687,28.14386],[-15.58817,28.14574],[-15.58863,28.14734],[-15.59126,28.1461],[-15.59544,28.14556],[-15.59675,28.14464],[-15.59879,28.14432],[-15.60156,28.14469],[-15.60247,28.14684],[-15.60497,28.14702],[-15.60725,28.14897],[-15.60842,28.1489],[-15.6099,28.14756],[-15.61114,28.14762],[-15.6125,28.14725],[-15.61372,28.14771],[-15.61527,28.15047],[-15.61628,28.15161],[-15.61641,28.15244],[-15.61741,28.15429],[-15.61905,28.15471],[-15.62112,28.15367],[-15.62112,28.15473],[-15.62173,28.15519],[-15.62145,28.1563],[-15.6217,28.15716],[-15.62252,28.15768],[-15.62301,28.15874],[-15.62464,28.15944],[-15.62509,28.16018],[-15.62426,28.16117],[-15.62405,28.16263],[-15.62466,28.16311],[-15.62592,28.1631],[-15.62606,28.16375],[-15.6271,28.16498],[-15.62702,28.16568],[-15.62821,28.16612],[-15.62845,28.16741],[-15.62922,28.16762],[-15.62962,28.16724],[-15.63022,28.16765],[-15.63115,28.17007],[-15.63248,28.16846],[-15.63255,28.16761],[-15.63444,28.1688],[-15.63485,28.1698],[-15.6363,28.1706],[-15.63713,28.17185],[-15.63857,28.17174],[-15.63933,28.16944],[-15.63989,28.16876],[-15.64165,28.16784],[-15.64269,28.16675],[-15.64621,28.16518],[-15.64762,28.16535],[-15.64827,28.16477],[-15.64858,28.16497],[-15.64869,28.1659],[-15.6492,28.16595],[-15.64959,28.16552]]]]}},{"type":"Feature","properties":{"name":"Arona"},"geometry":{"type":"MultiPolygon","coordinates":[[[[-16.68464,28.12064],[-16.68428,28.11939],[-16.68527,28.11685],[-16.6865,28.11547],[-16.68844,28.1144],[-16.68878,28.11368],[-16.68875,28.11206],[-16.68963,28.11106],[-16.68987,28.10918],[-16.69164,28.1079],[-16.6904,28.10525],[-16.69082,28.10412],[-16.69074,28.10304],[-16.69141,28.10176],[-16.69098,28.10038],[-16.69141,28.09888],[-16.69096,28.09731],[-16.69135,28.09538],[-16.69616,28.08954],[-16.6974,28.08733],[-16.69809,28.08684],[-16.69901,28.0848],[-16.70009,28.08434],[-16.70102,28.08438],[-16.702,28.08385],[-16.70358,28.08414],[-16.7047,28.0835],[-16.70628,28.08153],[-16.70637,28.07946],[-16.7067,28.07883],[-16.70944,28.07511],[-16.711,28.07536],[-16.71291,28.07368],[-16.71472,28.07296],[-16.71538,28.07208],[-16.71855,28.07019],[-16.71881,28.06932],[-16.72025,28.0685],[-16.72179,28.06681],[-16.72199,28.06617],[-16.72518,28.06762],[-16.72589,28.06737],[-16.7268,28.0654],[-16.7297,28.06738],[-16.73345,28.06704],[-16.73395,28.06671],[-16.73463,28.06694],[-16.73437,28.06633],[-16.7332,28.06661],[-16.7326,28.06545],[-16.73261,28.06461],[-16.73316,28.06337],[-16.7348,28.06211],[-16.73535,28.06098],[-16.73661,28.05977],[-16.73648,28.05743],[-16.73728,28.05622],[-16.73728,28.05538],[-16.73675,28.05453],[-16.73334,28.05301],[-16.73367,28.05163],[-16.73347,28.05151],[-16.73336,28.05244],[-16.73302,28.05264],[-16.73198,28.05292],[-16.73091,28.05264],[-16.73013,28.05181],[-16.73109,28.05089],[-16.7304,28.05131],[-16.72943,28.05116],[-16.72825,28.05187],[-16.72677,28.05089],[-16.72756,28.05178],[-16.72701,28.0523],[-16.72591,28.05258],[-16.72446,28.05222],[-16.72363,28.05163],[-16.72358,28.05117],[-16.72316,28.0513],[-16.72221,28.05045],[-16.722,28.04964],[-16.72221,28.04924],[-16.72274,28.04919],[-16.72065,28.04827],[-16.71731,28.0459],[-16.71707,28.04619],[-16.71888,28.04766],[-16.71843,28.04834],[-16.7189,28.04804],[-16.71971,28.04862],[-16.71906,28.04934],[-16.71821,28.04897],[-16.71906,28.04956],[-16.71862,28.04995],[-16.71685,28.05005],[-16.71498,28.0496],[-16.71146,28.04732],[-16.71101,28.04592],[-16.71189,28.04443],[-16.71169,28.04388],[-16.71036,28.04358],[-16.71159,28.04259],[-16.71121,28.04241],[-16.71085,28.0428],[-16.70956,28.04208],[-16.70887,28.04005],[-16.70879,28.03823],[-16.70996,28.03606],[-16.70979,28.03482],[-16.70888,28.03417],[-16.70905,28.0332],[-16.70938,28.03296],[-16.70867,28.0323],[-16.70883,28.03158],[-16.70638,28.03059],[-16.70671,28.03031],[-16.7064,28.02947],[-16.70513,28.02858],[-16.70457,28.02694],[-16.70491,28.02573],[-16.70532,28.02579],[-16.70607,28.02194],[-16.707,28.01995],[-16.70673,28.01995],[-16.70706,28.01935],[-16.70661,28.01849],[-16.7068,28.01799],[-16.70712,28.01797],[-16.70641,28.01742],[-16.70641,28.01648],[-16.70601,28.01613],[-16.70622,28.0153],[-16.70666,28.01534],[-16.70737,28.01407],[-16.70763,28.01299],[-16.70739,28.01275],[-16.70767,28.01236],[-16.70751,28.01067],[-16.70719,28.01071],[-16.70683,28.0101],[-16.70636,28.00996],[-16.70651,28.00944],[-16.70517,28.00762],[-16.70521,28.00719],[-16.7046,28.00682],[-16.70463,28.0064],[-16.70381,28.00627],[-16.70406,28.00592],[-16.7034,28.00553],[-16.70327,28.00594],[-16.7029,28.00528],[-16.70178,28.00463],[-16.702,28.00417],[-16.70147,28.00387],[-16.69991,28.00397],[-16.69959,28.00306],[-16.6991,28.0029],[-16.69901,28.00255],[-16.69852,28.00255],[-16.69838,28.00215],[-16.69784,28.00253],[-16.69738,28.00247],[-16.69638,28.00181],[-16.69538,28.00167],[-16.69567,28.00127],[-16.69514,28.00041],[-16.69473,28.00061],[-16.69394,28.00036],[-16.69372,28.00019],[-16.69394,27.99975],[-16.69252,28.0002],[-16.6915,27.99993],[-16.69114,27.99957],[-16.6912,27.99895],[-16.69,27.99957],[-16.68836,27.99922],[-16.68831,27.99882],[-16.68643,27.99869],[-16.68622,27.99835],[-16.6854,27.99858],[-16.68541,27.99821],[-16.68497,27.99851],[-16.68247,27.99877],[-16.67973,27.99813],[-16.67945,27.99847],[-16.67894,27.99811],[-16.67458,28.00092],[-16.67416,28.00205],[-16.67225,28.00385],[-16.67176,28.00472],[-16.66937,28.00444],[-16.6691,28.00378],[-16.66893,28.00436],[-16.66836,28.00388],[-16.66672,28.00351],[-16.66676,28.00414],[-16.66649,28.00424],[-16.66695,28.00539],[-16.66638,28.00586],[-16.66615,28.00769],[-16.66566,28.00821],[-16.66515,28.00817],[-16.66484,28.00863],[-16.66392,28.00881],[-16.66286,28.00806],[-16.6624,28.00858],[-16.66161,28.00813],[-16.66151,28.00889],[-16.66105,28.00894],[-16.65927,28.00846],[-16.65863,28.00789],[-16.65887,28.00694],[-16.66,28.00669],[-16.66123,28.00719],[-16.66149,28.00704],[-16.661,28.00664],[-16.65955,28.00647],[-16.65822,28.00728],[-16.65612,28.00604],[-16.65357,28.00626],[-16.65263,28.00688],[-16.65222,28.00759],[-16.65139,28.00799],[-16.651,28.00739],[-16.65028,28.0078],[-16.64913,28.00751],[-16.64862,28.00695],[-16.64855,28.00629],[-16.64671,28.00415],[-16.64601,28.00379],[-16.64485,28.00366],[-16.64331,28.00395],[-16.64154,28.00529],[-16.64042,28.00505],[-16.63941,28.00552],[-16.63828,28.00655],[-16.63913,28.0094],[-16.63774,28.06082],[-16.63971,28.06696],[-16.64164,28.07122],[-16.63951,28.07895],[-16.64297,28.08961],[-16.64165,28.09908],[-16.64088,28.10023],[-16.64161,28.10193],[-16.64149,28.1029],[-16.64206,28.10382],[-16.64181,28.10454],[-16.65222,28.10886],[-16.65983,28.11297],[-16.67332,28.1124],[-16.68124,28.11862],[-16.68464,28.12064]]]]}},{"type":"Feature","properties":{"name":"Artenara"},"geometry":{"type":"MultiPolygon","coordinates":[[[[-15.77285,28.03183],[-15.76939,28.02967],[-15.76831,28.02935],[-15.76784,28.02861],[-15.76636,28.0283],[-15.76518,28.02646],[-15.76519,28.02569],[-15.75832,28.0249],[-15.75832,28.02421],[-15.75899,28.02368],[-15.75821,28.02251],[-15.7572,28.02223],[-15.755,28.02026],[-15.75301,28.01909],[-15.7513,28.01723],[-15.74944,28.01598],[-15.74847,28.01414],[-15.74901,28.01256],[-15.74854,28.01221],[-15.74829,28.01142],[-15.74846,28.00947],[-15.74743,28.00707],[-15.74673,28.00644],[-15.74643,28.00525],[-15.74675,28.00444],[-15.74761,28.00389],[-15.74783,28.00265],[-15.7474,28.00103],[-15.74814,27.9996],[-15.74807,27.99681],[-15.74853,27.99469],[-15.74831,27.99393],[-15.74877,27.99286],[-15.74842,27.9916],[-15.75012,27.98875],[-15.74988,27.9882],[-15.74586,27.98822],[-15.74289,27.98698],[-15.74041,27.9871],[-15.73998,27.9865],[-15.73998,27.98487],[-15.73975,27.98464],[-15.73816,27.98446],[-15.73527,27.98215],[-15.73035,27.98156],[-15.72928,27.98093],[-15.7266,27.9802],[-15.72465,27.98071],[-15.72339,27.98257],[-15.72249,27.98296],[-15.72195,27.98404],[-15.72209,27.98567],[-15.72148,27.98663],[-15.71787,27.98827],[-15.71666,27.98805],[-15.71601,27.98824],[-15.71482,27.98995],[-15.71202,27.98964],[-15.71123,27.99105],[-15.70999,27.99112],[-15.70926,27.99156],[-15.70897,27.99273],[-15.70839,27.99311],[-15.70781,27.99296],[-15.70712,27.99189],[-15.70634,27.99288],[-15.70547,27.99328],[-15.70408,27.99308],[-15.70331,27.99262],[-15.70135,27.99286],[-15.69945,27.99178],[-15.69737,27.99122],[-15.69678,27.99062],[-15.695,27.99049],[-15.69456,27.98997],[-15.69407,27.98813],[-15.69259,27.98751],[-15.69091,27.98843],[-15.69038,27.98933],[-15.69098,27.99101],[-15.69091,27.99185],[-15.69049,27.99205],[-15.68998,27.99165],[-15.68944,27.99181],[-15.68849,27.99308],[-15.68629,27.99225],[-15.68424,27.99285],[-15.6834,27.99209],[-15.68286,27.99236],[-15.68257,27.99332],[-15.6812,27.9931],[-15.67895,27.99355],[-15.6787,27.99505],[-15.67764,27.996],[-15.67788,27.99715],[-15.67649,27.99642],[-15.67607,27.99681],[-15.67631,27.99759],[-15.67604,27.99815],[-15.67551,27.99856],[-15.67448,27.99835],[-15.67404,28.00054],[-15.67363,28.00113],[-15.67102,28.0013],[-15.67101,28.00191],[-15.67211,28.00276],[-15.6698,28.00453],[-15.66835,28.0039],[-15.66679,28.00471],[-15.66546,28.00407],[-15.6638,28.00476],[-15.66291,28.00395],[-15.66109,28.0043],[-15.65826,28.00227],[-15.65717,28.00187],[-15.65646,28.00215],[-15.65545,28.00169],[-15.65426,28.00207],[-15.65205,28.00155],[-15.65069,28.00171],[-15.64969,28.00142],[-15.64863,28.00246],[-15.64539,28.00175],[-15.6414,28.00384],[-15.63967,28.00348],[-15.63831,28.00372],[-15.63777,28.00487],[-15.63606,28.00587],[-15.63562,28.00665],[-15.63361,28.00827],[-15.6334,28.00922],[-15.63221,28.0095],[-15.63082,28.01047],[-15.62861,28.01126],[-15.626,28.01378],[-15.62521,28.01412],[-15.6249,28.01555],[-15.62297,28.01735],[-15.6216,28.01768],[-15.62046,28.01698],[-15.61974,28.01707],[-15.61858,28.01655],[-15.61833,28.01687],[-15.61768,28.01664],[-15.61744,28.01614],[-15.61645,28.01636],[-15.61598,28.01616],[-15.61555,28.01655],[-15.61329,28.01707],[-15.61383,28.01866],[-15.61555,28.01938],[-15.61863,28.02178],[-15.62218,28.02625],[-15.62387,28.02735],[-15.62914,28.02871],[-15.63124,28.02968],[-15.63322,28.02919],[-15.63425,28.0297],[-15.63517,28.02956],[-15.63553,28.03011],[-15.63683,28.03048],[-15.63749,28.03138],[-15.63898,28.03221],[-15.64163,28.03266],[-15.64189,28.03303],[-15.64332,28.0334],[-15.64544,28.03496],[-15.64668,28.03505],[-15.64694,28.03564],[-15.64797,28.03632],[-15.6479,28.03678],[-15.64914,28.03715],[-15.64971,28.03819],[-15.65104,28.03931],[-15.65123,28.03999],[-15.65291,28.04036],[-15.65314,28.04075],[-15.65278,28.04197],[-15.65415,28.04242],[-15.65471,28.04353],[-15.6565,28.04407],[-15.65682,28.04357],[-15.65811,28.04335],[-15.65849,28.04418],[-15.65994,28.04437],[-15.66095,28.04553],[-15.66262,28.0449],[-15.66512,28.04555],[-15.66595,28.047],[-15.66801,28.04821],[-15.66914,28.04909],[-15.66921,28.0495],[-15.67012,28.04818],[-15.67107,28.04805],[-15.67145,28.04901],[-15.67419,28.0513],[-15.6756,28.05348],[-15.67846,28.05417],[-15.67975,28.05511],[-15.68015,28.05599],[-15.68373,28.05342],[-15.68556,28.05106],[-15.6874,28.04983],[-15.68934,28.04764],[-15.69287,28.04935],[-15.69361,28.05056],[-15.69548,28.05233],[-15.69626,28.05202],[-15.69914,28.05],[-15.70078,28.04784],[-15.70331,28.04603],[-15.7036,28.04521],[-15.70563,28.04392],[-15.70626,28.04299],[-15.70872,28.04261],[-15.70824,28.04171],[-15.70832,28.04093],[-15.70904,28.04045],[-15.71151,28.03985],[-15.71443,28.03767],[-15.71477,28.03412],[-15.71665,28.03294],[-15.72501,28.02956],[-15.73299,28.02898],[-15.73359,28.02932],[-15.73431,28.02906],[-15.73598,28.02918],[-15.73702,28.02886],[-15.73853,28.02955],[-15.73952,28.02923],[-15.74089,28.02931],[-15.74201,28.02998],[-15.74245,28.03068],[-15.74242,28.0319],[-15.74405,28.03175],[-15.74425,28.0328],[-15.74301,28.03352],[-15.74325,28.03409],[-15.74227,28.03438],[-15.74244,28.03518],[-15.74192,28.03632],[-15.74222,28.03698],[-15.74498,28.03842],[-15.74466,28.04124],[-15.74589,28.04347],[-15.7467,28.04331],[-15.74745,28.04412],[-15.74844,28.04606],[-15.7486,28.04701],[-15.74849,28.04767],[-15.7457,28.04973],[-15.74605,28.05094],[-15.74638,28.05102],[-15.75048,28.0497],[-15.75082,28.04919],[-15.75067,28.0487],[-15.75191,28.04779],[-15.75335,28.04725],[-15.75504,28.0474],[-15.75686,28.04616],[-15.75946,28.04561],[-15.76029,28.04508],[-15.76204,28.04505],[-15.76377,28.04637],[-15.7654,28.04622],[-15.76661,28.04514],[-15.76776,28.04311],[-15.76756,28.04119],[-15.76843,28.03992],[-15.76775,28.03727],[-15.76799,28.03684],[-15.7691,28.03645],[-15.77055,28.03416],[-15.77183,28.03378],[-15.77212,28.03341],[-15.77188,28.0333],[-15.77189,28.03251],[-15.77247,28.03237],[-15.77285,28.03183]]]]}},{"type":"Feature","properties":{"name":"Valsequillo de Gran Canaria"},"geometry":{"type":"MultiPolygon","coordinates":[[[[-15.55428,27.95422],[-15.55129,27.95144],[-15.55044,27.95137],[-15.55022,27.95081],[-15.5491,27.95057],[-15.54744,27.95092],[-15.54554,27.94972],[-15.54455,27.95009],[-15.5433,27.95005],[-15.54478,27.95097],[-15.5438,27.95197],[-15.54416,27.95253],[-15.54499,27.95292],[-15.54542,27.95367],[-15.5445,27.9534],[-15.54254,27.95374],[-15.54439,27.95505],[-15.54389,27.95545],[-15.54203,27.95541],[-15.54226,27.95599],[-15.54146,27.95649],[-15.53988,27.95641],[-15.5355,27.95515],[-15.53244,27.95661],[-15.53161,27.95497],[-15.53015,27.95479],[-15.52878,27.95388],[-15.5276,27.9538],[-15.52651,27.95309],[-15.5259,27.95308],[-15.52461,27.95358],[-15.52253,27.95596],[-15.5212,27.95649],[-15.51967,27.95782],[-15.51843,27.9584],[-15.51766,27.95958],[-15.51115,27.95924],[-15.51021,27.96007],[-15.50877,27.96013],[-15.50856,27.96041],[-15.50885,27.96088],[-15.50751,27.96195],[-15.50732,27.96278],[-15.50685,27.96314],[-15.50502,27.96364],[-15.50413,27.96423],[-15.50267,27.9643],[-15.50151,27.96375],[-15.49983,27.96381],[-15.49777,27.96462],[-15.49717,27.96549],[-15.49611,27.96574],[-15.4961,27.96647],[-15.49501,27.96636],[-15.49326,27.9681],[-15.49246,27.9677],[-15.49192,27.96802],[-15.49174,27.96861],[-15.49044,27.96911],[-15.49057,27.96955],[-15.48922,27.97067],[-15.48826,27.97088],[-15.48832,27.97141],[-15.48779,27.97167],[-15.48752,27.9727],[-15.48697,27.97297],[-15.48652,27.97478],[-15.48472,27.97667],[-15.484,27.97827],[-15.48171,27.97796],[-15.48063,27.9786],[-15.47888,27.9786],[-15.478,27.97929],[-15.47615,27.9787],[-15.47468,27.97954],[-15.47401,27.97942],[-15.47348,27.98002],[-15.47347,27.98063],[-15.47217,27.98064],[-15.4719,27.98124],[-15.47091,27.98112],[-15.46968,27.98165],[-15.46765,27.98101],[-15.46605,27.98218],[-15.46553,27.98303],[-15.46466,27.98287],[-15.46321,27.98337],[-15.46266,27.98466],[-15.46327,27.98536],[-15.46322,27.98592],[-15.46274,27.9865],[-15.46144,27.98718],[-15.46194,27.98838],[-15.46267,27.98848],[-15.46286,27.98881],[-15.4625,27.99001],[-15.46024,27.99057],[-15.45963,27.99145],[-15.45863,27.99162],[-15.45827,27.99212],[-15.45952,27.99361],[-15.45954,27.99551],[-15.46053,27.99633],[-15.46058,27.99723],[-15.46165,27.99765],[-15.46159,27.99983],[-15.46184,28.00028],[-15.46133,28.00175],[-15.46176,28.0023],[-15.46102,28.00435],[-15.46147,28.00477],[-15.46138,28.00515],[-15.46082,28.00607],[-15.46215,28.00708],[-15.4649,28.00778],[-15.46584,28.00844],[-15.46944,28.0083],[-15.47066,28.00874],[-15.47338,28.00862],[-15.47501,28.008],[-15.47896,28.00735],[-15.48158,28.00725],[-15.48309,28.00652],[-15.48502,28.00689],[-15.48679,28.00812],[-15.4875,28.00787],[-15.4877,28.00873],[-15.48843,28.00866],[-15.48887,28.00968],[-15.4905,28.01045],[-15.48953,28.01234],[-15.49205,28.01272],[-15.49432,28.01404],[-15.49622,28.0137],[-15.49711,28.0132],[-15.49741,28.01343],[-15.49789,28.01307],[-15.49853,28.01327],[-15.49957,28.01257],[-15.50049,28.0129],[-15.50173,28.01272],[-15.50183,28.01328],[-15.50301,28.01347],[-15.50523,28.01453],[-15.50675,28.0138],[-15.50867,28.01365],[-15.50948,28.01393],[-15.5109,28.01142],[-15.51196,28.00861],[-15.51384,28.0069],[-15.51384,28.00605],[-15.51454,28.00466],[-15.51715,28.00374],[-15.51931,28.00141],[-15.52039,28.00144],[-15.5216,28.0021],[-15.5241,28.00156],[-15.5265,28.00268],[-15.52747,28.00189],[-15.5288,28.00001],[-15.52956,28.0],[-15.53205,27.99836],[-15.53578,27.99885],[-15.537,27.99847],[-15.5386,27.99711],[-15.53977,27.99664],[-15.54069,27.9952],[-15.54589,27.99216],[-15.54706,27.99017],[-15.54875,27.98937],[-15.54997,27.98571],[-15.5501,27.98424],[-15.54798,27.9789],[-15.54831,27.97263],[-15.54902,27.96898],[-15.5491,27.96376],[-15.55091,27.96152],[-15.55244,27.95806],[-15.55286,27.95632],[-15.55428,27.95422]]]]}},{"type":"Feature","properties":{"name":"Puntagorda"},"geometry":{"type":"MultiPolygon","coordinates":[[[[-18.00507,28.76035],[-18.0057,28.76054],[-18.00577,28.76034],[-18.00555,28.76006],[-18.00507,28.76035]]],[[[-17.98802,28.79566],[-17.99044,28.79506],[-17.99081,28.79522],[-17.9906,28.79566],[-17.99086,28.7958],[-17.99103,28.79522],[-17.99177,28.795],[-17.99297,28.7951],[-17.99497,28.79602],[-17.99578,28.79491],[-17.99535,28.79383],[-17.9965,28.79232],[-17.99631,28.79],[-17.99826,28.7886],[-17.99854,28.7875],[-17.99977,28.78702],[-18.0001,28.78652],[-18.00149,28.78613],[-18.00268,28.78617],[-18.00305,28.78653],[-18.00332,28.78641],[-18.00302,28.78586],[-18.00336,28.78533],[-18.00518,28.78448],[-18.00572,28.78457],[-18.00569,28.78432],[-18.00493,28.78417],[-18.00459,28.78355],[-18.00537,28.78267],[-18.00507,28.78255],[-18.00539,28.78151],[-18.00569,28.78138],[-18.00538,28.78111],[-18.00577,28.78023],[-18.00612,28.77679],[-18.00673,28.77607],[-18.00605,28.77155],[-18.00639,28.76983],[-18.00564,28.768],[-18.00585,28.76786],[-18.00518,28.76758],[-18.00516,28.76716],[-18.00598,28.76709],[-18.00598,28.76683],[-18.00466,28.76634],[-18.00387,28.76517],[-18.0035,28.76317],[-18.00408,28.7616],[-18.0041,28.7606],[-18.00485,28.75998],[-18.00494,28.7595],[-18.00667,28.75865],[-18.00714,28.75792],[-18.00626,28.7567],[-18.00506,28.75577],[-18.00529,28.75557],[-18.00477,28.75463],[-18.00481,28.75399],[-18.00513,28.75393],[-18.0046,28.75358],[-18.00486,28.75314],[-18.00265,28.75298],[-18.00076,28.75185],[-18.0007,28.75145],[-18.00147,28.75064],[-18.00147,28.75013],[-18.00044,28.74955],[-18.00068,28.74758],[-18.00047,28.7473],[-17.99848,28.74619],[-17.99849,28.74578],[-17.99594,28.74515],[-17.99559,28.74483],[-17.99553,28.74404],[-17.99446,28.74395],[-17.99386,28.74258],[-17.99314,28.74212],[-17.99336,28.74108],[-17.99258,28.74029],[-17.9912,28.7417],[-17.99004,28.74199],[-17.98913,28.74418],[-17.98637,28.74473],[-17.9836,28.74474],[-17.98319,28.74535],[-17.97997,28.74584],[-17.97894,28.7459],[-17.9785,28.74517],[-17.9775,28.74494],[-17.97446,28.74576],[-17.97039,28.74623],[-17.96934,28.74691],[-17.96723,28.75013],[-17.96602,28.75059],[-17.96538,28.74984],[-17.96432,28.74938],[-17.96119,28.74972],[-17.95942,28.74935],[-17.95868,28.74946],[-17.95815,28.74999],[-17.95463,28.75049],[-17.9536,28.75027],[-17.95176,28.74655],[-17.9489,28.74695],[-17.94672,28.74657],[-17.94434,28.74695],[-17.94309,28.74641],[-17.94199,28.74646],[-17.94033,28.74549],[-17.93719,28.74499],[-17.93538,28.74518],[-17.93202,28.74443],[-17.93048,28.74345],[-17.9279,28.74295],[-17.92397,28.74309],[-17.92245,28.74274],[-17.91865,28.7427],[-17.91682,28.74231],[-17.91504,28.74143],[-17.91199,28.74122],[-17.91085,28.74055],[-17.90658,28.7404],[-17.90476,28.74133],[-17.90278,28.74148],[-17.90019,28.74063],[-17.89995,28.74174],[-17.89912,28.74285],[-17.89772,28.7435],[-17.89586,28.74501],[-17.89585,28.7475],[-17.89265,28.74849],[-17.89248,28.74927],[-17.89017,28.75039],[-17.89171,28.75177],[-17.89574,28.75405],[-17.89923,28.7544],[-17.90055,28.75528],[-17.90188,28.75427],[-17.90242,28.75419],[-17.90354,28.75461],[-17.90544,28.75467],[-17.90797,28.75414],[-17.91047,28.75437],[-17.91671,28.75166],[-17.91752,28.7516],[-17.91809,28.75178],[-17.9189,28.75269],[-17.92141,28.75322],[-17.92214,28.75368],[-17.92643,28.75811],[-17.92802,28.75795],[-17.93288,28.76126],[-17.93343,28.76336],[-17.93496,28.76432],[-17.9356,28.76596],[-17.93615,28.76631],[-17.93777,28.76514],[-17.93841,28.76524],[-17.94006,28.76664],[-17.94069,28.7667],[-17.94157,28.76614],[-17.94336,28.76724],[-17.94461,28.76644],[-17.94727,28.76668],[-17.94878,28.7664],[-17.95273,28.76788],[-17.95373,28.76918],[-17.95441,28.76929],[-17.95531,28.76894],[-17.95509,28.76979],[-17.95535,28.77018],[-17.95647,28.76968],[-17.95724,28.76975],[-17.95773,28.7702],[-17.95784,28.7715],[-17.95925,28.77123],[-17.96151,28.77202],[-17.96315,28.77331],[-17.96349,28.77435],[-17.96483,28.77465],[-17.96522,28.77511],[-17.96521,28.77616],[-17.96581,28.77701],[-17.96952,28.77835],[-17.96954,28.78013],[-17.96984,28.78042],[-17.97202,28.78139],[-17.97333,28.78134],[-17.97404,28.78238],[-17.97512,28.78537],[-17.97567,28.78597],[-17.97748,28.78603],[-17.97742,28.78714],[-17.98036,28.78867],[-17.98123,28.7898],[-17.98073,28.7915],[-17.98205,28.79253],[-17.98225,28.79381],[-17.98358,28.79392],[-17.98406,28.79476],[-17.9845,28.79494],[-17.98647,28.79469],[-17.98802,28.79566]]],[[[-18.00737,28.77148],[-18.00781,28.77145],[-18.00726,28.77125],[-18.00737,28.77148]]]]}},{"type":"Feature","properties":{"name":"Arrecife"},"geometry":{"type":"MultiPolygon","coordinates":[[[[-13.54936,28.95288],[-13.54974,28.95257],[-13.54675,28.95285],[-13.5445,28.95269],[-13.54389,28.9531],[-13.54367,28.95383],[-13.54406,28.95414],[-13.54529,28.9532],[-13.54579,28.95379],[-13.54744,28.95431],[-13.54777,28.95543],[-13.54706,28.95607],[-13.54731,28.95733],[-13.54699,28.95772],[-13.54747,28.9581],[-13.54815,28.95737],[-13.5489,28.95709],[-13.54978,28.95577],[-13.54961,28.95531],[-13.54847,28.95482],[-13.54807,28.95354],[-13.54936,28.95288]]],[[[-13.55341,28.95474],[-13.55472,28.9553],[-13.55508,28.95491],[-13.55416,28.95392],[-13.55205,28.95478],[-13.55341,28.95474]]],[[[-13.5156,28.98122],[-13.54454,28.98237],[-13.54584,28.98292],[-13.54692,28.98295],[-13.54845,28.98382],[-13.54922,28.98443],[-13.54982,28.98573],[-13.55074,28.98646],[-13.55159,28.98794],[-13.55153,28.98903],[-13.55266,28.9892],[-13.55222,28.99002],[-13.5517,28.99018],[-13.552,28.99151],[-13.55428,28.9941],[-13.55411,28.99782],[-13.55377,28.9986],[-13.55266,28.99972],[-13.55267,29.0006],[-13.55159,29.0025],[-13.55181,29.00357],[-13.55426,29.00309],[-13.55608,29.00542],[-13.5566,29.00702],[-13.56136,29.00534],[-13.56696,29.00566],[-13.574,29.00352],[-13.57611,29.00186],[-13.57716,29.00295],[-13.58929,29.00389],[-13.58364,28.95177],[-13.58309,28.952],[-13.5828,28.9529],[-13.58165,28.95342],[-13.58094,28.95278],[-13.5788,28.95303],[-13.57623,28.95207],[-13.57571,28.95252],[-13.57583,28.95422],[-13.57491,28.95479],[-13.57192,28.95437],[-13.57161,28.95398],[-13.57169,28.95333],[-13.57107,28.95441],[-13.56925,28.954],[-13.56611,28.95438],[-13.56349,28.9559],[-13.55952,28.95623],[-13.55928,28.95656],[-13.55979,28.95748],[-13.5594,28.95809],[-13.55887,28.95824],[-13.5579,28.9582],[-13.55727,28.95748],[-13.55626,28.95767],[-13.55504,28.95741],[-13.55498,28.95666],[-13.55341,28.95676],[-13.55344,28.95718],[-13.55203,28.95727],[-13.55127,28.95693],[-13.54682,28.95884],[-13.54517,28.95997],[-13.54498,28.95919],[-13.54401,28.9588],[-13.54528,28.95807],[-13.54579,28.95728],[-13.54399,28.95765],[-13.54322,28.95689],[-13.54293,28.95697],[-13.54129,28.95848],[-13.54084,28.95948],[-13.53967,28.95987],[-13.53574,28.96557],[-13.5341,28.96481],[-13.5325,28.96728],[-13.53376,28.96807],[-13.53575,28.96616],[-13.53655,28.96576],[-13.53722,28.96584],[-13.53799,28.96401],[-13.54041,28.96063],[-13.53981,28.9603],[-13.54065,28.95974],[-13.5413,28.96077],[-13.5421,28.96114],[-13.54255,28.96242],[-13.541,28.96342],[-13.54128,28.96375],[-13.54048,28.96452],[-13.53964,28.96452],[-13.53961,28.96621],[-13.53716,28.96803],[-13.53735,28.96823],[-13.5363,28.96909],[-13.53659,28.96937],[-13.53629,28.96976],[-13.53322,28.97054],[-13.53151,28.97319],[-13.53071,28.97303],[-13.52963,28.9733],[-13.52965,28.97235],[-13.53004,28.97197],[-13.53108,28.96843],[-13.53068,28.96854],[-13.53022,28.96718],[-13.52879,28.97135],[-13.52671,28.97184],[-13.5263,28.97153],[-13.52854,28.96426],[-13.52812,28.96416],[-13.52514,28.97344],[-13.52515,28.97557],[-13.52426,28.97523],[-13.52395,28.97541],[-13.52417,28.97576],[-13.52312,28.97634],[-13.52325,28.97687],[-13.52255,28.97692],[-13.52219,28.97611],[-13.52056,28.97457],[-13.52011,28.97448],[-13.51727,28.97648],[-13.51632,28.97672],[-13.51611,28.97781],[-13.5153,28.9793],[-13.5156,28.98122]]]]}},{"type":"Feature","properties":{"name":"Antigua"},"geometry":{"type":"MultiPolygon","coordinates":[[[[-14.05965,28.37793],[-14.05903,28.37705],[-13.98044,28.33494],[-13.92163,28.25203],[-13.92192,28.25039],[-13.91713,28.25214],[-13.91843,28.2534],[-13.91852,28.2544],[-13.91822,28.25497],[-13.91549,28.25616],[-13.91554,28.25679],[-13.91402,28.25992],[-13.91517,28.26126],[-13.91513,28.26208],[-13.91439,28.26273],[-13.91389,28.26378],[-13.91417,28.2642],[-13.91399,28.2651],[-13.91236,28.2659],[-13.91268,28.26651],[-13.91197,28.26776],[-13.91212,28.26809],[-13.91166,28.26823],[-13.91166,28.26869],[-13.91119,28.26904],[-13.91136,28.26989],[-13.91062,28.27076],[-13.90968,28.2712],[-13.90952,28.27157],[-13.90995,28.27162],[-13.91049,28.27243],[-13.91047,28.27306],[-13.90985,28.27393],[-13.90771,28.27482],[-13.90651,28.27587],[-13.90512,28.27511],[-13.90429,28.27523],[-13.90411,28.27573],[-13.90343,28.27583],[-13.90273,28.27527],[-13.90205,28.27529],[-13.90195,28.27459],[-13.90152,28.27452],[-13.90065,28.27587],[-13.90074,28.27681],[-13.90147,28.27704],[-13.90196,28.27681],[-13.90305,28.27758],[-13.90228,28.2776],[-13.90223,28.27827],[-13.90171,28.27842],[-13.90106,28.28006],[-13.90011,28.27977],[-13.89958,28.28055],[-13.89993,28.28118],[-13.89965,28.2819],[-13.89922,28.28182],[-13.8996,28.28224],[-13.89894,28.28265],[-13.89896,28.28357],[-13.89849,28.28329],[-13.89851,28.28491],[-13.89738,28.2852],[-13.89788,28.28584],[-13.89732,28.28636],[-13.89747,28.28732],[-13.89686,28.2874],[-13.89723,28.28795],[-13.89684,28.28817],[-13.89828,28.28887],[-13.89828,28.2896],[-13.89758,28.29095],[-13.89782,28.29171],[-13.89824,28.29195],[-13.89813,28.29258],[-13.89915,28.29379],[-13.89878,28.29475],[-13.90002,28.295],[-13.90012,28.2957],[-13.90124,28.29573],[-13.90166,28.29635],[-13.90315,28.29718],[-13.90312,28.29843],[-13.90224,28.29949],[-13.90331,28.30055],[-13.90296,28.30305],[-13.90226,28.30407],[-13.90154,28.30436],[-13.9004,28.30427],[-13.89984,28.30479],[-13.89963,28.30564],[-13.89987,28.30606],[-13.89942,28.30649],[-13.89967,28.3069],[-13.89901,28.30796],[-13.89917,28.30864],[-13.89818,28.312],[-13.89702,28.31261],[-13.89654,28.31323],[-13.89399,28.31417],[-13.89406,28.31495],[-13.89458,28.31543],[-13.89362,28.31592],[-13.89348,28.31619],[-13.89386,28.31677],[-13.8935,28.31727],[-13.89484,28.31899],[-13.89606,28.31983],[-13.896,28.32062],[-13.89533,28.32128],[-13.89567,28.32262],[-13.89464,28.32487],[-13.8936,28.32509],[-13.88835,28.32448],[-13.88603,28.32544],[-13.88637,28.32759],[-13.88363,28.33002],[-13.88366,28.33055],[-13.88406,28.33081],[-13.88574,28.33131],[-13.88596,28.33206],[-13.88314,28.33575],[-13.88103,28.33691],[-13.88053,28.33679],[-13.87914,28.33802],[-13.87896,28.33917],[-13.8784,28.33984],[-13.87876,28.34016],[-13.87817,28.34086],[-13.87821,28.3414],[-13.87888,28.34172],[-13.87935,28.343],[-13.87858,28.34396],[-13.87908,28.34438],[-13.87854,28.34484],[-13.87869,28.34535],[-13.87654,28.3475],[-13.87695,28.34764],[-13.87655,28.34938],[-13.87714,28.35085],[-13.87658,28.35226],[-13.87727,28.35366],[-13.87819,28.35447],[-13.87822,28.355],[-13.87786,28.35548],[-13.87611,28.35612],[-13.87639,28.35627],[-13.87612,28.3573],[-13.8743,28.35933],[-13.87332,28.36132],[-13.87207,28.36207],[-13.8718,28.3642],[-13.8722,28.36529],[-13.8714,28.36568],[-13.87085,28.36551],[-13.86993,28.36376],[-13.8696,28.36354],[-13.86944,28.36374],[-13.86865,28.36818],[-13.86924,28.36978],[-13.868,28.37067],[-13.86645,28.37309],[-13.8661,28.3768],[-13.86541,28.37882],[-13.86528,28.38025],[-13.86446,28.38151],[-13.86369,28.38495],[-13.86314,28.38536],[-13.86327,28.38603],[-13.86262,28.38592],[-13.86283,28.38666],[-13.86208,28.38726],[-13.86138,28.38688],[-13.8615,28.3865],[-13.86103,28.38671],[-13.86086,28.38688],[-13.86203,28.3875],[-13.86208,28.38794],[-13.86057,28.38936],[-13.85979,28.38894],[-13.85938,28.39019],[-13.86008,28.39219],[-13.86002,28.39291],[-13.8587,28.39441],[-13.85708,28.39493],[-13.85619,28.39464],[-13.85619,28.39372],[-13.85487,28.39198],[-13.85633,28.39149],[-13.85617,28.39132],[-13.85442,28.39195],[-13.85353,28.39192],[-13.85319,28.39233],[-13.85304,28.39374],[-13.85244,28.39451],[-13.85244,28.39506],[-13.8526,28.39581],[-13.85339,28.39588],[-13.85318,28.39632],[-13.85375,28.39739],[-13.85351,28.39827],[-13.85241,28.3987],[-13.85206,28.39955],[-13.85232,28.40024],[-13.85212,28.40059],[-13.84992,28.40049],[-13.84985,28.40073],[-13.84992,28.40132],[-13.85211,28.40206],[-13.85274,28.40255],[-13.85281,28.40307],[-13.85228,28.40359],[-13.85217,28.40432],[-13.85104,28.40496],[-13.85063,28.40615],[-13.84893,28.40882],[-13.84863,28.40999],[-13.84925,28.41139],[-13.84924,28.41415],[-13.84978,28.41475],[-13.85043,28.41654],[-13.85151,28.41796],[-13.85097,28.41947],[-13.85121,28.42019],[-13.8501,28.42129],[-13.85464,28.42332],[-13.90013,28.43276],[-13.90389,28.43603],[-13.90587,28.43714],[-13.91268,28.43929],[-13.92146,28.44062],[-13.92361,28.44199],[-13.92622,28.44442],[-13.93732,28.44937],[-13.93965,28.45076],[-13.9405,28.4509],[-13.94218,28.45237],[-13.94533,28.45429],[-13.95028,28.45485],[-13.9538,28.45458],[-13.96014,28.45165],[-13.9646,28.45178],[-13.96715,28.4499],[-13.96931,28.44979],[-13.97272,28.45024],[-13.9747,28.45012],[-13.97539,28.45188],[-13.97752,28.45358],[-13.98106,28.45271],[-13.98382,28.45067],[-13.98659,28.4496],[-13.99051,28.44895],[-13.99392,28.44956],[-13.9997,28.44902],[-14.00209,28.44785],[-14.00583,28.44702],[-14.01131,28.44774],[-14.01287,28.44757],[-14.01665,28.44804],[-14.01707,28.44995],[-14.02072,28.44857],[-14.02295,28.4489],[-14.02592,28.44851],[-14.02787,28.44764],[-14.02962,28.44633],[-14.03243,28.44552],[-14.03603,28.44541],[-14.03994,28.44376],[-14.04347,28.44295],[-14.04484,28.44054],[-14.04738,28.43833],[-14.04712,28.43679],[-14.04742,28.43554],[-14.04677,28.43124],[-14.04479,28.42671],[-14.04533,28.42405],[-14.04522,28.41998],[-14.04583,28.41897],[-14.04519,28.41656],[-14.04509,28.41152],[-14.04442,28.40956],[-14.04517,28.40794],[-14.0451,28.40571],[-14.04657,28.40449],[-14.04813,28.40114],[-14.05045,28.39944],[-14.05076,28.39789],[-14.05162,28.3968],[-14.05288,28.39408],[-14.05412,28.39291],[-14.05595,28.39202],[-14.05715,28.39097],[-14.05729,28.38991],[-14.05801,28.38874],[-14.05807,28.38699],[-14.05929,28.38458],[-14.06007,28.38194],[-14.06016,28.38138],[-14.05964,28.37997],[-14.05965,28.37793]]]]}},{"type":"Feature","properties":{"name":"La Aldea de San Nicolás"},"geometry":{"type":"MultiPolygon","coordinates":[[[[-15.77285,28.03183],[-15.77465,28.03006],[-15.77618,28.03012],[-15.77622,28.02932],[-15.77678,28.02906],[-15.777,28.02838],[-15.77758,28.0287],[-15.77884,28.0282],[-15.77892,28.02762],[-15.77953,28.02721],[-15.77922,28.02677],[-15.78025,28.02496],[-15.78234,28.02418],[-15.78419,28.02284],[-15.78523,28.02279],[-15.78517,28.02213],[-15.78631,28.02113],[-15.78725,28.02114],[-15.78814,28.02045],[-15.78836,28.02094],[-15.78884,28.02109],[-15.79013,28.01923],[-15.79073,28.0191],[-15.79095,28.01983],[-15.79178,28.01938],[-15.79246,28.01942],[-15.79185,28.01897],[-15.79195,28.01852],[-15.79305,28.0188],[-15.79329,28.0182],[-15.79422,28.01836],[-15.7951,28.01772],[-15.79587,28.0177],[-15.79862,28.0167],[-15.8007,28.01678],[-15.8006,28.01711],[-15.80103,28.01721],[-15.80315,28.01625],[-15.80476,28.01616],[-15.80546,28.01551],[-15.80693,28.01571],[-15.8072,28.01623],[-15.80811,28.01642],[-15.80874,28.01726],[-15.81058,28.01717],[-15.81154,28.01758],[-15.81281,28.01712],[-15.81286,28.01674],[-15.81365,28.01684],[-15.81424,28.01736],[-15.81649,28.01573],[-15.81902,28.01513],[-15.82,28.01434],[-15.82178,28.01416],[-15.82283,28.01362],[-15.82302,28.01336],[-15.82264,28.01282],[-15.82144,28.012],[-15.82119,28.01131],[-15.82,28.01061],[-15.81993,28.00974],[-15.81881,28.00942],[-15.81876,28.00904],[-15.81956,28.00845],[-15.81897,28.00697],[-15.8194,28.00574],[-15.81901,28.00568],[-15.81874,28.00662],[-15.81788,28.0066],[-15.81746,28.006],[-15.81742,28.0048],[-15.81924,28.00031],[-15.81969,27.99984],[-15.82045,27.99988],[-15.82138,27.99835],[-15.82104,27.99718],[-15.82148,27.99675],[-15.82094,27.99644],[-15.82112,27.99576],[-15.82078,27.99428],[-15.82193,27.99336],[-15.82301,27.99322],[-15.82257,27.99263],[-15.82272,27.99216],[-15.82217,27.99165],[-15.82249,27.99089],[-15.82225,27.99037],[-15.8231,27.98788],[-15.82405,27.98669],[-15.82573,27.98544],[-15.82626,27.98605],[-15.82681,27.98616],[-15.82746,27.9857],[-15.82701,27.9849],[-15.8266,27.98484],[-15.82637,27.98384],[-15.82656,27.98271],[-15.82731,27.98158],[-15.82723,27.98054],[-15.82917,27.97918],[-15.82987,27.9774],[-15.8315,27.97678],[-15.83129,27.97638],[-15.83184,27.97615],[-15.83189,27.97548],[-15.83324,27.97478],[-15.83357,27.9729],[-15.83331,27.97214],[-15.83439,27.97112],[-15.8342,27.97057],[-15.83446,27.9702],[-15.83319,27.96735],[-15.83367,27.96657],[-15.83334,27.96508],[-15.83284,27.96432],[-15.83305,27.96205],[-15.8339,27.96136],[-15.83325,27.96028],[-15.83346,27.95974],[-15.83307,27.95922],[-15.83245,27.95872],[-15.83135,27.95855],[-15.83076,27.95797],[-15.83024,27.95555],[-15.83089,27.95435],[-15.83091,27.95292],[-15.82949,27.95065],[-15.82847,27.94972],[-15.82793,27.94696],[-15.82817,27.94135],[-15.82929,27.94034],[-15.82941,27.93944],[-15.83012,27.93827],[-15.8295,27.93792],[-15.82944,27.93748],[-15.82979,27.93676],[-15.82938,27.9359],[-15.83015,27.93473],[-15.82989,27.9343],[-15.83015,27.93386],[-15.82971,27.93343],[-15.82952,27.93088],[-15.83045,27.92935],[-15.83156,27.92833],[-15.83122,27.92802],[-15.83086,27.92652],[-15.83136,27.92579],[-15.83151,27.92367],[-15.83211,27.92286],[-15.83338,27.92235],[-15.83403,27.92114],[-15.83438,27.91932],[-15.83456,27.91529],[-15.83317,27.91267],[-15.83312,27.91006],[-15.83206,27.90909],[-15.83161,27.90778],[-15.83074,27.9069],[-15.82968,27.90652],[-15.82898,27.90668],[-15.82814,27.9061],[-15.82592,27.90098],[-15.82413,27.89993],[-15.82267,27.89724],[-15.82181,27.89677],[-15.8213,27.89578],[-15.81949,27.89421],[-15.81912,27.89348],[-15.81806,27.89297],[-15.8178,27.89079],[-15.81549,27.88849],[-15.81458,27.88521],[-15.8133,27.88277],[-15.81231,27.87892],[-15.81099,27.87784],[-15.81097,27.8768],[-15.81057,27.87606],[-15.81023,27.87603],[-15.8086,27.87383],[-15.8064,27.87221],[-15.80262,27.8653],[-15.80215,27.8632],[-15.80135,27.8623],[-15.8012,27.86136],[-15.80152,27.86078],[-15.80103,27.86095],[-15.80001,27.85985],[-15.79968,27.86001],[-15.79923,27.85908],[-15.79782,27.8605],[-15.79725,27.86163],[-15.79671,27.86217],[-15.79636,27.86212],[-15.79567,27.86303],[-15.79191,27.86508],[-15.79053,27.86509],[-15.78944,27.8661],[-15.784,27.86821],[-15.78148,27.86824],[-15.77992,27.87081],[-15.77741,27.8736],[-15.77712,27.87496],[-15.77462,27.87605],[-15.77325,27.87795],[-15.77246,27.87957],[-15.77113,27.88413],[-15.76967,27.88569],[-15.76843,27.888],[-15.76853,27.88854],[-15.76632,27.89012],[-15.7656,27.89201],[-15.76402,27.89305],[-15.76369,27.8938],[-15.76242,27.89474],[-15.76077,27.8984],[-15.75801,27.9011],[-15.75632,27.90186],[-15.7556,27.90181],[-15.75255,27.90269],[-15.75242,27.90468],[-15.75158,27.9058],[-15.75124,27.90689],[-15.75185,27.90886],[-15.75134,27.9101],[-15.75132,27.91199],[-15.75333,27.91341],[-15.75495,27.91384],[-15.75413,27.91572],[-15.75327,27.91662],[-15.75285,27.91935],[-15.75135,27.9208],[-15.75085,27.92249],[-15.74947,27.924],[-15.74712,27.92556],[-15.74381,27.92917],[-15.74089,27.93136],[-15.7404,27.93246],[-15.73842,27.93404],[-15.73461,27.93913],[-15.73548,27.94224],[-15.73533,27.94305],[-15.73574,27.94484],[-15.73653,27.94564],[-15.73613,27.94714],[-15.73743,27.94891],[-15.73726,27.94973],[-15.73807,27.95024],[-15.73857,27.95119],[-15.73828,27.95166],[-15.73855,27.953],[-15.73806,27.95357],[-15.7382,27.95419],[-15.73917,27.95429],[-15.73944,27.95582],[-15.74081,27.95691],[-15.74099,27.95747],[-15.74265,27.95812],[-15.74362,27.95895],[-15.74427,27.96011],[-15.74556,27.96077],[-15.74597,27.96203],[-15.74651,27.96244],[-15.74745,27.96235],[-15.74796,27.96268],[-15.74795,27.96476],[-15.7473,27.96544],[-15.74733,27.96611],[-15.74834,27.96683],[-15.74845,27.9673],[-15.74828,27.97224],[-15.74785,27.97517],[-15.74833,27.97678],[-15.74826,27.97828],[-15.74753,27.97915],[-15.74749,27.98056],[-15.7483,27.98335],[-15.74869,27.98381],[-15.74838,27.98521],[-15.75106,27.9872],[-15.74959,27.98801],[-15.75012,27.98875],[-15.74842,27.9916],[-15.74877,27.99286],[-15.74831,27.99393],[-15.74853,27.99469],[-15.74807,27.99681],[-15.74814,27.9996],[-15.7474,28.00103],[-15.74782,28.00281],[-15.74761,28.00389],[-15.74675,28.00444],[-15.74643,28.00525],[-15.74673,28.00644],[-15.74743,28.00707],[-15.74846,28.00947],[-15.74829,28.01142],[-15.74854,28.01221],[-15.74901,28.01256],[-15.74836,28.01389],[-15.74965,28.0162],[-15.7513,28.01723],[-15.75301,28.01909],[-15.755,28.02026],[-15.7572,28.02223],[-15.75821,28.02251],[-15.75899,28.02368],[-15.75832,28.02421],[-15.75832,28.0249],[-15.76519,28.02569],[-15.76518,28.02646],[-15.76636,28.0283],[-15.76784,28.02861],[-15.76831,28.02935],[-15.76939,28.02967],[-15.77285,28.03183]]],[[[-15.79412,28.01867],[-15.79392,28.01935],[-15.7943,28.01926],[-15.79412,28.01867]]],[[[-15.77809,28.02858],[-15.7778,28.02877],[-15.77821,28.02895],[-15.77831,28.02853],[-15.77809,28.02858]]]]}},{"type":"Feature","properties":{"name":"Valle Gran Rey"},"geometry":{"type":"MultiPolygon","coordinates":[[[[-17.3296,28.08089],[-17.32735,28.08257],[-17.32722,28.08381],[-17.32561,28.08398],[-17.32616,28.0861],[-17.32598,28.08905],[-17.32499,28.09078],[-17.32491,28.09198],[-17.32394,28.09498],[-17.32264,28.09557],[-17.32014,28.10037],[-17.31642,28.10141],[-17.31448,28.10245],[-17.3135,28.1044],[-17.31193,28.10532],[-17.3116,28.10584],[-17.3102,28.10602],[-17.30889,28.10683],[-17.30693,28.10859],[-17.30517,28.10957],[-17.30186,28.11296],[-17.29977,28.11355],[-17.29907,28.11407],[-17.29903,28.11452],[-17.29425,28.1163],[-17.29379,28.11683],[-17.28814,28.1188],[-17.28786,28.12311],[-17.28701,28.12365],[-17.28608,28.12518],[-17.28493,28.12618],[-17.28426,28.12618],[-17.28263,28.12728],[-17.28126,28.12754],[-17.2794,28.12747],[-17.27783,28.12671],[-17.27542,28.12634],[-17.27324,28.12699],[-17.27182,28.12676],[-17.27021,28.12787],[-17.26688,28.12828],[-17.26585,28.12879],[-17.26822,28.1295],[-17.27196,28.12959],[-17.27756,28.13281],[-17.27945,28.13338],[-17.27991,28.13449],[-17.28159,28.13634],[-17.28146,28.13852],[-17.28504,28.14237],[-17.28547,28.14379],[-17.28807,28.14647],[-17.2932,28.14858],[-17.2958,28.1501],[-17.30655,28.15158],[-17.30741,28.15031],[-17.30982,28.14906],[-17.31005,28.14884],[-17.30983,28.14867],[-17.3146,28.14464],[-17.31693,28.14392],[-17.31769,28.1433],[-17.31919,28.14302],[-17.32027,28.14327],[-17.32667,28.14903],[-17.3314,28.15194],[-17.333,28.15185],[-17.33442,28.15252],[-17.33496,28.1519],[-17.33773,28.15168],[-17.34191,28.1539],[-17.34309,28.15279],[-17.3428,28.15249],[-17.34301,28.15231],[-17.34485,28.15247],[-17.34574,28.15198],[-17.3455,28.15174],[-17.34573,28.15152],[-17.34446,28.15127],[-17.34471,28.15057],[-17.34409,28.14969],[-17.34546,28.14943],[-17.34484,28.14881],[-17.34608,28.14856],[-17.34657,28.14801],[-17.34647,28.14761],[-17.34592,28.14738],[-17.34608,28.14661],[-17.34578,28.14653],[-17.34576,28.14594],[-17.34521,28.14526],[-17.34614,28.14421],[-17.34599,28.14373],[-17.34638,28.14369],[-17.34643,28.14312],[-17.34533,28.14257],[-17.34545,28.14213],[-17.34515,28.14175],[-17.34428,28.14174],[-17.34265,28.14033],[-17.34303,28.13947],[-17.34269,28.13924],[-17.34244,28.13769],[-17.34357,28.13679],[-17.34258,28.13612],[-17.34295,28.1356],[-17.34236,28.13517],[-17.34273,28.13443],[-17.34158,28.13367],[-17.34111,28.13142],[-17.34157,28.12965],[-17.34235,28.12826],[-17.34196,28.12766],[-17.34266,28.12647],[-17.34429,28.12521],[-17.34447,28.12449],[-17.34533,28.12378],[-17.34559,28.12254],[-17.34523,28.12154],[-17.34598,28.12075],[-17.34563,28.11982],[-17.34619,28.11943],[-17.34636,28.11852],[-17.3476,28.11839],[-17.34738,28.11786],[-17.34778,28.11711],[-17.34686,28.11683],[-17.34642,28.11499],[-17.34681,28.11351],[-17.3473,28.11349],[-17.34722,28.11259],[-17.34786,28.11265],[-17.34735,28.11217],[-17.34679,28.1093],[-17.34712,28.10674],[-17.3466,28.10536],[-17.34719,28.10124],[-17.34885,28.09949],[-17.34893,28.09837],[-17.34689,28.09643],[-17.34577,28.09626],[-17.34479,28.09566],[-17.34437,28.09447],[-17.34244,28.0948],[-17.34185,28.09447],[-17.34088,28.093],[-17.3398,28.09022],[-17.3396,28.08875],[-17.33996,28.08806],[-17.33953,28.08707],[-17.33966,28.08607],[-17.33827,28.08541],[-17.33793,28.08443],[-17.33662,28.08391],[-17.33448,28.08223],[-17.33459,28.08125],[-17.3339,28.07976],[-17.33412,28.07943],[-17.33078,28.07788],[-17.33068,28.07807],[-17.33297,28.07914],[-17.33282,28.07938],[-17.33325,28.07958],[-17.33319,28.08045],[-17.3326,28.08078],[-17.3315,28.07998],[-17.33111,28.08017],[-17.33291,28.08142],[-17.33288,28.08208],[-17.33135,28.08261],[-17.3296,28.08089]]]]}},{"type":"Feature","properties":{"name":"El Paso"},"geometry":{"type":"MultiPolygon","coordinates":[[[[-17.92439,28.67523],[-17.92824,28.67232],[-17.92802,28.67179],[-17.92721,28.672],[-17.92683,28.67116],[-17.92517,28.67078],[-17.92396,28.66904],[-17.92418,28.66836],[-17.92343,28.66707],[-17.92249,28.66899],[-17.92163,28.66979],[-17.92137,28.67087],[-17.92078,28.67122],[-17.91948,28.66998],[-17.91938,28.66939],[-17.91795,28.66954],[-17.91456,28.67058],[-17.91243,28.67183],[-17.91125,28.67298],[-17.91014,28.67133],[-17.90924,28.6706],[-17.90448,28.66933],[-17.90527,28.66779],[-17.90503,28.66705],[-17.90394,28.66639],[-17.90302,28.66457],[-17.90086,28.66321],[-17.89838,28.66247],[-17.89653,28.66135],[-17.89295,28.66226],[-17.89125,28.66181],[-17.89103,28.66121],[-17.89038,28.66088],[-17.89038,28.66019],[-17.88961,28.65907],[-17.89095,28.65865],[-17.89119,28.65773],[-17.89285,28.65686],[-17.89387,28.65735],[-17.89579,28.65746],[-17.89768,28.65811],[-17.89873,28.65755],[-17.90103,28.65714],[-17.90403,28.65611],[-17.90525,28.65458],[-17.90414,28.65352],[-17.9019,28.65282],[-17.90228,28.65232],[-17.90108,28.65074],[-17.9011,28.65004],[-17.9016,28.64938],[-17.90052,28.64793],[-17.9004,28.64647],[-17.89781,28.64487],[-17.89752,28.64282],[-17.89768,28.64182],[-17.89283,28.63357],[-17.89171,28.63312],[-17.88874,28.63343],[-17.8868,28.62929],[-17.88577,28.62775],[-17.88501,28.62467],[-17.88601,28.62189],[-17.88533,28.62064],[-17.88522,28.61917],[-17.88599,28.61798],[-17.88568,28.61673],[-17.88354,28.61468],[-17.8835,28.6127],[-17.88394,28.60974],[-17.88285,28.60515],[-17.88161,28.60367],[-17.88101,28.59805],[-17.88049,28.59647],[-17.8792,28.59542],[-17.87914,28.59415],[-17.87974,28.59341],[-17.87959,28.59208],[-17.88024,28.59137],[-17.88014,28.59026],[-17.8809,28.58951],[-17.88062,28.58796],[-17.88089,28.58374],[-17.87953,28.58185],[-17.87952,28.58007],[-17.88052,28.57854],[-17.88057,28.57749],[-17.87973,28.57709],[-17.8792,28.57643],[-17.87962,28.57513],[-17.87774,28.57176],[-17.87712,28.56972],[-17.87714,28.56731],[-17.87659,28.56469],[-17.87571,28.5637],[-17.87659,28.55915],[-17.87465,28.55473],[-17.86916,28.55412],[-17.86318,28.55458],[-17.85261,28.55385],[-17.84959,28.55417],[-17.84704,28.55484],[-17.83886,28.55526],[-17.8367,28.56068],[-17.83771,28.5652],[-17.83896,28.56725],[-17.83903,28.56924],[-17.83784,28.57066],[-17.83949,28.57433],[-17.83605,28.57659],[-17.83643,28.57679],[-17.83781,28.57653],[-17.8386,28.5777],[-17.83859,28.57816],[-17.83667,28.58024],[-17.83687,28.58234],[-17.83784,28.58473],[-17.83801,28.58666],[-17.83791,28.58971],[-17.837,28.59057],[-17.83693,28.59153],[-17.83727,28.59213],[-17.83814,28.59249],[-17.83806,28.59349],[-17.83929,28.59408],[-17.83938,28.5951],[-17.84045,28.59597],[-17.84048,28.59812],[-17.83965,28.59867],[-17.83935,28.59963],[-17.84098,28.602],[-17.841,28.60436],[-17.83699,28.60626],[-17.83727,28.60759],[-17.83696,28.60839],[-17.83533,28.60907],[-17.83406,28.61152],[-17.83399,28.61213],[-17.83481,28.61286],[-17.83452,28.61459],[-17.83505,28.6161],[-17.83393,28.61721],[-17.83231,28.6208],[-17.83212,28.62327],[-17.83024,28.62505],[-17.82833,28.62924],[-17.82699,28.63016],[-17.82672,28.63099],[-17.82689,28.63213],[-17.8258,28.63631],[-17.82588,28.63772],[-17.82516,28.63862],[-17.82461,28.64105],[-17.82558,28.64257],[-17.82514,28.64397],[-17.82572,28.64723],[-17.82519,28.64959],[-17.82513,28.65449],[-17.82578,28.65626],[-17.82581,28.65958],[-17.82644,28.66125],[-17.82671,28.66375],[-17.82642,28.66454],[-17.82646,28.66613],[-17.82785,28.66966],[-17.82758,28.67197],[-17.83023,28.67666],[-17.82969,28.68201],[-17.83024,28.68369],[-17.83157,28.68417],[-17.83214,28.6849],[-17.83358,28.68796],[-17.83416,28.69026],[-17.83592,28.69222],[-17.83638,28.69409],[-17.83732,28.69575],[-17.8412,28.69874],[-17.84235,28.7017],[-17.84369,28.70286],[-17.84609,28.70414],[-17.84423,28.70916],[-17.84424,28.71059],[-17.84359,28.71149],[-17.8433,28.713],[-17.84252,28.71411],[-17.83849,28.71617],[-17.83752,28.71896],[-17.83813,28.72029],[-17.83758,28.721],[-17.83756,28.72209],[-17.83836,28.72283],[-17.83845,28.7238],[-17.83823,28.72456],[-17.83665,28.72576],[-17.83566,28.72697],[-17.8358,28.73158],[-17.83546,28.73242],[-17.83569,28.74161],[-17.83751,28.74334],[-17.83824,28.74361],[-17.8388,28.74582],[-17.83926,28.74639],[-17.84668,28.74968],[-17.84966,28.75018],[-17.85035,28.75069],[-17.85044,28.75141],[-17.85184,28.75311],[-17.85558,28.75627],[-17.85867,28.75761],[-17.86038,28.75945],[-17.86252,28.75968],[-17.86411,28.76107],[-17.86692,28.76159],[-17.86795,28.76136],[-17.8705,28.76002],[-17.8754,28.76256],[-17.88275,28.7581],[-17.88487,28.75447],[-17.88709,28.75368],[-17.88808,28.75299],[-17.89017,28.75039],[-17.89248,28.74927],[-17.89265,28.74849],[-17.89585,28.7475],[-17.89586,28.74501],[-17.89772,28.7435],[-17.89912,28.74285],[-17.89995,28.74174],[-17.90019,28.74063],[-17.89984,28.73837],[-17.89834,28.73736],[-17.90214,28.73475],[-17.90253,28.73188],[-17.90226,28.73021],[-17.90282,28.72838],[-17.90415,28.72765],[-17.90613,28.72371],[-17.90851,28.7211],[-17.90937,28.71841],[-17.90826,28.71615],[-17.90906,28.71382],[-17.91065,28.71264],[-17.91189,28.71031],[-17.9124,28.70796],[-17.91559,28.70549],[-17.91591,28.70334],[-17.91714,28.70207],[-17.91753,28.70095],[-17.91963,28.69938],[-17.92194,28.69697],[-17.92231,28.69441],[-17.92347,28.69358],[-17.92385,28.68768],[-17.92059,28.68511],[-17.9218,28.67699],[-17.92241,28.67591],[-17.92439,28.67523]]]]}},{"type":"Feature","properties":{"name":"La Orotava"},"geometry":{"type":"MultiPolygon","coordinates":[[[[-16.67733,28.26887],[-16.68725,28.25426],[-16.6807,28.21278],[-16.67949,28.21274],[-16.67856,28.21232],[-16.6775,28.21122],[-16.6765,28.20926],[-16.67431,28.2083],[-16.6724,28.20825],[-16.67012,28.20706],[-16.66658,28.20703],[-16.66561,28.20626],[-16.66358,28.20571],[-16.66187,28.20347],[-16.66112,28.20161],[-16.6581,28.20036],[-16.65709,28.20088],[-16.65382,28.1999],[-16.65266,28.20038],[-16.65186,28.19971],[-16.65067,28.19989],[-16.64906,28.19901],[-16.64318,28.19838],[-16.64167,28.19932],[-16.63746,28.19985],[-16.63389,28.20184],[-16.63039,28.20263],[-16.62694,28.20412],[-16.62482,28.20574],[-16.62191,28.20691],[-16.62127,28.20753],[-16.62194,28.20856],[-16.62204,28.20975],[-16.62135,28.21039],[-16.62104,28.21188],[-16.62043,28.21278],[-16.61853,28.21373],[-16.60937,28.21694],[-16.59988,28.21818],[-16.59717,28.21957],[-16.59347,28.22007],[-16.59101,28.22291],[-16.58736,28.22527],[-16.58686,28.22619],[-16.58685,28.22728],[-16.58587,28.22835],[-16.58125,28.23127],[-16.57978,28.23311],[-16.57861,28.23587],[-16.57815,28.23621],[-16.57634,28.23634],[-16.57355,28.23796],[-16.56954,28.23928],[-16.56534,28.24176],[-16.56494,28.24273],[-16.56353,28.24311],[-16.56216,28.24414],[-16.56036,28.24437],[-16.55955,28.24541],[-16.55911,28.24758],[-16.55569,28.24823],[-16.55249,28.25069],[-16.55118,28.25342],[-16.55108,28.25586],[-16.54996,28.25674],[-16.54963,28.25741],[-16.54895,28.26045],[-16.54947,28.26191],[-16.54926,28.263],[-16.54616,28.26434],[-16.54579,28.26657],[-16.5445,28.27005],[-16.5453,28.27232],[-16.5447,28.27367],[-16.54531,28.27498],[-16.54473,28.27638],[-16.54666,28.27951],[-16.54645,28.28116],[-16.54435,28.2838],[-16.54198,28.28544],[-16.53391,28.28825],[-16.53434,28.28958],[-16.53134,28.29504],[-16.53073,28.2954],[-16.5293,28.29524],[-16.52509,28.29682],[-16.52328,28.29948],[-16.52341,28.30184],[-16.52105,28.30327],[-16.51643,28.30407],[-16.51218,28.30015],[-16.51011,28.30092],[-16.50466,28.30599],[-16.50152,28.30779],[-16.49908,28.30968],[-16.49912,28.31332],[-16.49828,28.31497],[-16.49522,28.31691],[-16.49338,28.32143],[-16.49148,28.32423],[-16.49032,28.32493],[-16.49004,28.32561],[-16.48516,28.32993],[-16.48587,28.33297],[-16.48545,28.33402],[-16.48414,28.33504],[-16.48377,28.33677],[-16.482,28.34098],[-16.48255,28.34484],[-16.48202,28.34747],[-16.48081,28.34817],[-16.47594,28.35241],[-16.47467,28.35282],[-16.47102,28.3529],[-16.46859,28.35489],[-16.46687,28.35537],[-16.46712,28.3579],[-16.4665,28.36064],[-16.46668,28.36159],[-16.46457,28.36528],[-16.46442,28.36637],[-16.46501,28.36794],[-16.46501,28.3689],[-16.46374,28.37061],[-16.46349,28.37206],[-16.46625,28.37307],[-16.46764,28.37436],[-16.46827,28.37533],[-16.46869,28.37696],[-16.47019,28.37796],[-16.47208,28.38129],[-16.47568,28.38475],[-16.47587,28.38708],[-16.47634,28.38811],[-16.47784,28.38872],[-16.47899,28.38871],[-16.48062,28.38951],[-16.48453,28.39246],[-16.48648,28.39264],[-16.48791,28.39366],[-16.48973,28.39604],[-16.49233,28.39832],[-16.49379,28.40088],[-16.49562,28.40171],[-16.49663,28.40354],[-16.49974,28.4043],[-16.50255,28.40569],[-16.50453,28.40725],[-16.50533,28.40764],[-16.5058,28.40742],[-16.50684,28.40837],[-16.50788,28.41021],[-16.50875,28.41057],[-16.50881,28.41235],[-16.50727,28.41451],[-16.50894,28.41513],[-16.50891,28.41539],[-16.50608,28.41987],[-16.50445,28.42107],[-16.50418,28.42225],[-16.50263,28.4235],[-16.50306,28.42463],[-16.50653,28.42266],[-16.50718,28.42337],[-16.50761,28.42302],[-16.50711,28.4224],[-16.50743,28.42192],[-16.51186,28.41955],[-16.51347,28.41948],[-16.5137,28.41914],[-16.51515,28.41882],[-16.5181,28.41931],[-16.51828,28.41981],[-16.5186,28.41985],[-16.51918,28.41946],[-16.51861,28.41904],[-16.51881,28.41843],[-16.52069,28.41755],[-16.52188,28.41858],[-16.52235,28.41759],[-16.52329,28.41723],[-16.52292,28.41608],[-16.52324,28.41485],[-16.52226,28.41089],[-16.5208,28.40972],[-16.52002,28.40791],[-16.52368,28.4069],[-16.52507,28.40709],[-16.52804,28.40617],[-16.52909,28.40662],[-16.53024,28.40664],[-16.53289,28.40538],[-16.53456,28.40384],[-16.53542,28.40259],[-16.5366,28.39834],[-16.53872,28.39673],[-16.54024,28.39691],[-16.54077,28.3973],[-16.54649,28.39787],[-16.54912,28.39716],[-16.55444,28.39758],[-16.5556,28.39386],[-16.55733,28.39248],[-16.55777,28.39082],[-16.55922,28.38961],[-16.5603,28.38643],[-16.56137,28.38581],[-16.56191,28.38434],[-16.56212,28.38119],[-16.56141,28.37939],[-16.56171,28.37813],[-16.56125,28.377],[-16.56194,28.37541],[-16.5611,28.37436],[-16.56159,28.37218],[-16.56145,28.37059],[-16.56017,28.36837],[-16.56032,28.36524],[-16.5596,28.36398],[-16.55968,28.36279],[-16.55898,28.36192],[-16.55853,28.35981],[-16.55865,28.35838],[-16.55687,28.35637],[-16.55703,28.35329],[-16.55629,28.35152],[-16.55704,28.34908],[-16.55672,28.34769],[-16.55563,28.34713],[-16.55575,28.34599],[-16.55513,28.34465],[-16.55632,28.33696],[-16.55798,28.31992],[-16.55789,28.31043],[-16.56534,28.29808],[-16.58902,28.29287],[-16.59226,28.31466],[-16.60784,28.30693],[-16.64087,28.29985],[-16.66933,28.29268],[-16.67464,28.27109],[-16.67733,28.26887]]]]}},{"type":"Feature","properties":{"name":"Puerto del Rosario"},"geometry":{"type":"MultiPolygon","coordinates":[[[[-14.07433,28.52733],[-14.074,28.52759],[-14.07412,28.52855],[-14.07442,28.52809],[-14.07415,28.52808],[-14.07433,28.52733]]],[[[-14.04449,28.57735],[-14.04607,28.5759],[-14.04712,28.57442],[-14.04793,28.57283],[-14.04763,28.57246],[-14.04784,28.57211],[-14.04904,28.57081],[-14.05058,28.57058],[-14.05067,28.56883],[-14.05218,28.56854],[-14.05271,28.56795],[-14.05287,28.5665],[-14.05429,28.5656],[-14.05613,28.56503],[-14.05621,28.56369],[-14.05702,28.56278],[-14.05664,28.56158],[-14.05695,28.56061],[-14.05751,28.55994],[-14.05867,28.55934],[-14.05855,28.55843],[-14.05814,28.55792],[-14.05814,28.55599],[-14.05846,28.55558],[-14.05942,28.55454],[-14.06112,28.55349],[-14.06263,28.55377],[-14.06338,28.55426],[-14.06413,28.55407],[-14.06677,28.5504],[-14.06539,28.54885],[-14.0655,28.54834],[-14.06588,28.54845],[-14.06596,28.54796],[-14.06549,28.54758],[-14.06533,28.54572],[-14.06468,28.54547],[-14.06487,28.5448],[-14.06375,28.54427],[-14.06372,28.5432],[-14.0646,28.54195],[-14.0654,28.54139],[-14.06623,28.54133],[-14.0663,28.54183],[-14.0678,28.54139],[-14.06824,28.5418],[-14.06869,28.54099],[-14.06944,28.54083],[-14.06996,28.53817],[-14.06873,28.53814],[-14.06853,28.53775],[-14.0694,28.53721],[-14.07025,28.53581],[-14.06995,28.53453],[-14.07079,28.5338],[-14.07089,28.5329],[-14.07052,28.53265],[-14.07119,28.53189],[-14.07165,28.52971],[-14.07246,28.52831],[-14.0731,28.52819],[-14.0733,28.52765],[-14.07369,28.52774],[-14.074,28.52712],[-14.07439,28.52467],[-14.07437,28.52429],[-14.07388,28.52407],[-14.0749,28.52266],[-14.07558,28.52265],[-14.07579,28.52137],[-14.0761,28.52121],[-14.07634,28.52147],[-14.07699,28.52009],[-14.0779,28.52],[-14.07815,28.51925],[-14.07878,28.51887],[-14.07953,28.5172],[-14.07948,28.51617],[-14.0802,28.51407],[-14.08099,28.51378],[-14.08158,28.51307],[-14.08157,28.51342],[-14.082,28.51345],[-14.08278,28.51249],[-14.0829,28.51181],[-14.08237,28.5116],[-14.08315,28.51019],[-14.08357,28.5082],[-14.08399,28.50793],[-14.08388,28.50744],[-14.08441,28.50691],[-14.08456,28.50726],[-14.08534,28.50664],[-14.0854,28.50606],[-14.0867,28.5043],[-14.08677,28.506],[-14.08735,28.50568],[-14.08758,28.50454],[-14.08826,28.50352],[-14.08747,28.50328],[-14.08818,28.50231],[-14.08794,28.50071],[-14.089,28.49934],[-14.08889,28.49862],[-14.09021,28.4967],[-14.0898,28.49609],[-14.09004,28.49543],[-14.08965,28.49449],[-14.08714,28.49323],[-14.08621,28.49337],[-14.08448,28.49256],[-14.08201,28.49267],[-14.08023,28.49362],[-14.07831,28.4937],[-14.07731,28.49311],[-14.07728,28.49189],[-14.0766,28.49134],[-14.07431,28.49134],[-14.07231,28.49205],[-14.07104,28.49175],[-14.07034,28.49103],[-14.06988,28.49172],[-14.06831,28.49243],[-14.06479,28.49238],[-14.06415,28.49267],[-14.0631,28.49388],[-14.06082,28.49446],[-14.06008,28.49502],[-14.05785,28.49309],[-14.05739,28.49229],[-14.05649,28.49198],[-14.05595,28.49135],[-14.05411,28.4907],[-14.05163,28.48847],[-14.0505,28.48925],[-14.04892,28.48891],[-14.04632,28.48981],[-14.04378,28.48951],[-14.04312,28.48806],[-14.04142,28.48617],[-14.04056,28.47914],[-14.04094,28.47767],[-14.04274,28.47592],[-14.0436,28.47422],[-14.04335,28.47168],[-14.03786,28.46768],[-14.02851,28.46171],[-14.02322,28.45721],[-14.02241,28.45644],[-14.02082,28.45275],[-14.01707,28.44995],[-14.01665,28.44804],[-14.01287,28.44757],[-14.01131,28.44774],[-14.00583,28.44702],[-14.00209,28.44785],[-14.0001,28.4489],[-13.99872,28.44915],[-13.99392,28.44956],[-13.99002,28.44898],[-13.98596,28.4498],[-13.98382,28.45067],[-13.98106,28.45271],[-13.97752,28.45358],[-13.97539,28.45188],[-13.9747,28.45012],[-13.96715,28.4499],[-13.9646,28.45178],[-13.96014,28.45165],[-13.9538,28.45458],[-13.95028,28.45485],[-13.94533,28.45429],[-13.94218,28.45237],[-13.9405,28.4509],[-13.93965,28.45076],[-13.93732,28.44937],[-13.92622,28.44442],[-13.92361,28.44199],[-13.92146,28.44062],[-13.91268,28.43929],[-13.90587,28.43714],[-13.90389,28.43603],[-13.90013,28.43276],[-13.85464,28.42332],[-13.85041,28.4215],[-13.85137,28.42252],[-13.85198,28.42388],[-13.85371,28.42411],[-13.85548,28.425],[-13.85696,28.42481],[-13.85799,28.42549],[-13.8586,28.42883],[-13.86064,28.43013],[-13.86134,28.43091],[-13.86187,28.43237],[-13.86232,28.43251],[-13.86188,28.43483],[-13.86277,28.43666],[-13.86241,28.4376],[-13.86236,28.43947],[-13.86184,28.44],[-13.86065,28.44044],[-13.86015,28.44128],[-13.85952,28.44153],[-13.85853,28.44265],[-13.85713,28.44254],[-13.85668,28.44324],[-13.8565,28.44574],[-13.85804,28.44799],[-13.8586,28.44951],[-13.85885,28.45147],[-13.85874,28.45266],[-13.85694,28.45484],[-13.85718,28.45575],[-13.8568,28.45687],[-13.85705,28.45847],[-13.85682,28.46025],[-13.85741,28.46228],[-13.85854,28.4627],[-13.85901,28.46367],[-13.85939,28.46754],[-13.86119,28.46867],[-13.86169,28.46967],[-13.86257,28.47052],[-13.86258,28.47184],[-13.86315,28.47272],[-13.86445,28.47411],[-13.86574,28.4747],[-13.86757,28.48067],[-13.86674,28.48134],[-13.86595,28.48299],[-13.86603,28.48435],[-13.86518,28.48568],[-13.86523,28.48732],[-13.86458,28.48893],[-13.86282,28.49088],[-13.86306,28.49244],[-13.86255,28.49394],[-13.86184,28.49416],[-13.86115,28.49302],[-13.86089,28.49308],[-13.86155,28.49439],[-13.8601,28.49492],[-13.86004,28.49468],[-13.85876,28.49491],[-13.85813,28.49254],[-13.85844,28.49528],[-13.85811,28.49532],[-13.85813,28.49562],[-13.85983,28.49587],[-13.85855,28.49702],[-13.8588,28.4975],[-13.85753,28.49815],[-13.85784,28.49852],[-13.85639,28.49885],[-13.8565,28.49779],[-13.85628,28.49781],[-13.856,28.49547],[-13.8557,28.4955],[-13.85519,28.49101],[-13.85499,28.49103],[-13.85502,28.49141],[-13.85372,28.49151],[-13.85341,28.49196],[-13.85366,28.49412],[-13.85429,28.49531],[-13.85471,28.49931],[-13.8532,28.49976],[-13.85258,28.49907],[-13.85069,28.49983],[-13.84795,28.49956],[-13.84733,28.49996],[-13.84683,28.5015],[-13.84649,28.50176],[-13.84579,28.5014],[-13.84512,28.50153],[-13.84415,28.50277],[-13.84265,28.50396],[-13.84316,28.50613],[-13.84377,28.50702],[-13.84328,28.50827],[-13.84229,28.50892],[-13.84358,28.51019],[-13.84369,28.51183],[-13.84265,28.51358],[-13.84097,28.5146],[-13.84073,28.51533],[-13.84039,28.5152],[-13.84002,28.51554],[-13.8399,28.51888],[-13.83924,28.5212],[-13.83824,28.5225],[-13.83778,28.52261],[-13.83528,28.52491],[-13.83489,28.526],[-13.83478,28.5275],[-13.83537,28.52976],[-13.83498,28.53035],[-13.83563,28.53079],[-13.83573,28.53135],[-13.83432,28.53284],[-13.83375,28.53512],[-13.83424,28.53536],[-13.83461,28.53457],[-13.83593,28.53477],[-13.83694,28.5353],[-13.83808,28.53647],[-13.8388,28.53834],[-13.83868,28.53886],[-13.83767,28.53916],[-13.83763,28.54222],[-13.83664,28.54346],[-13.8343,28.54337],[-13.83294,28.54469],[-13.83178,28.54509],[-13.8303,28.54805],[-13.82999,28.55027],[-13.82863,28.55108],[-13.82791,28.552],[-13.82704,28.55224],[-13.82625,28.55205],[-13.82584,28.55275],[-13.82632,28.55348],[-13.8255,28.55527],[-13.82608,28.55704],[-13.8297,28.55906],[-13.82916,28.56087],[-13.82947,28.56233],[-13.82867,28.56368],[-13.82854,28.56456],[-13.83259,28.56452],[-13.83977,28.56576],[-13.85011,28.56874],[-13.8606,28.56974],[-13.88132,28.57301],[-13.88627,28.57283],[-13.88908,28.57322],[-13.89009,28.57082],[-13.89067,28.57145],[-13.89174,28.5715],[-13.89256,28.57088],[-13.89378,28.57061],[-13.89395,28.57006],[-13.89469,28.56986],[-13.89512,28.56911],[-13.89638,28.5685],[-13.89728,28.56851],[-13.89899,28.56915],[-13.9082,28.57074],[-13.90944,28.57249],[-13.90974,28.57451],[-13.90942,28.57553],[-13.91349,28.57525],[-13.91758,28.57398],[-13.92065,28.57457],[-13.92359,28.57433],[-13.92485,28.57344],[-13.93229,28.57209],[-13.93507,28.56981],[-13.93931,28.56971],[-13.94194,28.57016],[-13.9433,28.57144],[-13.94765,28.57185],[-13.9521,28.57337],[-13.95947,28.57198],[-13.96068,28.57284],[-13.96119,28.57288],[-13.96474,28.57228],[-13.96839,28.57002],[-13.97056,28.57027],[-13.97204,28.56971],[-13.97255,28.56876],[-13.97415,28.56819],[-13.97617,28.56775],[-13.9791,28.56773],[-13.98189,28.56664],[-13.99042,28.56601],[-14.00155,28.56648],[-14.01079,28.5683],[-14.01459,28.56861],[-14.01468,28.56808],[-14.01573,28.56829],[-14.01771,28.56799],[-14.02094,28.5697],[-14.0217,28.56981],[-14.02222,28.56918],[-14.02323,28.56882],[-14.02592,28.57009],[-14.03185,28.57194],[-14.04449,28.57735]]]]}},{"type":"Feature","properties":{"name":"Santiago del Teide"},"geometry":{"type":"MultiPolygon","coordinates":[[[[-16.84641,28.23818],[-16.8469,28.23829],[-16.84635,28.23794],[-16.84641,28.23818]]],[[[-16.8188,28.31447],[-16.8195,28.31347],[-16.82427,28.31057],[-16.82506,28.30955],[-16.82491,28.30903],[-16.82528,28.30818],[-16.82699,28.30647],[-16.82386,28.30446],[-16.82361,28.30394],[-16.82421,28.30057],[-16.82384,28.29913],[-16.82318,28.29875],[-16.82116,28.29549],[-16.82118,28.2941],[-16.82162,28.29292],[-16.82764,28.29259],[-16.829,28.29227],[-16.82978,28.29147],[-16.83346,28.29159],[-16.83371,28.29141],[-16.8336,28.29099],[-16.83267,28.29094],[-16.83189,28.2905],[-16.83198,28.29008],[-16.83332,28.28906],[-16.83425,28.28781],[-16.83574,28.28818],[-16.83783,28.28657],[-16.83967,28.28651],[-16.84216,28.28396],[-16.84268,28.28395],[-16.84282,28.28477],[-16.84318,28.28488],[-16.84358,28.28396],[-16.8434,28.28311],[-16.8439,28.2829],[-16.8466,28.28349],[-16.84705,28.28297],[-16.84695,28.2811],[-16.84769,28.27991],[-16.84941,28.27847],[-16.84985,28.2774],[-16.85062,28.27739],[-16.85161,28.27446],[-16.85257,28.27316],[-16.8504,28.27292],[-16.84953,28.27183],[-16.84958,28.27031],[-16.85091,28.26932],[-16.85099,28.26884],[-16.85004,28.26803],[-16.84487,28.26536],[-16.84109,28.2644],[-16.84093,28.26368],[-16.84164,28.26257],[-16.84099,28.26249],[-16.83958,28.26144],[-16.83781,28.25585],[-16.83966,28.24825],[-16.84075,28.24717],[-16.84199,28.24832],[-16.8413,28.24738],[-16.8426,28.24629],[-16.84368,28.24736],[-16.84202,28.24872],[-16.84279,28.24856],[-16.84412,28.2474],[-16.8429,28.2463],[-16.84327,28.24511],[-16.84375,28.24484],[-16.84369,28.2444],[-16.84266,28.24383],[-16.84208,28.24283],[-16.84334,28.24262],[-16.84362,28.24157],[-16.84294,28.24119],[-16.84276,28.24062],[-16.84531,28.2405],[-16.84589,28.23955],[-16.84624,28.23947],[-16.8456,28.23862],[-16.84549,28.2376],[-16.84406,28.23696],[-16.84286,28.23732],[-16.84272,28.23697],[-16.84342,28.23673],[-16.84296,28.23582],[-16.84361,28.23581],[-16.84238,28.23454],[-16.84233,28.23375],[-16.84191,28.23349],[-16.84193,28.23291],[-16.8424,28.23247],[-16.84202,28.23116],[-16.84238,28.2302],[-16.84158,28.23034],[-16.84124,28.22981],[-16.84141,28.22903],[-16.84298,28.22889],[-16.84333,28.22852],[-16.84356,28.22792],[-16.84304,28.22745],[-16.84355,28.22712],[-16.8429,28.22656],[-16.84196,28.22696],[-16.84143,28.22649],[-16.8404,28.22665],[-16.8092,28.2557],[-16.79385,28.26317],[-16.77229,28.27064],[-16.7482,28.27389],[-16.70467,28.26853],[-16.67733,28.26887],[-16.70072,28.27144],[-16.70676,28.27356],[-16.71829,28.27863],[-16.72487,28.28069],[-16.72628,28.28183],[-16.73393,28.28589],[-16.74368,28.28798],[-16.75623,28.29429],[-16.76567,28.29734],[-16.77434,28.30229],[-16.78879,28.30849],[-16.79341,28.31173],[-16.79822,28.31334],[-16.80327,28.31488],[-16.80726,28.31354],[-16.8083,28.31208],[-16.80956,28.31155],[-16.81189,28.31128],[-16.81336,28.31187],[-16.8162,28.31219],[-16.8188,28.31447]]]]}},{"type":"Feature","properties":{"name":"Las Palmas de Gran Canaria"},"geometry":{"type":"MultiPolygon","coordinates":[[[[-15.44983,28.1323],[-15.44936,28.13243],[-15.44954,28.13262],[-15.44983,28.1323]]],[[[-15.5045,28.10037],[-15.50432,28.09985],[-15.50368,28.09945],[-15.50363,28.09892],[-15.50397,28.09886],[-15.50471,28.09944],[-15.50503,28.09929],[-15.50597,28.09821],[-15.50537,28.09769],[-15.50532,28.09724],[-15.50614,28.09487],[-15.50677,28.0949],[-15.50707,28.0953],[-15.50794,28.09409],[-15.50768,28.09354],[-15.50681,28.0932],[-15.5067,28.09289],[-15.50745,28.09235],[-15.50846,28.09227],[-15.50896,28.09131],[-15.51009,28.09097],[-15.51021,28.08966],[-15.51249,28.08792],[-15.51323,28.08682],[-15.51268,28.08498],[-15.51214,28.08449],[-15.51277,28.08431],[-15.51306,28.08358],[-15.5137,28.08345],[-15.51444,28.08392],[-15.51449,28.08372],[-15.51024,28.08038],[-15.50946,28.08069],[-15.50922,28.08162],[-15.50739,28.08152],[-15.50727,28.0807],[-15.50658,28.08022],[-15.50652,28.07945],[-15.5071,28.07869],[-15.50899,28.07774],[-15.51159,28.07468],[-15.51227,28.07431],[-15.51229,28.07376],[-15.51342,28.07217],[-15.51565,28.07105],[-15.5166,28.07022],[-15.51755,28.06769],[-15.52184,28.0623],[-15.52186,28.05995],[-15.52107,28.06004],[-15.52092,28.05886],[-15.52167,28.05821],[-15.52177,28.05739],[-15.52225,28.05685],[-15.52431,28.05495],[-15.52578,28.05421],[-15.52635,28.05309],[-15.52725,28.05252],[-15.52472,28.0501],[-15.52385,28.05001],[-15.52082,28.05082],[-15.52066,28.04995],[-15.52129,28.04884],[-15.52101,28.04857],[-15.51926,28.04983],[-15.51602,28.05006],[-15.51569,28.04901],[-15.51541,28.04899],[-15.51275,28.05019],[-15.51095,28.05027],[-15.51017,28.04898],[-15.50987,28.04765],[-15.50787,28.04845],[-15.50544,28.04825],[-15.5041,28.04909],[-15.49983,28.05026],[-15.49858,28.05121],[-15.49751,28.05156],[-15.49383,28.05134],[-15.49245,28.05182],[-15.49006,28.05199],[-15.48851,28.05268],[-15.48868,28.05211],[-15.48823,28.05218],[-15.48819,28.05156],[-15.48735,28.05186],[-15.4862,28.05302],[-15.48583,28.05409],[-15.47982,28.05563],[-15.4787,28.05657],[-15.47809,28.0582],[-15.47777,28.05817],[-15.47734,28.05634],[-15.47422,28.05195],[-15.47213,28.04962],[-15.47005,28.0482],[-15.46951,28.04555],[-15.46819,28.04315],[-15.46797,28.04206],[-15.46663,28.04204],[-15.46403,28.03976],[-15.4632,28.0395],[-15.46215,28.03963],[-15.46187,28.03796],[-15.45995,28.03564],[-15.45593,28.03654],[-15.45265,28.03442],[-15.45142,28.03297],[-15.45077,28.03122],[-15.45082,28.03069],[-15.45176,28.02946],[-15.45291,28.02833],[-15.45465,28.02786],[-15.45612,28.02815],[-15.45673,28.02757],[-15.4563,28.02652],[-15.45653,28.02513],[-15.45534,28.02446],[-15.4526,28.02525],[-15.45204,28.02469],[-15.45134,28.02533],[-15.44946,28.02499],[-15.44869,28.02553],[-15.44705,28.02594],[-15.44682,28.02726],[-15.44484,28.02742],[-15.44436,28.02772],[-15.44437,28.02884],[-15.44311,28.03099],[-15.44238,28.03147],[-15.44117,28.03144],[-15.43899,28.03355],[-15.43743,28.03314],[-15.43439,28.03496],[-15.43144,28.03467],[-15.42928,28.0352],[-15.42749,28.03625],[-15.42735,28.03676],[-15.42619,28.037],[-15.42578,28.03761],[-15.42525,28.03749],[-15.42353,28.03837],[-15.42256,28.03815],[-15.42117,28.03881],[-15.41933,28.03808],[-15.41782,28.03811],[-15.41708,28.0375],[-15.41674,28.03687],[-15.41682,28.03453],[-15.41647,28.03352],[-15.41555,28.03179],[-15.41434,28.03081],[-15.41299,28.03061],[-15.41081,28.03096],[-15.40698,28.02898],[-15.4056,28.02903],[-15.40219,28.02845],[-15.39867,28.03008],[-15.39701,28.02978],[-15.3949,28.03131],[-15.3974,28.03237],[-15.39789,28.03322],[-15.40113,28.03453],[-15.40584,28.03742],[-15.40701,28.03973],[-15.40838,28.0405],[-15.40824,28.04098],[-15.40997,28.04228],[-15.40942,28.04367],[-15.41008,28.04415],[-15.40966,28.04439],[-15.4088,28.04391],[-15.40891,28.04426],[-15.41007,28.0448],[-15.41185,28.04352],[-15.41325,28.04471],[-15.41464,28.04524],[-15.41603,28.04756],[-15.41562,28.0487],[-15.41454,28.04935],[-15.41362,28.05057],[-15.41385,28.05132],[-15.41343,28.05134],[-15.41334,28.0527],[-15.41417,28.0538],[-15.41445,28.05498],[-15.41453,28.05445],[-15.41572,28.05447],[-15.41719,28.0557],[-15.41922,28.05898],[-15.41979,28.06134],[-15.41943,28.06276],[-15.4178,28.06484],[-15.41836,28.06541],[-15.41701,28.06752],[-15.41728,28.06969],[-15.41698,28.07092],[-15.41602,28.07234],[-15.41546,28.07253],[-15.41483,28.07337],[-15.41448,28.07594],[-15.41368,28.07604],[-15.4135,28.07545],[-15.41333,28.07561],[-15.41339,28.07658],[-15.4144,28.07724],[-15.41578,28.08079],[-15.41569,28.08217],[-15.41511,28.08251],[-15.41597,28.08274],[-15.41642,28.08398],[-15.41549,28.0878],[-15.41242,28.09074],[-15.4125,28.093],[-15.41121,28.09809],[-15.41148,28.10024],[-15.41115,28.1008],[-15.41168,28.10139],[-15.41201,28.10372],[-15.41231,28.10385],[-15.41241,28.10462],[-15.41471,28.10937],[-15.4144,28.11021],[-15.41454,28.11078],[-15.42082,28.1192],[-15.421,28.12091],[-15.42114,28.11957],[-15.42254,28.12065],[-15.42272,28.12226],[-15.4229,28.12093],[-15.42399,28.1216],[-15.4241,28.12294],[-15.42306,28.12242],[-15.42421,28.12331],[-15.42451,28.12768],[-15.42397,28.12813],[-15.42482,28.1277],[-15.42478,28.12696],[-15.42532,28.12684],[-15.42483,28.12661],[-15.4246,28.12347],[-15.4253,28.12342],[-15.42744,28.12643],[-15.42729,28.12667],[-15.42779,28.1273],[-15.42805,28.12886],[-15.42435,28.12946],[-15.42333,28.12837],[-15.42416,28.12953],[-15.4284,28.12903],[-15.4289,28.13058],[-15.42886,28.13205],[-15.42845,28.13273],[-15.42505,28.13279],[-15.42476,28.13377],[-15.4251,28.13405],[-15.42524,28.13301],[-15.42731,28.13282],[-15.42705,28.13348],[-15.42741,28.13367],[-15.42691,28.13395],[-15.4274,28.13391],[-15.4272,28.13421],[-15.42483,28.13452],[-15.42536,28.13899],[-15.42598,28.13894],[-15.42568,28.13643],[-15.42631,28.13637],[-15.42642,28.13728],[-15.42638,28.13637],[-15.42689,28.13632],[-15.427,28.13722],[-15.42708,28.13648],[-15.42872,28.13633],[-15.42883,28.13782],[-15.42772,28.13963],[-15.42769,28.14081],[-15.42531,28.14112],[-15.42119,28.13746],[-15.42322,28.13932],[-15.42231,28.13986],[-15.4212,28.139],[-15.42378,28.14152],[-15.42582,28.14124],[-15.42752,28.1431],[-15.4277,28.14678],[-15.42516,28.14674],[-15.42523,28.14287],[-15.42422,28.14287],[-15.42414,28.14673],[-15.4227,28.1467],[-15.42298,28.14377],[-15.42245,28.14376],[-15.42261,28.1467],[-15.42119,28.14668],[-15.42128,28.14171],[-15.42025,28.1417],[-15.42017,28.14665],[-15.41764,28.14661],[-15.41764,28.14628],[-15.41728,28.14625],[-15.41747,28.13727],[-15.41777,28.13728],[-15.41778,28.13675],[-15.41748,28.13674],[-15.41765,28.12851],[-15.41753,28.12875],[-15.41246,28.12872],[-15.41213,28.12865],[-15.41198,28.12813],[-15.41181,28.13674],[-15.41542,28.13954],[-15.41496,28.14298],[-15.41175,28.14065],[-15.41169,28.14406],[-15.41558,28.14706],[-15.41538,28.14725],[-15.4156,28.14757],[-15.41269,28.15052],[-15.41248,28.15037],[-15.41232,28.15085],[-15.41034,28.15082],[-15.41026,28.15441],[-15.40857,28.15441],[-15.4085,28.15705],[-15.40807,28.1571],[-15.40803,28.15819],[-15.40691,28.15819],[-15.40697,28.15475],[-15.40731,28.15397],[-15.40742,28.14884],[-15.40713,28.14838],[-15.40717,28.1467],[-15.40742,28.14627],[-15.40776,28.14634],[-15.40776,28.14608],[-15.40719,28.14592],[-15.40722,28.14345],[-15.4078,28.14341],[-15.40793,28.13711],[-15.40775,28.13761],[-15.40731,28.13732],[-15.40762,28.13289],[-15.40463,28.13067],[-15.40484,28.12131],[-15.40456,28.12131],[-15.40441,28.13076],[-15.40716,28.13282],[-15.40679,28.1502],[-15.40566,28.15147],[-15.40524,28.15313],[-15.40519,28.15702],[-15.40493,28.15707],[-15.40525,28.15795],[-15.40501,28.16191],[-15.40362,28.16229],[-15.39884,28.16151],[-15.39885,28.1611],[-15.39848,28.16101],[-15.39847,28.15233],[-15.39821,28.15236],[-15.39814,28.16174],[-15.3986,28.16461],[-15.40154,28.16546],[-15.40127,28.16648],[-15.40218,28.16635],[-15.40218,28.16672],[-15.40323,28.16566],[-15.40335,28.1659],[-15.4037,28.16573],[-15.40505,28.16613],[-15.40487,28.16717],[-15.40524,28.16723],[-15.40535,28.16767],[-15.40443,28.16817],[-15.40525,28.16805],[-15.40573,28.16848],[-15.4043,28.16871],[-15.40434,28.16894],[-15.40576,28.16887],[-15.40511,28.1698],[-15.40523,28.1704],[-15.40481,28.17022],[-15.40457,28.17049],[-15.4049,28.17103],[-15.40385,28.17163],[-15.40374,28.17382],[-15.4048,28.17538],[-15.40689,28.17657],[-15.40719,28.17721],[-15.40701,28.17802],[-15.40739,28.17821],[-15.40783,28.17782],[-15.40848,28.17835],[-15.40959,28.17853],[-15.41037,28.17776],[-15.41072,28.17816],[-15.41266,28.17819],[-15.41343,28.1791],[-15.4142,28.17937],[-15.41416,28.17866],[-15.41331,28.17779],[-15.41514,28.17761],[-15.41567,28.1786],[-15.41631,28.17899],[-15.41878,28.17883],[-15.4191,28.18087],[-15.42025,28.18155],[-15.42012,28.18031],[-15.4211,28.18034],[-15.42103,28.18082],[-15.4223,28.18072],[-15.42256,28.17977],[-15.42336,28.17928],[-15.42561,28.1759],[-15.42882,28.17584],[-15.42949,28.17458],[-15.4305,28.17361],[-15.43011,28.17307],[-15.43054,28.17298],[-15.43035,28.17258],[-15.43104,28.17247],[-15.43121,28.17194],[-15.43236,28.17195],[-15.43316,28.17062],[-15.43536,28.17105],[-15.43603,28.1707],[-15.43597,28.1704],[-15.4365,28.17016],[-15.43708,28.1691],[-15.43746,28.16962],[-15.43856,28.1695],[-15.43877,28.16902],[-15.43943,28.1692],[-15.44068,28.16792],[-15.44008,28.16688],[-15.4409,28.16711],[-15.4418,28.1661],[-15.44231,28.1663],[-15.44248,28.16605],[-15.44138,28.16534],[-15.44123,28.16476],[-15.4415,28.164],[-15.44204,28.1638],[-15.4414,28.16307],[-15.44234,28.16271],[-15.44244,28.16213],[-15.44125,28.16228],[-15.43969,28.16194],[-15.43853,28.16067],[-15.43641,28.15965],[-15.43555,28.15796],[-15.43305,28.15735],[-15.43306,28.15586],[-15.43222,28.15494],[-15.43219,28.15434],[-15.43332,28.15369],[-15.43356,28.15297],[-15.43267,28.15271],[-15.43278,28.15202],[-15.43152,28.15138],[-15.43196,28.15064],[-15.43187,28.15025],[-15.43284,28.14954],[-15.43343,28.14849],[-15.43313,28.14801],[-15.43175,28.14826],[-15.43121,28.14688],[-15.43191,28.14521],[-15.43543,28.14149],[-15.43749,28.13799],[-15.43956,28.13631],[-15.44078,28.13576],[-15.44129,28.13478],[-15.4457,28.13123],[-15.44747,28.13076],[-15.44873,28.13081],[-15.44913,28.13114],[-15.44909,28.13174],[-15.44937,28.13178],[-15.44941,28.13101],[-15.44983,28.13114],[-15.4497,28.13151],[-15.44993,28.13159],[-15.45011,28.13111],[-15.45107,28.13082],[-15.45243,28.1288],[-15.45365,28.12807],[-15.45462,28.12786],[-15.45676,28.12814],[-15.45878,28.1276],[-15.46153,28.12829],[-15.46275,28.12809],[-15.46573,28.12646],[-15.46788,28.12614],[-15.46902,28.12658],[-15.47047,28.1277],[-15.47044,28.12852],[-15.47119,28.12954],[-15.47277,28.12959],[-15.47233,28.13017],[-15.47234,28.13111],[-15.47205,28.13128],[-15.47291,28.13151],[-15.47276,28.13215],[-15.47371,28.13185],[-15.4754,28.13264],[-15.47557,28.13393],[-15.47727,28.13465],[-15.47771,28.13577],[-15.47916,28.13683],[-15.47994,28.13678],[-15.48156,28.136],[-15.483,28.13632],[-15.48476,28.13499],[-15.48592,28.13284],[-15.48724,28.13298],[-15.48702,28.12995],[-15.48802,28.12929],[-15.48831,28.12812],[-15.48921,28.12676],[-15.48999,28.12646],[-15.49002,28.12574],[-15.49123,28.12576],[-15.49187,28.12525],[-15.49242,28.12384],[-15.49232,28.12293],[-15.49427,28.12179],[-15.49532,28.12156],[-15.49623,28.12164],[-15.49704,28.1222],[-15.49748,28.12187],[-15.49618,28.12095],[-15.49686,28.1193],[-15.49478,28.1183],[-15.49481,28.11768],[-15.49544,28.11711],[-15.49627,28.11818],[-15.49728,28.1178],[-15.49754,28.11733],[-15.49687,28.11642],[-15.49699,28.1161],[-15.49819,28.11558],[-15.49716,28.11448],[-15.49714,28.11368],[-15.49877,28.11283],[-15.49865,28.11201],[-15.49986,28.11127],[-15.49966,28.10951],[-15.50025,28.10775],[-15.49927,28.10628],[-15.49938,28.10484],[-15.49997,28.10452],[-15.50165,28.10461],[-15.5027,28.10535],[-15.50424,28.10534],[-15.50426,28.10448],[-15.505,28.10386],[-15.50543,28.10259],[-15.5045,28.10037]]],[[[-15.44178,28.13707],[-15.44135,28.1373],[-15.44128,28.13777],[-15.44236,28.137],[-15.44178,28.13707]]],[[[-15.44082,28.13836],[-15.44109,28.13831],[-15.44093,28.13807],[-15.44042,28.13813],[-15.44082,28.13836]]],[[[-15.43873,28.14031],[-15.4368,28.14253],[-15.43457,28.14627],[-15.43594,28.14503],[-15.43704,28.14364],[-15.43735,28.14273],[-15.43852,28.14159],[-15.4391,28.14025],[-15.43873,28.14031]]],[[[-15.43448,28.15423],[-15.43418,28.15388],[-15.43402,28.15408],[-15.43448,28.15423]]],[[[-15.40312,28.17054],[-15.40263,28.171],[-15.40347,28.17053],[-15.40312,28.17054]]]]}},{"type":"Feature","properties":{"name":"Tejeda"},"geometry":{"type":"MultiPolygon","coordinates":[[[[-15.74959,27.98801],[-15.75106,27.9872],[-15.74838,27.98521],[-15.74869,27.98381],[-15.7483,27.98335],[-15.74749,27.98056],[-15.74753,27.97915],[-15.74826,27.97828],[-15.74833,27.97678],[-15.74785,27.97517],[-15.74828,27.97224],[-15.74845,27.9673],[-15.74834,27.96683],[-15.74733,27.96611],[-15.7473,27.96544],[-15.74795,27.96476],[-15.74796,27.96268],[-15.74745,27.96235],[-15.74651,27.96244],[-15.74597,27.96203],[-15.74556,27.96077],[-15.74427,27.96011],[-15.74362,27.95895],[-15.74265,27.95812],[-15.74099,27.95747],[-15.74081,27.95691],[-15.73944,27.95582],[-15.73917,27.95429],[-15.7382,27.95419],[-15.73806,27.95357],[-15.73855,27.953],[-15.73828,27.95166],[-15.73857,27.95119],[-15.73807,27.95024],[-15.73726,27.94973],[-15.73743,27.94891],[-15.73613,27.94714],[-15.73653,27.94564],[-15.73574,27.94484],[-15.73533,27.94305],[-15.73548,27.94224],[-15.73461,27.93913],[-15.73058,27.94286],[-15.72967,27.94295],[-15.72907,27.94339],[-15.72853,27.94442],[-15.72625,27.94645],[-15.72635,27.94747],[-15.72604,27.94794],[-15.72472,27.94889],[-15.72237,27.94903],[-15.71988,27.94788],[-15.71908,27.94781],[-15.71839,27.94731],[-15.71805,27.94653],[-15.71662,27.946],[-15.71295,27.94551],[-15.712,27.94589],[-15.70911,27.94555],[-15.70519,27.94708],[-15.70446,27.94782],[-15.70337,27.94799],[-15.69774,27.94786],[-15.69519,27.94729],[-15.69344,27.94835],[-15.6928,27.94941],[-15.69227,27.94962],[-15.6881,27.94788],[-15.68714,27.94579],[-15.68524,27.94451],[-15.68306,27.9421],[-15.68229,27.94101],[-15.6837,27.93643],[-15.68341,27.9344],[-15.68389,27.9331],[-15.68367,27.93132],[-15.68383,27.93067],[-15.6854,27.92931],[-15.68705,27.92852],[-15.6876,27.92775],[-15.68784,27.92668],[-15.68735,27.92464],[-15.68781,27.92224],[-15.68695,27.92098],[-15.68766,27.9181],[-15.68633,27.91681],[-15.6854,27.91636],[-15.68488,27.91553],[-15.6849,27.91417],[-15.68439,27.91332],[-15.68418,27.91203],[-15.68425,27.90992],[-15.68268,27.90903],[-15.68051,27.90999],[-15.67849,27.90866],[-15.6777,27.90881],[-15.67776,27.9114],[-15.6757,27.91457],[-15.67349,27.91624],[-15.67252,27.91773],[-15.67178,27.91748],[-15.671,27.91627],[-15.66933,27.91609],[-15.66748,27.91532],[-15.66632,27.91454],[-15.66609,27.9138],[-15.66484,27.91354],[-15.66464,27.91281],[-15.66329,27.91209],[-15.66162,27.91311],[-15.66068,27.9146],[-15.65904,27.91422],[-15.65833,27.9146],[-15.65743,27.91456],[-15.65624,27.91539],[-15.65471,27.91552],[-15.65332,27.91696],[-15.65301,27.91778],[-15.65312,27.9184],[-15.65222,27.91851],[-15.65039,27.91996],[-15.65024,27.92124],[-15.6497,27.92171],[-15.64862,27.92188],[-15.64786,27.92165],[-15.64719,27.92229],[-15.64499,27.92315],[-15.64479,27.92353],[-15.64502,27.92437],[-15.64445,27.92483],[-15.64396,27.9259],[-15.64036,27.92873],[-15.63999,27.92987],[-15.63767,27.93135],[-15.63668,27.93323],[-15.63664,27.9349],[-15.63552,27.93529],[-15.63477,27.93662],[-15.6334,27.93736],[-15.63167,27.9392],[-15.63017,27.94013],[-15.63027,27.94043],[-15.63223,27.94121],[-15.63122,27.94233],[-15.63107,27.9447],[-15.63041,27.94527],[-15.631,27.94587],[-15.63088,27.94635],[-15.62984,27.94698],[-15.62859,27.949],[-15.62796,27.94932],[-15.62678,27.94846],[-15.62509,27.94857],[-15.62497,27.94923],[-15.62407,27.94967],[-15.62294,27.94947],[-15.62182,27.95058],[-15.61966,27.95058],[-15.61854,27.95151],[-15.61661,27.95089],[-15.61574,27.95131],[-15.61525,27.95204],[-15.61377,27.9529],[-15.61292,27.95304],[-15.61177,27.95509],[-15.61098,27.95562],[-15.61103,27.95636],[-15.6091,27.95755],[-15.609,27.95822],[-15.60794,27.95963],[-15.60781,27.96043],[-15.60616,27.96299],[-15.60622,27.96362],[-15.60535,27.9646],[-15.60174,27.9658],[-15.60094,27.96551],[-15.59905,27.96335],[-15.59947,27.96184],[-15.60016,27.96149],[-15.59984,27.96098],[-15.60045,27.96001],[-15.6004,27.9593],[-15.59867,27.95817],[-15.59594,27.95743],[-15.59355,27.955],[-15.59194,27.95487],[-15.59152,27.95414],[-15.58865,27.95205],[-15.58502,27.95265],[-15.58431,27.95377],[-15.58197,27.9546],[-15.58075,27.9558],[-15.58031,27.95588],[-15.58016,27.95708],[-15.57959,27.95788],[-15.57802,27.95893],[-15.578,27.95999],[-15.5775,27.96097],[-15.57656,27.96132],[-15.57572,27.9622],[-15.57362,27.96256],[-15.57177,27.96212],[-15.57455,27.96495],[-15.58201,27.97546],[-15.58409,27.97718],[-15.58387,27.97817],[-15.58562,27.97911],[-15.58596,27.98086],[-15.58668,27.982],[-15.58721,27.98252],[-15.58967,27.98308],[-15.59128,27.98491],[-15.5923,27.98512],[-15.59265,27.98685],[-15.59337,27.9879],[-15.59237,27.99088],[-15.59379,27.99271],[-15.5956,27.99398],[-15.59587,27.99576],[-15.59629,27.99621],[-15.59673,27.9977],[-15.5961,28.0003],[-15.59689,28.00168],[-15.59726,28.00315],[-15.59934,28.00456],[-15.59953,28.00497],[-15.59987,28.00668],[-15.59963,28.00773],[-15.60003,28.01155],[-15.60119,28.01415],[-15.60179,28.01489],[-15.60265,28.01513],[-15.60324,28.01616],[-15.60432,28.01698],[-15.60706,28.0174],[-15.6077,28.01791],[-15.61039,28.01798],[-15.61262,28.01929],[-15.61383,28.01866],[-15.61329,28.01707],[-15.61555,28.01655],[-15.61598,28.01616],[-15.61645,28.01636],[-15.61744,28.01614],[-15.61768,28.01664],[-15.61833,28.01687],[-15.61858,28.01655],[-15.61974,28.01707],[-15.62046,28.01698],[-15.6216,28.01768],[-15.62297,28.01735],[-15.6249,28.01555],[-15.62521,28.01412],[-15.626,28.01378],[-15.62861,28.01126],[-15.63082,28.01047],[-15.63221,28.0095],[-15.6334,28.00922],[-15.63361,28.00827],[-15.63562,28.00665],[-15.63606,28.00587],[-15.63777,28.00487],[-15.63831,28.00372],[-15.63967,28.00348],[-15.6414,28.00384],[-15.64539,28.00175],[-15.64863,28.00246],[-15.64969,28.00142],[-15.65069,28.00171],[-15.65205,28.00155],[-15.65426,28.00207],[-15.65545,28.00169],[-15.65646,28.00215],[-15.65764,28.00195],[-15.66109,28.0043],[-15.66291,28.00395],[-15.66358,28.00476],[-15.66546,28.00407],[-15.66679,28.00471],[-15.66835,28.0039],[-15.6698,28.00453],[-15.67037,28.00432],[-15.67211,28.00276],[-15.67101,28.00191],[-15.67102,28.0013],[-15.67363,28.00113],[-15.67404,28.00054],[-15.67448,27.99835],[-15.67551,27.99856],[-15.67604,27.99815],[-15.67631,27.99759],[-15.67607,27.99681],[-15.67649,27.99642],[-15.67788,27.99715],[-15.67764,27.996],[-15.6787,27.99505],[-15.67895,27.99355],[-15.6812,27.9931],[-15.68257,27.99332],[-15.68286,27.99236],[-15.6834,27.99209],[-15.68424,27.99285],[-15.68629,27.99225],[-15.68849,27.99308],[-15.68944,27.99181],[-15.68998,27.99165],[-15.69049,27.99205],[-15.69091,27.99185],[-15.69098,27.99101],[-15.69038,27.98933],[-15.69091,27.98843],[-15.69259,27.98751],[-15.69407,27.98813],[-15.69456,27.98997],[-15.695,27.99049],[-15.69678,27.99062],[-15.69737,27.99122],[-15.69945,27.99178],[-15.70135,27.99286],[-15.70331,27.99262],[-15.70408,27.99308],[-15.70547,27.99328],[-15.70634,27.99288],[-15.70712,27.99189],[-15.70781,27.99296],[-15.70839,27.99311],[-15.70897,27.99273],[-15.70926,27.99156],[-15.70999,27.99112],[-15.71123,27.99105],[-15.71202,27.98964],[-15.71482,27.98995],[-15.71601,27.98824],[-15.71666,27.98805],[-15.71787,27.98827],[-15.72148,27.98663],[-15.72209,27.98567],[-15.72195,27.98404],[-15.72249,27.98296],[-15.72339,27.98257],[-15.72465,27.98071],[-15.72627,27.98018],[-15.72928,27.98093],[-15.73035,27.98156],[-15.73527,27.98215],[-15.73816,27.98446],[-15.73975,27.98464],[-15.73998,27.98487],[-15.73998,27.9865],[-15.74041,27.9871],[-15.74289,27.98698],[-15.74586,27.98822],[-15.74959,27.98801]]]]}},{"type":"Feature","properties":{"name":"Fasnia"},"geometry":{"type":"MultiPolygon","coordinates":[[[[-16.41339,28.2181],[-16.41372,28.21778],[-16.41349,28.21753],[-16.41302,28.21795],[-16.41339,28.2181]]],[[[-16.51218,28.30015],[-16.51643,28.30407],[-16.52105,28.30327],[-16.52341,28.30184],[-16.52328,28.29948],[-16.52509,28.29682],[-16.5293,28.29524],[-16.53117,28.29524],[-16.53434,28.28958],[-16.53391,28.28825],[-16.53765,28.28711],[-16.5284,28.2805],[-16.51792,28.27218],[-16.51448,28.27064],[-16.51322,28.26844],[-16.5112,28.26682],[-16.51045,28.26524],[-16.50446,28.26024],[-16.50358,28.25879],[-16.49943,28.25695],[-16.49815,28.25537],[-16.49373,28.25269],[-16.4929,28.25134],[-16.49118,28.25058],[-16.49013,28.24971],[-16.4888,28.24958],[-16.48622,28.24798],[-16.48532,28.24646],[-16.48272,28.24501],[-16.48229,28.24437],[-16.4822,28.24229],[-16.48179,28.24158],[-16.47718,28.23873],[-16.47584,28.23849],[-16.47425,28.23728],[-16.47309,28.23561],[-16.47237,28.23357],[-16.4714,28.23263],[-16.46945,28.23161],[-16.46863,28.23055],[-16.46815,28.22927],[-16.46479,28.22703],[-16.46325,28.22424],[-16.4574,28.21841],[-16.45653,28.21802],[-16.4534,28.21833],[-16.45126,28.21605],[-16.45017,28.21583],[-16.44955,28.21532],[-16.448,28.21579],[-16.44665,28.21532],[-16.44482,28.2152],[-16.44414,28.21447],[-16.44408,28.21398],[-16.44447,28.21218],[-16.44327,28.21024],[-16.44153,28.20868],[-16.44112,28.20785],[-16.4407,28.20524],[-16.4395,28.2054],[-16.43848,28.20426],[-16.43757,28.20453],[-16.43708,28.20432],[-16.43589,28.20349],[-16.43494,28.20233],[-16.43443,28.20227],[-16.43395,28.20177],[-16.43269,28.20157],[-16.43232,28.20045],[-16.43172,28.19996],[-16.43041,28.19989],[-16.42971,28.19912],[-16.42846,28.19967],[-16.42772,28.1996],[-16.42786,28.19888],[-16.42619,28.19763],[-16.42636,28.19666],[-16.4257,28.19643],[-16.42328,28.19344],[-16.42209,28.19373],[-16.42169,28.19459],[-16.42177,28.19529],[-16.4224,28.19569],[-16.4217,28.19702],[-16.42123,28.19726],[-16.42093,28.19852],[-16.42326,28.19978],[-16.42362,28.20082],[-16.4242,28.20102],[-16.42502,28.20209],[-16.42454,28.203],[-16.4249,28.20368],[-16.42453,28.20388],[-16.42468,28.20457],[-16.42247,28.20599],[-16.4222,28.20648],[-16.42244,28.20704],[-16.42195,28.20721],[-16.42093,28.20841],[-16.42133,28.20981],[-16.41999,28.21],[-16.41916,28.21225],[-16.41808,28.21309],[-16.41822,28.21355],[-16.41783,28.21362],[-16.41775,28.21444],[-16.41716,28.215],[-16.41751,28.21518],[-16.41744,28.21547],[-16.41627,28.21617],[-16.41572,28.21604],[-16.41509,28.21815],[-16.41444,28.21869],[-16.41441,28.21943],[-16.41379,28.21992],[-16.41349,28.21953],[-16.41304,28.21997],[-16.41342,28.22019],[-16.41339,28.22063],[-16.41272,28.22201],[-16.41118,28.22194],[-16.41139,28.22242],[-16.41035,28.22296],[-16.4097,28.22409],[-16.40927,28.22429],[-16.40991,28.22589],[-16.40953,28.22644],[-16.409,28.2266],[-16.40897,28.22759],[-16.40844,28.22773],[-16.40881,28.22801],[-16.40845,28.22835],[-16.409,28.22856],[-16.40855,28.22892],[-16.40895,28.22926],[-16.40859,28.23001],[-16.40874,28.23121],[-16.40809,28.23168],[-16.40818,28.23215],[-16.4072,28.23424],[-16.4091,28.23446],[-16.4123,28.23548],[-16.41389,28.23649],[-16.41661,28.23691],[-16.41906,28.239],[-16.42046,28.23959],[-16.42112,28.2406],[-16.42277,28.24149],[-16.42321,28.24239],[-16.42446,28.24302],[-16.4262,28.24489],[-16.42708,28.24472],[-16.42847,28.24578],[-16.4293,28.24572],[-16.43032,28.24639],[-16.43481,28.24773],[-16.43516,28.24875],[-16.4373,28.24857],[-16.43843,28.24886],[-16.43932,28.25002],[-16.44111,28.25076],[-16.44228,28.25027],[-16.44364,28.25088],[-16.4448,28.25074],[-16.4458,28.25112],[-16.44718,28.25332],[-16.44945,28.25432],[-16.45021,28.25539],[-16.45102,28.25576],[-16.45113,28.25612],[-16.45066,28.25703],[-16.4516,28.25785],[-16.45361,28.25817],[-16.45422,28.25782],[-16.45499,28.25838],[-16.45612,28.25853],[-16.45595,28.25948],[-16.4567,28.26047],[-16.4567,28.26189],[-16.45846,28.26292],[-16.45891,28.2641],[-16.45975,28.26442],[-16.45998,28.26625],[-16.46238,28.2686],[-16.46416,28.26874],[-16.48312,28.2782],[-16.50371,28.28486],[-16.51218,28.30015]]]]}},{"type":"Feature","properties":{"name":"La Victoria de Acentejo"},"geometry":{"type":"MultiPolygon","coordinates":[[[[-16.47437,28.44327],[-16.4768,28.44073],[-16.47771,28.44123],[-16.47867,28.44122],[-16.47945,28.44093],[-16.47939,28.44039],[-16.4802,28.43995],[-16.48083,28.44006],[-16.48111,28.4407],[-16.48222,28.44071],[-16.48351,28.4399],[-16.48381,28.44004],[-16.484,28.43943],[-16.48467,28.43967],[-16.48452,28.43945],[-16.48607,28.43877],[-16.48686,28.43775],[-16.48795,28.43738],[-16.48816,28.43672],[-16.48739,28.43489],[-16.48636,28.43368],[-16.48451,28.43226],[-16.48437,28.43078],[-16.48125,28.42797],[-16.48012,28.42755],[-16.47971,28.42647],[-16.47899,28.42646],[-16.47633,28.42811],[-16.4732,28.4272],[-16.47202,28.42618],[-16.4703,28.42614],[-16.46963,28.42588],[-16.46796,28.42365],[-16.46542,28.42286],[-16.46418,28.42119],[-16.46292,28.42011],[-16.46295,28.41926],[-16.46172,28.41945],[-16.4613,28.4164],[-16.46178,28.41605],[-16.46175,28.41569],[-16.46103,28.41508],[-16.46049,28.41251],[-16.4586,28.41029],[-16.45726,28.4066],[-16.44631,28.39757],[-16.4445,28.39506],[-16.44274,28.39073],[-16.44096,28.39219],[-16.43927,28.39222],[-16.43785,28.3929],[-16.43621,28.39323],[-16.4339,28.39496],[-16.43276,28.39522],[-16.43018,28.39516],[-16.42861,28.39587],[-16.42565,28.39614],[-16.42467,28.39658],[-16.42361,28.39809],[-16.42509,28.39958],[-16.42469,28.40098],[-16.42476,28.40291],[-16.42275,28.40497],[-16.42257,28.40695],[-16.42158,28.40855],[-16.42004,28.40949],[-16.41895,28.4094],[-16.41857,28.41013],[-16.41837,28.41371],[-16.41717,28.4143],[-16.41678,28.41554],[-16.41778,28.41781],[-16.41913,28.41893],[-16.41984,28.42026],[-16.42287,28.42342],[-16.42361,28.42499],[-16.42489,28.42516],[-16.42581,28.42623],[-16.42727,28.42673],[-16.42954,28.42702],[-16.4319,28.42652],[-16.43643,28.42829],[-16.43973,28.42841],[-16.44203,28.42975],[-16.44433,28.43012],[-16.44605,28.43102],[-16.45071,28.43481],[-16.45199,28.43551],[-16.45494,28.43644],[-16.45711,28.43676],[-16.45799,28.43755],[-16.46057,28.43849],[-16.46225,28.43857],[-16.46531,28.44067],[-16.46655,28.4403],[-16.46721,28.44074],[-16.46904,28.44114],[-16.47119,28.44229],[-16.4725,28.44235],[-16.47437,28.44327]]],[[[-16.48729,28.43966],[-16.48645,28.43952],[-16.48687,28.44008],[-16.48743,28.44007],[-16.48729,28.43966]]]]}},{"type":"Feature","properties":{"name":"Guía de Isora"},"geometry":{"type":"MultiPolygon","coordinates":[[[[-16.82949,28.2001],[-16.82989,28.20005],[-16.82987,28.19967],[-16.82912,28.19992],[-16.82949,28.2001]]],[[[-16.82756,28.19555],[-16.82797,28.19536],[-16.82746,28.19535],[-16.82756,28.19555]]],[[[-16.67733,28.26887],[-16.70467,28.26853],[-16.7482,28.27389],[-16.77229,28.27064],[-16.79385,28.26317],[-16.8092,28.2557],[-16.8404,28.22665],[-16.84016,28.22608],[-16.83974,28.22649],[-16.83867,28.22552],[-16.83887,28.22466],[-16.83834,28.22424],[-16.83862,28.22335],[-16.83914,28.22313],[-16.83978,28.22221],[-16.83984,28.22132],[-16.83952,28.22076],[-16.83978,28.22053],[-16.83904,28.22],[-16.83864,28.21923],[-16.83692,28.21838],[-16.83621,28.21733],[-16.83666,28.21707],[-16.83644,28.21382],[-16.8373,28.2131],[-16.83782,28.21336],[-16.83823,28.21228],[-16.83731,28.21189],[-16.83601,28.21005],[-16.83617,28.20939],[-16.83661,28.20913],[-16.83627,28.20814],[-16.83749,28.20762],[-16.83665,28.20691],[-16.83487,28.20648],[-16.83458,28.20468],[-16.83372,28.20411],[-16.83383,28.20295],[-16.83331,28.20205],[-16.8329,28.20179],[-16.83271,28.20209],[-16.8321,28.2017],[-16.83205,28.20077],[-16.83181,28.2006],[-16.83093,28.20107],[-16.82981,28.20116],[-16.82871,28.2006],[-16.82851,28.20001],[-16.82812,28.19989],[-16.82802,28.19937],[-16.82925,28.19822],[-16.82831,28.19828],[-16.82785,28.19791],[-16.82801,28.19701],[-16.82743,28.19705],[-16.82697,28.19671],[-16.82676,28.19637],[-16.82723,28.19574],[-16.82639,28.19522],[-16.82675,28.19431],[-16.82808,28.19394],[-16.82682,28.1931],[-16.82663,28.19267],[-16.82687,28.19247],[-16.82615,28.19239],[-16.82621,28.19184],[-16.82349,28.19073],[-16.8232,28.18905],[-16.82341,28.18882],[-16.82172,28.18709],[-16.821,28.1856],[-16.82123,28.18453],[-16.82103,28.18396],[-16.8205,28.18387],[-16.82033,28.18306],[-16.82057,28.18251],[-16.82019,28.18219],[-16.81978,28.18241],[-16.81921,28.18186],[-16.81957,28.18156],[-16.81965,28.18078],[-16.81908,28.18018],[-16.81813,28.17986],[-16.81626,28.17967],[-16.81426,28.17812],[-16.81405,28.1783],[-16.81559,28.17961],[-16.81476,28.18037],[-16.81297,28.18003],[-16.81221,28.17919],[-16.81278,28.17883],[-16.8115,28.17866],[-16.81001,28.17649],[-16.80849,28.17601],[-16.80783,28.17548],[-16.8079,28.17463],[-16.80694,28.17452],[-16.80701,28.17403],[-16.80836,28.1735],[-16.8075,28.17325],[-16.80781,28.17298],[-16.80775,28.17238],[-16.807,28.17246],[-16.80652,28.17205],[-16.80594,28.17227],[-16.8055,28.17164],[-16.80583,28.17137],[-16.8055,28.171],[-16.80578,28.1709],[-16.80459,28.17051],[-16.8053,28.16869],[-16.80698,28.16823],[-16.80518,28.16775],[-16.80567,28.16557],[-16.8052,28.16498],[-16.80598,28.16303],[-16.80472,28.16168],[-16.8047,28.1608],[-16.80389,28.15974],[-16.80362,28.15847],[-16.80424,28.15804],[-16.80422,28.15772],[-16.80327,28.15711],[-16.80349,28.1567],[-16.80164,28.15685],[-16.79899,28.15768],[-16.79791,28.15845],[-16.79597,28.1585],[-16.79491,28.1597],[-16.79294,28.16069],[-16.788,28.16043],[-16.78468,28.16133],[-16.78338,28.16186],[-16.78279,28.16245],[-16.78012,28.16302],[-16.7788,28.16377],[-16.77666,28.16388],[-16.77541,28.16321],[-16.77486,28.16339],[-16.77348,28.1631],[-16.77229,28.16388],[-16.76985,28.16365],[-16.76891,28.16405],[-16.7681,28.16491],[-16.76707,28.1651],[-16.76484,28.16487],[-16.76433,28.16553],[-16.76366,28.16538],[-16.76225,28.16616],[-16.76003,28.16677],[-16.7598,28.16766],[-16.75687,28.16698],[-16.75604,28.16749],[-16.75494,28.16764],[-16.75424,28.16719],[-16.75236,28.16689],[-16.75094,28.16721],[-16.74983,28.16707],[-16.74901,28.1681],[-16.74691,28.16779],[-16.74605,28.16904],[-16.74457,28.16917],[-16.74388,28.1701],[-16.74255,28.17047],[-16.74177,28.17025],[-16.73979,28.17141],[-16.73917,28.17241],[-16.73772,28.17222],[-16.73656,28.17316],[-16.73514,28.17375],[-16.7332,28.17549],[-16.73221,28.17549],[-16.73171,28.17598],[-16.73092,28.17585],[-16.72949,28.17621],[-16.7287,28.17583],[-16.72796,28.17692],[-16.7271,28.17718],[-16.7261,28.17838],[-16.72425,28.17824],[-16.72241,28.17877],[-16.72039,28.17875],[-16.71936,28.18007],[-16.71889,28.18135],[-16.71836,28.18169],[-16.71864,28.18232],[-16.71558,28.18363],[-16.71441,28.18471],[-16.71124,28.18573],[-16.71008,28.18833],[-16.70917,28.18844],[-16.70908,28.18908],[-16.708,28.18997],[-16.7076,28.19111],[-16.70686,28.19153],[-16.70665,28.1921],[-16.70548,28.19223],[-16.7032,28.19519],[-16.70113,28.19607],[-16.70016,28.19689],[-16.69895,28.1997],[-16.69741,28.20134],[-16.69584,28.20221],[-16.69404,28.20248],[-16.6917,28.20431],[-16.68988,28.20487],[-16.68831,28.20624],[-16.68533,28.20769],[-16.68257,28.20955],[-16.6807,28.21278],[-16.68725,28.25426],[-16.67733,28.26887]]]]}},{"type":"Feature","properties":{"name":"Garafía"},"geometry":{"type":"MultiPolygon","coordinates":[[[[-17.96789,28.82885],[-17.96864,28.82945],[-17.96919,28.82903],[-17.9682,28.82833],[-17.96789,28.82885]]],[[[-17.9611,28.8288],[-17.96085,28.82862],[-17.96074,28.82886],[-17.96101,28.82982],[-17.96115,28.82952],[-17.96162,28.8296],[-17.96239,28.83029],[-17.9626,28.83015],[-17.96225,28.82947],[-17.9611,28.8288]]],[[[-17.84807,28.83509],[-17.85186,28.83345],[-17.85315,28.83348],[-17.85377,28.8331],[-17.85653,28.83274],[-17.85816,28.83287],[-17.85971,28.8337],[-17.86219,28.83433],[-17.86211,28.83614],[-17.8626,28.83542],[-17.86269,28.83588],[-17.86446,28.83645],[-17.86536,28.83585],[-17.86819,28.83537],[-17.874,28.83656],[-17.8772,28.83794],[-17.87904,28.83781],[-17.88087,28.83811],[-17.88269,28.83885],[-17.8835,28.83956],[-17.88381,28.84078],[-17.88341,28.84143],[-17.88353,28.8418],[-17.88424,28.84203],[-17.88549,28.84346],[-17.8857,28.843],[-17.88529,28.84148],[-17.88578,28.84064],[-17.88855,28.8399],[-17.89021,28.84008],[-17.89176,28.84104],[-17.89605,28.84221],[-17.90036,28.84624],[-17.90122,28.84603],[-17.9026,28.84628],[-17.90453,28.84763],[-17.90501,28.84913],[-17.90382,28.84933],[-17.90422,28.85008],[-17.90472,28.85011],[-17.90358,28.85159],[-17.90348,28.8523],[-17.90416,28.85197],[-17.90474,28.8524],[-17.90565,28.85244],[-17.90511,28.85293],[-17.90502,28.8546],[-17.90582,28.85442],[-17.90673,28.85522],[-17.90656,28.8556],[-17.90738,28.85564],[-17.90777,28.8545],[-17.90811,28.85441],[-17.90969,28.85475],[-17.91004,28.85571],[-17.9099,28.85626],[-17.91058,28.85752],[-17.9135,28.85689],[-17.91408,28.85738],[-17.91428,28.85669],[-17.91469,28.85687],[-17.91531,28.85654],[-17.91504,28.85628],[-17.91541,28.85604],[-17.9154,28.85559],[-17.9161,28.85562],[-17.91588,28.85467],[-17.91685,28.85325],[-17.91681,28.85359],[-17.91783,28.85435],[-17.91774,28.85529],[-17.9184,28.85649],[-17.91982,28.85743],[-17.92162,28.856],[-17.92179,28.85626],[-17.922,28.85591],[-17.92267,28.85592],[-17.92267,28.85556],[-17.92183,28.85503],[-17.92263,28.85472],[-17.92262,28.85342],[-17.92309,28.85347],[-17.92332,28.854],[-17.92398,28.85361],[-17.92376,28.8527],[-17.92522,28.85326],[-17.92547,28.85294],[-17.92538,28.8525],[-17.92467,28.85233],[-17.92448,28.85173],[-17.92313,28.85047],[-17.92315,28.84999],[-17.92416,28.84835],[-17.92533,28.84839],[-17.92482,28.84807],[-17.92505,28.84762],[-17.92665,28.84784],[-17.92605,28.84703],[-17.92651,28.8463],[-17.92714,28.8463],[-17.92787,28.84701],[-17.92826,28.84694],[-17.92818,28.84565],[-17.92937,28.84476],[-17.93197,28.84389],[-17.93275,28.8441],[-17.93309,28.84387],[-17.933,28.84351],[-17.93425,28.84259],[-17.93883,28.84104],[-17.94,28.84177],[-17.94083,28.84173],[-17.94138,28.84258],[-17.94199,28.84228],[-17.94256,28.84094],[-17.94308,28.84102],[-17.94362,28.8419],[-17.94496,28.84178],[-17.94561,28.84227],[-17.9464,28.84237],[-17.94626,28.84086],[-17.94582,28.84092],[-17.94578,28.84057],[-17.94612,28.83981],[-17.94725,28.83952],[-17.94762,28.83964],[-17.94756,28.84035],[-17.94857,28.84048],[-17.94883,28.84024],[-17.94906,28.83972],[-17.9484,28.83909],[-17.94936,28.83888],[-17.94897,28.83767],[-17.95005,28.83517],[-17.95414,28.83149],[-17.95509,28.83085],[-17.95564,28.83128],[-17.95549,28.83074],[-17.95716,28.8302],[-17.95883,28.82846],[-17.96048,28.82803],[-17.9629,28.82661],[-17.96602,28.8266],[-17.96702,28.82758],[-17.96778,28.82725],[-17.96686,28.82641],[-17.96687,28.82609],[-17.96806,28.82585],[-17.96822,28.82498],[-17.96742,28.82481],[-17.96718,28.82346],[-17.96663,28.82303],[-17.96668,28.82242],[-17.96701,28.82164],[-17.96753,28.82194],[-17.96716,28.82142],[-17.96817,28.8207],[-17.96805,28.82043],[-17.96852,28.8197],[-17.96914,28.81957],[-17.96932,28.82028],[-17.97011,28.82038],[-17.97066,28.82007],[-17.97051,28.81918],[-17.97102,28.81867],[-17.97064,28.81815],[-17.971,28.81807],[-17.97034,28.81639],[-17.97049,28.81576],[-17.97276,28.81528],[-17.97196,28.81496],[-17.97207,28.814],[-17.97435,28.81232],[-17.97515,28.81113],[-17.97619,28.81098],[-17.97759,28.81246],[-17.97834,28.81185],[-17.97903,28.81244],[-17.97927,28.81231],[-17.9791,28.81193],[-17.97869,28.81192],[-17.97873,28.81096],[-17.9777,28.81057],[-17.97771,28.81008],[-17.97827,28.80976],[-17.97762,28.80939],[-17.97715,28.80815],[-17.97838,28.80462],[-17.97934,28.80332],[-17.98051,28.80264],[-17.98078,28.80177],[-17.98163,28.80078],[-17.98272,28.80024],[-17.98331,28.79955],[-17.98411,28.79921],[-17.98466,28.79938],[-17.98474,28.7985],[-17.9856,28.79821],[-17.98586,28.79895],[-17.98611,28.79868],[-17.98693,28.79878],[-17.98688,28.79839],[-17.98777,28.79747],[-17.98776,28.79702],[-17.98816,28.79702],[-17.98783,28.79623],[-17.98802,28.79566],[-17.98647,28.79469],[-17.9845,28.79494],[-17.98406,28.79476],[-17.98358,28.79392],[-17.98225,28.79381],[-17.98205,28.79253],[-17.98073,28.7915],[-17.98123,28.7898],[-17.98036,28.78867],[-17.97742,28.78714],[-17.97748,28.78603],[-17.97567,28.78597],[-17.97512,28.78537],[-17.97404,28.78238],[-17.97333,28.78134],[-17.97202,28.78139],[-17.96984,28.78042],[-17.96954,28.78013],[-17.96952,28.77835],[-17.96581,28.77701],[-17.96521,28.77616],[-17.96522,28.77511],[-17.96483,28.77465],[-17.96349,28.77435],[-17.96315,28.77331],[-17.96151,28.77202],[-17.95925,28.77123],[-17.95784,28.7715],[-17.95773,28.7702],[-17.95724,28.76975],[-17.95647,28.76968],[-17.95535,28.77018],[-17.95509,28.76979],[-17.95531,28.76894],[-17.95441,28.76929],[-17.95373,28.76918],[-17.95273,28.76788],[-17.94878,28.7664],[-17.94727,28.76668],[-17.94461,28.76644],[-17.94336,28.76724],[-17.94157,28.76614],[-17.94069,28.7667],[-17.94006,28.76664],[-17.93841,28.76524],[-17.93777,28.76514],[-17.93615,28.76631],[-17.9356,28.76596],[-17.93496,28.76432],[-17.93343,28.76336],[-17.93288,28.76126],[-17.92802,28.75795],[-17.92643,28.75811],[-17.92214,28.75368],[-17.92141,28.75322],[-17.9189,28.75269],[-17.91809,28.75178],[-17.91752,28.7516],[-17.91671,28.75166],[-17.91047,28.75437],[-17.90797,28.75414],[-17.90544,28.75467],[-17.90354,28.75461],[-17.90242,28.75419],[-17.90188,28.75427],[-17.90055,28.75528],[-17.89923,28.7544],[-17.89574,28.75405],[-17.89171,28.75177],[-17.89017,28.75039],[-17.88808,28.75299],[-17.88709,28.75368],[-17.88487,28.75447],[-17.88275,28.7581],[-17.87585,28.76245],[-17.87488,28.7624],[-17.8705,28.76002],[-17.86795,28.76136],[-17.86692,28.76159],[-17.86484,28.76136],[-17.86355,28.76067],[-17.86225,28.76296],[-17.8601,28.76452],[-17.85806,28.76683],[-17.857,28.76903],[-17.8588,28.77004],[-17.86158,28.77062],[-17.86184,28.77091],[-17.86163,28.77291],[-17.86003,28.77799],[-17.8607,28.78097],[-17.85973,28.78342],[-17.8598,28.78398],[-17.86159,28.78579],[-17.85819,28.79218],[-17.85802,28.79298],[-17.85874,28.79427],[-17.8582,28.79592],[-17.85763,28.79659],[-17.8563,28.79676],[-17.85638,28.79746],[-17.85806,28.79911],[-17.8581,28.79961],[-17.85776,28.79998],[-17.85649,28.80017],[-17.85606,28.80111],[-17.85432,28.8017],[-17.85481,28.80306],[-17.85459,28.80598],[-17.85327,28.80786],[-17.85013,28.80922],[-17.84976,28.80974],[-17.84985,28.81012],[-17.85075,28.81074],[-17.85086,28.81123],[-17.85048,28.8126],[-17.85114,28.81361],[-17.85106,28.81426],[-17.85037,28.81535],[-17.85086,28.81582],[-17.85071,28.81628],[-17.8499,28.81665],[-17.84739,28.8168],[-17.847,28.81706],[-17.84742,28.8178],[-17.8489,28.81835],[-17.84778,28.82025],[-17.84771,28.8209],[-17.84802,28.82125],[-17.84971,28.82173],[-17.8503,28.82233],[-17.85057,28.82332],[-17.85027,28.82408],[-17.8496,28.82444],[-17.84822,28.82352],[-17.84793,28.82366],[-17.84785,28.82545],[-17.84701,28.82621],[-17.84673,28.82747],[-17.84828,28.82894],[-17.84896,28.83091],[-17.84894,28.83181],[-17.84737,28.8338],[-17.84807,28.83509]]],[[[-17.95817,28.83059],[-17.95805,28.83137],[-17.95879,28.83196],[-17.95812,28.83097],[-17.95817,28.83059]]],[[[-17.85365,28.83412],[-17.85313,28.83384],[-17.85297,28.8341],[-17.85376,28.83448],[-17.85365,28.83412]]],[[[-17.94504,28.84218],[-17.94479,28.84213],[-17.94467,28.84255],[-17.94515,28.84248],[-17.94504,28.84218]]],[[[-17.93473,28.84527],[-17.93451,28.8448],[-17.93446,28.84517],[-17.93473,28.84527]]],[[[-17.92888,28.84691],[-17.92883,28.8465],[-17.92852,28.84649],[-17.92888,28.84691]]],[[[-17.92129,28.85746],[-17.92107,28.85711],[-17.92073,28.85736],[-17.92129,28.85746]]]]}},{"type":"Feature","properties":{"name":"Alajeró"},"geometry":{"type":"MultiPolygon","coordinates":[[[[-17.24485,28.11104],[-17.24662,28.11072],[-17.24842,28.10984],[-17.24927,28.10694],[-17.24762,28.10564],[-17.24711,28.10483],[-17.24765,28.10404],[-17.24779,28.10186],[-17.24899,28.09992],[-17.24922,28.09756],[-17.25293,28.09622],[-17.25349,28.09213],[-17.25426,28.09079],[-17.25572,28.08972],[-17.25692,28.0877],[-17.25725,28.08647],[-17.25853,28.08512],[-17.26122,28.08334],[-17.26244,28.08213],[-17.26354,28.08185],[-17.26445,28.0812],[-17.26462,28.0807],[-17.26396,28.07958],[-17.26502,28.07723],[-17.26933,28.07538],[-17.27136,28.07401],[-17.2745,28.07091],[-17.27697,28.07016],[-17.27855,28.0692],[-17.2788,28.0689],[-17.27829,28.06797],[-17.27914,28.06666],[-17.27979,28.06594],[-17.28089,28.06569],[-17.28086,28.06503],[-17.28247,28.06369],[-17.28402,28.06171],[-17.28675,28.06013],[-17.28861,28.0599],[-17.28877,28.05926],[-17.29079,28.05805],[-17.29138,28.05687],[-17.29102,28.05566],[-17.29118,28.05527],[-17.29366,28.05292],[-17.29573,28.04753],[-17.29373,28.0463],[-17.29325,28.04671],[-17.29265,28.04663],[-17.29187,28.04702],[-17.29079,28.04623],[-17.29044,28.04543],[-17.29092,28.04304],[-17.28918,28.03954],[-17.28938,28.03802],[-17.28762,28.03864],[-17.28709,28.03852],[-17.2866,28.03923],[-17.28576,28.03848],[-17.28413,28.03889],[-17.28364,28.03867],[-17.28353,28.03779],[-17.28206,28.03872],[-17.28106,28.03872],[-17.27967,28.03824],[-17.28011,28.0375],[-17.27948,28.03667],[-17.27884,28.03697],[-17.27683,28.03676],[-17.27542,28.03573],[-17.27335,28.03606],[-17.27272,28.03517],[-17.27362,28.03354],[-17.27379,28.03243],[-17.27341,28.03196],[-17.2737,28.03145],[-17.2736,28.03078],[-17.27272,28.03028],[-17.27261,28.02989],[-17.27308,28.02898],[-17.27237,28.02795],[-17.27255,28.02708],[-17.27216,28.0271],[-17.27104,28.02569],[-17.26938,28.02496],[-17.26784,28.02516],[-17.26738,28.02481],[-17.26659,28.02498],[-17.266,28.02471],[-17.26485,28.0255],[-17.26323,28.02566],[-17.25906,28.02529],[-17.25769,28.02558],[-17.25654,28.02641],[-17.25512,28.02556],[-17.25373,28.02587],[-17.25004,28.02499],[-17.24929,28.02384],[-17.24918,28.02266],[-17.24951,28.02227],[-17.24892,28.02177],[-17.24663,28.0218],[-17.24496,28.02018],[-17.24345,28.01986],[-17.24222,28.02063],[-17.24134,28.0206],[-17.23903,28.02157],[-17.23771,28.0217],[-17.23662,28.02225],[-17.23482,28.02231],[-17.23458,28.02244],[-17.23513,28.02379],[-17.23421,28.02507],[-17.23017,28.02579],[-17.22799,28.02659],[-17.22585,28.02557],[-17.22006,28.02572],[-17.21941,28.02517],[-17.21717,28.02582],[-17.21694,28.02645],[-17.21546,28.02731],[-17.21128,28.02727],[-17.21009,28.02668],[-17.20908,28.02464],[-17.20842,28.02426],[-17.20311,28.02406],[-17.20262,28.02378],[-17.20055,28.02432],[-17.19856,28.02393],[-17.19792,28.02446],[-17.19826,28.02546],[-17.19639,28.02669],[-17.19657,28.02685],[-17.19819,28.02593],[-17.19845,28.02639],[-17.1979,28.02709],[-17.19796,28.02763],[-17.19666,28.02847],[-17.19599,28.02792],[-17.19619,28.02867],[-17.19558,28.02893],[-17.19211,28.02957],[-17.19396,28.03146],[-17.19753,28.03405],[-17.19918,28.03754],[-17.20269,28.04135],[-17.20321,28.04469],[-17.20364,28.04569],[-17.20966,28.05017],[-17.21045,28.05184],[-17.21053,28.05454],[-17.21091,28.05551],[-17.21263,28.05734],[-17.21403,28.05952],[-17.215,28.0603],[-17.21555,28.06159],[-17.21647,28.0625],[-17.21729,28.0641],[-17.21753,28.06569],[-17.21842,28.0678],[-17.22055,28.06884],[-17.22116,28.0702],[-17.22265,28.072],[-17.22398,28.07555],[-17.22529,28.07644],[-17.22617,28.0801],[-17.22732,28.08125],[-17.2276,28.08301],[-17.22859,28.08451],[-17.23064,28.08603],[-17.23142,28.08755],[-17.23184,28.0889],[-17.23186,28.09096],[-17.23313,28.09165],[-17.23354,28.09428],[-17.23441,28.09503],[-17.23521,28.09658],[-17.23572,28.09887],[-17.2354,28.10092],[-17.23558,28.10146],[-17.23868,28.10496],[-17.23828,28.10635],[-17.24116,28.10841],[-17.24379,28.10859],[-17.24426,28.11054],[-17.24485,28.11104]]]]}},{"type":"Feature","properties":{"name":"Tuineje"},"geometry":{"type":"MultiPolygon","coordinates":[[[[-14.1273,28.18901],[-14.12518,28.19051],[-14.12407,28.19092],[-14.1211,28.19155],[-14.11652,28.19168],[-14.11554,28.19141],[-14.11547,28.19043],[-14.11472,28.18996],[-14.11434,28.18905],[-14.11357,28.18933],[-14.11248,28.18852],[-14.11132,28.18903],[-14.11021,28.18889],[-14.11,28.19018],[-14.10924,28.19051],[-14.10872,28.18994],[-14.10855,28.19041],[-14.10715,28.1913],[-14.10709,28.19188],[-14.10616,28.19271],[-14.10533,28.19306],[-14.10317,28.193],[-14.10198,28.19369],[-14.10094,28.19366],[-14.09997,28.19448],[-14.09922,28.19431],[-14.09854,28.19472],[-14.0966,28.19477],[-14.09549,28.19372],[-14.0953,28.19277],[-14.09488,28.19233],[-14.09225,28.19431],[-14.08945,28.19461],[-14.08902,28.19501],[-14.08819,28.19512],[-14.0872,28.19601],[-14.08468,28.19657],[-14.08433,28.1964],[-14.08107,28.19785],[-14.07996,28.19766],[-14.0782,28.19786],[-14.07746,28.19745],[-14.0768,28.19808],[-14.07618,28.20038],[-14.07345,28.20158],[-14.07218,28.20166],[-14.07021,28.19978],[-14.07005,28.19916],[-14.06924,28.19929],[-14.06813,28.19891],[-14.06739,28.19941],[-14.06732,28.1998],[-14.06622,28.19982],[-14.06507,28.2012],[-14.06346,28.20154],[-14.06305,28.20122],[-14.06051,28.20229],[-14.05902,28.20223],[-14.05865,28.20187],[-14.05692,28.20215],[-14.05555,28.20187],[-14.05529,28.20228],[-14.05371,28.20228],[-14.05214,28.20305],[-14.05024,28.20336],[-14.04944,28.20323],[-14.04831,28.20218],[-14.04678,28.20232],[-14.04561,28.20285],[-14.0427,28.20243],[-14.0419,28.20318],[-14.04079,28.20329],[-14.0371,28.20553],[-14.03271,28.20725],[-14.02995,28.20708],[-14.02811,28.20539],[-14.02755,28.20531],[-14.02502,28.20635],[-14.02517,28.20658],[-14.02788,28.2056],[-14.02854,28.20634],[-14.027,28.20704],[-14.02717,28.20755],[-14.02518,28.20841],[-14.02444,28.2084],[-14.02437,28.208],[-14.0253,28.20767],[-14.02426,28.20763],[-14.0238,28.20783],[-14.0232,28.20877],[-14.02284,28.20651],[-14.0241,28.20536],[-14.02392,28.20521],[-14.02258,28.20643],[-14.02291,28.20845],[-14.02277,28.20989],[-14.01911,28.2111],[-14.01659,28.21103],[-14.01583,28.21013],[-14.01468,28.20948],[-14.0134,28.20784],[-14.01267,28.20768],[-14.01224,28.20814],[-14.00791,28.21001],[-14.00739,28.21099],[-14.00581,28.21226],[-14.00513,28.21339],[-14.00297,28.21525],[-14.00244,28.21516],[-14.00203,28.21582],[-14.00107,28.21589],[-14.00079,28.21645],[-14.00007,28.21687],[-13.99892,28.21646],[-13.99828,28.21667],[-13.99551,28.2181],[-13.99502,28.21902],[-13.99357,28.22044],[-13.99201,28.22091],[-13.99176,28.22163],[-13.99193,28.22242],[-13.99153,28.22341],[-13.99016,28.22513],[-13.98915,28.2255],[-13.98932,28.22582],[-13.98886,28.22695],[-13.98664,28.22818],[-13.98454,28.22821],[-13.98396,28.22788],[-13.98408,28.22749],[-13.98383,28.22782],[-13.98354,28.22756],[-13.98334,28.22702],[-13.9813,28.22842],[-13.97829,28.22896],[-13.97577,28.22902],[-13.97329,28.22855],[-13.96675,28.22876],[-13.95904,28.22719],[-13.95388,28.22739],[-13.95361,28.22706],[-13.95346,28.22749],[-13.95258,28.22774],[-13.94805,28.22779],[-13.94516,28.22877],[-13.94271,28.23059],[-13.9424,28.23143],[-13.94173,28.23193],[-13.94014,28.2326],[-13.93965,28.23224],[-13.93859,28.23219],[-13.93874,28.23273],[-13.93802,28.23334],[-13.93603,28.23359],[-13.93399,28.23644],[-13.93143,28.23826],[-13.93151,28.2386],[-13.93082,28.23924],[-13.93032,28.24039],[-13.92694,28.24149],[-13.9257,28.24313],[-13.92522,28.24464],[-13.92425,28.2456],[-13.92451,28.24606],[-13.92356,28.24706],[-13.92239,28.24751],[-13.92204,28.24932],[-13.92232,28.24959],[-13.92163,28.25203],[-13.98044,28.33494],[-14.05903,28.37705],[-14.05965,28.37793],[-14.05997,28.37717],[-14.06266,28.37559],[-14.06317,28.37396],[-14.06341,28.3706],[-14.06421,28.36771],[-14.06442,28.36521],[-14.06389,28.3588],[-14.06197,28.35629],[-14.05853,28.35522],[-14.0586,28.35326],[-14.0582,28.35192],[-14.05956,28.35074],[-14.06135,28.34997],[-14.0624,28.3475],[-14.06375,28.34576],[-14.06547,28.34526],[-14.07105,28.34127],[-14.07388,28.33967],[-14.07447,28.33707],[-14.07598,28.33374],[-14.07968,28.33208],[-14.08194,28.33002],[-14.08647,28.32708],[-14.09375,28.32575],[-14.09513,28.32583],[-14.09647,28.32393],[-14.09885,28.32237],[-14.10127,28.31986],[-14.10416,28.3202],[-14.10584,28.31971],[-14.10748,28.31821],[-14.11073,28.31333],[-14.11123,28.31249],[-14.11194,28.30978],[-14.11363,28.3083],[-14.11545,28.30876],[-14.11781,28.30824],[-14.12388,28.30252],[-14.12678,28.3015],[-14.12789,28.30027],[-14.12765,28.29916],[-14.12835,28.29784],[-14.13164,28.29453],[-14.13483,28.29232],[-14.13736,28.29151],[-14.13864,28.2907],[-14.14079,28.29026],[-14.14322,28.29129],[-14.145,28.29249],[-14.14683,28.29255],[-14.14786,28.29164],[-14.14931,28.29113],[-14.15237,28.28926],[-14.15496,28.28948],[-14.15584,28.28896],[-14.15715,28.28886],[-14.15989,28.28744],[-14.159,28.28485],[-14.15914,28.28386],[-14.15829,28.28278],[-14.15904,28.28149],[-14.15863,28.28011],[-14.15751,28.27944],[-14.15615,28.2791],[-14.15517,28.27835],[-14.15142,28.27852],[-14.14776,28.27698],[-14.14635,28.2757],[-14.14568,28.27306],[-14.14224,28.26709],[-14.14259,28.26611],[-14.14231,28.26527],[-14.13992,28.26479],[-14.1383,28.26173],[-14.13828,28.26083],[-14.13947,28.25887],[-14.13928,28.25743],[-14.14037,28.25716],[-14.14123,28.25652],[-14.14181,28.25481],[-14.14288,28.25393],[-14.14315,28.25294],[-14.14308,28.25241],[-14.13994,28.24907],[-14.14003,28.24805],[-14.14107,28.24565],[-14.14045,28.24443],[-14.13933,28.24368],[-14.1392,28.24147],[-14.13811,28.24066],[-14.13747,28.23908],[-14.13908,28.235],[-14.13947,28.23312],[-14.13917,28.2319],[-14.13954,28.23032],[-14.13672,28.2238],[-14.13588,28.22277],[-14.13902,28.22004],[-14.13978,28.2181],[-14.13996,28.21599],[-14.13966,28.21547],[-14.13953,28.21365],[-14.13978,28.21274],[-14.13848,28.21006],[-14.13863,28.20492],[-14.1375,28.20267],[-14.13554,28.20072],[-14.13354,28.19933],[-14.13158,28.19743],[-14.12919,28.19645],[-14.12815,28.19509],[-14.12782,28.19433],[-14.12804,28.19175],[-14.1275,28.19068],[-14.1273,28.18901]]]]}},{"type":"Feature","properties":{"name":"Puerto de la Cruz"},"geometry":{"type":"MultiPolygon","coordinates":[[[[-16.52329,28.41723],[-16.52488,28.41709],[-16.52551,28.4176],[-16.52585,28.41838],[-16.52686,28.41765],[-16.52737,28.41777],[-16.52703,28.41797],[-16.52718,28.41837],[-16.52731,28.41791],[-16.52859,28.41749],[-16.52994,28.41802],[-16.53156,28.41767],[-16.53176,28.41722],[-16.53297,28.41666],[-16.53617,28.41734],[-16.53641,28.41691],[-16.53851,28.41726],[-16.54034,28.41683],[-16.54118,28.4178],[-16.54157,28.41964],[-16.54118,28.42014],[-16.53955,28.42039],[-16.54153,28.42037],[-16.54335,28.4211],[-16.54385,28.42092],[-16.54411,28.42],[-16.54524,28.41947],[-16.54536,28.41835],[-16.54602,28.41751],[-16.54708,28.41783],[-16.54743,28.41727],[-16.54834,28.41881],[-16.54848,28.41855],[-16.5502,28.41816],[-16.5502,28.41768],[-16.5507,28.41773],[-16.55056,28.4192],[-16.54981,28.41983],[-16.55114,28.41909],[-16.55341,28.41873],[-16.5548,28.41892],[-16.55723,28.41695],[-16.55892,28.41485],[-16.55967,28.41457],[-16.55878,28.41419],[-16.55939,28.41308],[-16.56066,28.41261],[-16.56149,28.41189],[-16.56212,28.41206],[-16.56186,28.41159],[-16.56207,28.41124],[-16.56332,28.41084],[-16.56428,28.41107],[-16.56456,28.41136],[-16.56437,28.41194],[-16.56465,28.4122],[-16.5656,28.41209],[-16.566,28.41277],[-16.5662,28.41177],[-16.56679,28.41162],[-16.56612,28.41122],[-16.56652,28.4101],[-16.56954,28.40797],[-16.57055,28.40795],[-16.57056,28.40721],[-16.56883,28.40242],[-16.56827,28.39986],[-16.56725,28.39849],[-16.5647,28.39638],[-16.56413,28.39518],[-16.56413,28.39391],[-16.56354,28.39362],[-16.55861,28.39399],[-16.55744,28.39159],[-16.55733,28.39248],[-16.5556,28.39386],[-16.55444,28.39758],[-16.54912,28.39716],[-16.54649,28.39787],[-16.54077,28.3973],[-16.54024,28.39691],[-16.53872,28.39673],[-16.5366,28.39834],[-16.53542,28.40259],[-16.53456,28.40384],[-16.53289,28.40538],[-16.53024,28.40664],[-16.52909,28.40662],[-16.52804,28.40617],[-16.52507,28.40709],[-16.52368,28.4069],[-16.52002,28.40791],[-16.5208,28.40972],[-16.52226,28.41089],[-16.52324,28.41485],[-16.52292,28.41608],[-16.52329,28.41723]]]]}},{"type":"Feature","properties":{"name":"Tacoronte"},"geometry":{"type":"MultiPolygon","coordinates":[[[[-16.42513,28.50439],[-16.42557,28.50415],[-16.42516,28.5041],[-16.42513,28.50439]]],[[[-16.4107,28.52685],[-16.41109,28.52695],[-16.41112,28.5255],[-16.41194,28.52431],[-16.41397,28.52297],[-16.41565,28.52105],[-16.41717,28.52054],[-16.4175,28.52068],[-16.41795,28.52041],[-16.4179,28.5196],[-16.41846,28.51938],[-16.41934,28.51831],[-16.42026,28.51845],[-16.42054,28.51818],[-16.42023,28.51784],[-16.4204,28.51763],[-16.42083,28.51817],[-16.42141,28.51764],[-16.42109,28.51678],[-16.42163,28.51611],[-16.42065,28.51489],[-16.41988,28.51309],[-16.41992,28.51225],[-16.42053,28.51163],[-16.42121,28.51148],[-16.42082,28.5111],[-16.42099,28.51035],[-16.4217,28.51066],[-16.42187,28.51019],[-16.4213,28.51015],[-16.42157,28.50909],[-16.42295,28.50905],[-16.42144,28.5081],[-16.42128,28.50753],[-16.42222,28.50689],[-16.42338,28.50745],[-16.42304,28.50658],[-16.42362,28.50664],[-16.42388,28.50625],[-16.42345,28.50624],[-16.42352,28.50595],[-16.42286,28.50562],[-16.42297,28.50499],[-16.42318,28.50467],[-16.42472,28.50546],[-16.42484,28.50509],[-16.42439,28.5047],[-16.42365,28.50467],[-16.42373,28.50429],[-16.42511,28.50387],[-16.4249,28.50307],[-16.42514,28.50285],[-16.42643,28.50276],[-16.42573,28.5018],[-16.42468,28.50158],[-16.42479,28.50113],[-16.42433,28.50077],[-16.42432,28.50034],[-16.42521,28.49967],[-16.42666,28.49992],[-16.42579,28.4994],[-16.42589,28.49868],[-16.42677,28.49844],[-16.42567,28.49765],[-16.42605,28.49518],[-16.42699,28.49403],[-16.42693,28.49249],[-16.42806,28.49263],[-16.42864,28.49228],[-16.42867,28.49087],[-16.42916,28.49021],[-16.42857,28.48957],[-16.4287,28.4892],[-16.43059,28.48737],[-16.42908,28.48627],[-16.42823,28.48452],[-16.42669,28.48251],[-16.42384,28.48147],[-16.42172,28.47893],[-16.41874,28.47763],[-16.41787,28.47504],[-16.40954,28.46317],[-16.41045,28.46266],[-16.40634,28.44963],[-16.3964,28.43032],[-16.38996,28.4401],[-16.38643,28.44383],[-16.38566,28.44427],[-16.38456,28.44612],[-16.38545,28.45037],[-16.38318,28.44999],[-16.38254,28.45038],[-16.38321,28.45118],[-16.38338,28.45391],[-16.38236,28.45537],[-16.38203,28.45679],[-16.38075,28.45869],[-16.37985,28.46358],[-16.37813,28.46689],[-16.37811,28.46783],[-16.3771,28.47097],[-16.37535,28.47139],[-16.37352,28.4714],[-16.37247,28.47197],[-16.37467,28.49076],[-16.37784,28.49335],[-16.38162,28.49556],[-16.38497,28.49833],[-16.38863,28.50016],[-16.39249,28.50364],[-16.39463,28.50516],[-16.39431,28.50551],[-16.40002,28.50963],[-16.40564,28.52056],[-16.4107,28.52685]]],[[[-16.42261,28.50944],[-16.42246,28.50984],[-16.42293,28.51005],[-16.42318,28.5098],[-16.42261,28.50944]]],[[[-16.41851,28.51966],[-16.41883,28.52001],[-16.41903,28.51987],[-16.41851,28.51966]]]]}},{"type":"Feature","properties":{"name":"Tinajo"},"geometry":{"type":"MultiPolygon","coordinates":[[[[-13.65198,29.12245],[-13.65227,29.12207],[-13.65201,29.1216],[-13.65266,29.12139],[-13.65513,29.12298],[-13.65793,29.12371],[-13.66058,29.12183],[-13.66178,29.1203],[-13.66263,29.11816],[-13.6619,29.11622],[-13.66008,29.11523],[-13.65908,29.11418],[-13.65673,29.11327],[-13.65649,29.11411],[-13.65546,29.11442],[-13.65539,29.1148],[-13.65311,29.11647],[-13.65279,29.11734],[-13.6532,29.11828],[-13.65304,29.11955],[-13.65238,29.12015],[-13.65192,29.11979],[-13.6523,29.1181],[-13.65174,29.1175],[-13.65205,29.11608],[-13.65139,29.11515],[-13.65154,29.11434],[-13.65196,29.11428],[-13.65206,29.11385],[-13.65344,29.1144],[-13.65521,29.11318],[-13.6567,29.11272],[-13.65798,29.11286],[-13.65931,29.11226],[-13.66184,29.11321],[-13.66257,29.11255],[-13.66268,29.11152],[-13.66379,29.1116],[-13.66452,29.11088],[-13.665,29.10967],[-13.66651,29.10991],[-13.66849,29.10853],[-13.66923,29.10848],[-13.66963,29.10794],[-13.67064,29.10788],[-13.67344,29.10645],[-13.67431,29.1065],[-13.67491,29.10544],[-13.67574,29.10592],[-13.67574,29.10472],[-13.67673,29.10432],[-13.67706,29.10368],[-13.67747,29.10353],[-13.67899,29.1042],[-13.68081,29.10373],[-13.68116,29.10285],[-13.68078,29.10206],[-13.68177,29.10081],[-13.68213,29.10076],[-13.6808,29.09928],[-13.68072,29.09813],[-13.6818,29.09655],[-13.68272,29.09597],[-13.68293,29.09538],[-13.68479,29.09468],[-13.68481,29.09442],[-13.68538,29.09448],[-13.68575,29.09397],[-13.68691,29.09375],[-13.68796,29.09236],[-13.69013,29.09275],[-13.69119,29.09254],[-13.6916,29.09215],[-13.6913,29.09162],[-13.69182,29.09117],[-13.69169,29.09067],[-13.69201,29.09027],[-13.69347,29.09022],[-13.69375,29.08982],[-13.694,29.09014],[-13.69681,29.09034],[-13.69738,29.09087],[-13.69778,29.09052],[-13.69861,29.0909],[-13.69945,29.0906],[-13.70015,29.09078],[-13.70104,29.08998],[-13.70166,29.09005],[-13.70184,29.08961],[-13.70152,29.08934],[-13.70345,29.08753],[-13.70388,29.08539],[-13.7047,29.08518],[-13.70581,29.08268],[-13.7061,29.08264],[-13.7065,29.08039],[-13.70778,29.0795],[-13.7096,29.0794],[-13.71081,29.08109],[-13.71215,29.08182],[-13.71261,29.08187],[-13.71316,29.08107],[-13.7151,29.081],[-13.7161,29.08241],[-13.71685,29.08247],[-13.7183,29.08325],[-13.7189,29.08309],[-13.71993,29.08382],[-13.72059,29.08388],[-13.72056,29.08413],[-13.72167,29.08422],[-13.72209,29.08487],[-13.72315,29.08499],[-13.72344,29.08442],[-13.72388,29.08486],[-13.72406,29.08463],[-13.72358,29.0837],[-13.72439,29.08415],[-13.72609,29.08378],[-13.72661,29.08308],[-13.72668,29.08159],[-13.72715,29.08126],[-13.73072,29.08233],[-13.73137,29.0817],[-13.73359,29.08129],[-13.73521,29.08054],[-13.73641,29.08051],[-13.73721,29.07993],[-13.73901,29.08014],[-13.73951,29.08065],[-13.74159,29.07998],[-13.74178,29.0803],[-13.74245,29.07999],[-13.74339,29.08013],[-13.74472,29.07826],[-13.7462,29.07779],[-13.74894,29.07853],[-13.7518,29.07869],[-13.75197,29.07903],[-13.75205,29.07835],[-13.75398,29.07771],[-13.75619,29.07761],[-13.75796,29.07569],[-13.75828,29.0733],[-13.75902,29.07263],[-13.75878,29.07205],[-13.75906,29.07107],[-13.76043,29.06928],[-13.76024,29.06908],[-13.76068,29.06793],[-13.76096,29.06788],[-13.76081,29.06738],[-13.76213,29.06684],[-13.76296,29.066],[-13.76333,29.0661],[-13.7637,29.06558],[-13.76509,29.0658],[-13.76604,29.06549],[-13.76577,29.06472],[-13.76634,29.06395],[-13.76764,29.06403],[-13.76814,29.06514],[-13.7684,29.0651],[-13.76896,29.06599],[-13.76869,29.06638],[-13.76958,29.06643],[-13.77047,29.06524],[-13.77023,29.06496],[-13.77038,29.06429],[-13.7707,29.06439],[-13.77099,29.06408],[-13.77136,29.06298],[-13.7727,29.06254],[-13.77308,29.06299],[-13.77387,29.06251],[-13.77464,29.06247],[-13.77518,29.06346],[-13.77555,29.06339],[-13.77565,29.06284],[-13.77649,29.06309],[-13.77706,29.06236],[-13.77761,29.06247],[-13.77833,29.06187],[-13.77928,29.06193],[-13.77956,29.06094],[-13.78223,29.05783],[-13.7829,29.05768],[-13.78279,29.05733],[-13.78326,29.05707],[-13.78312,29.05674],[-13.78362,29.0561],[-13.78995,29.05385],[-13.79221,29.05192],[-13.79337,29.05188],[-13.79297,29.05118],[-13.79394,29.05078],[-13.79648,29.04793],[-13.7963,29.04773],[-13.79687,29.04716],[-13.79677,29.04666],[-13.79778,29.04559],[-13.79876,29.04306],[-13.79929,29.04295],[-13.79898,29.0427],[-13.79919,29.04229],[-13.80164,29.04082],[-13.80444,29.03972],[-13.80618,29.03771],[-13.80733,29.03719],[-13.74489,28.99804],[-13.6957,28.98572],[-13.67913,28.99479],[-13.66001,29.00693],[-13.66002,29.00771],[-13.65289,29.02343],[-13.65053,29.02517],[-13.64662,29.03062],[-13.6453,29.03487],[-13.64531,29.03824],[-13.64412,29.0407],[-13.64419,29.04251],[-13.64309,29.04778],[-13.63888,29.06319],[-13.64118,29.07203],[-13.64186,29.08832],[-13.65125,29.12212],[-13.65198,29.12245]]]]}},{"type":"Feature","properties":{"name":"San Miguel de Abona"},"geometry":{"type":"MultiPolygon","coordinates":[[[[-16.62007,28.13419],[-16.62053,28.13312],[-16.62096,28.13309],[-16.62154,28.13229],[-16.6205,28.13021],[-16.62182,28.1294],[-16.62291,28.12743],[-16.62449,28.12712],[-16.62443,28.12671],[-16.62521,28.12646],[-16.62531,28.12573],[-16.62615,28.126],[-16.62714,28.12454],[-16.62851,28.12399],[-16.62882,28.12349],[-16.63121,28.12311],[-16.6315,28.12239],[-16.63198,28.1222],[-16.63212,28.12138],[-16.63272,28.12093],[-16.64129,28.11625],[-16.64169,28.11539],[-16.6417,28.10818],[-16.64206,28.10382],[-16.64149,28.1029],[-16.64161,28.10193],[-16.64088,28.10023],[-16.64165,28.09908],[-16.64297,28.08961],[-16.63951,28.07895],[-16.64164,28.07122],[-16.63971,28.06696],[-16.63774,28.06082],[-16.63913,28.0094],[-16.6387,28.00845],[-16.63855,28.00918],[-16.63822,28.00932],[-16.63439,28.00933],[-16.63423,28.00893],[-16.63387,28.00874],[-16.63345,28.00903],[-16.63335,28.00867],[-16.63168,28.00956],[-16.63182,28.00997],[-16.63121,28.00997],[-16.63119,28.01028],[-16.63186,28.01139],[-16.6315,28.01222],[-16.63189,28.01237],[-16.63178,28.01264],[-16.62993,28.0137],[-16.62936,28.01496],[-16.62827,28.01502],[-16.62679,28.01568],[-16.62599,28.01816],[-16.62536,28.01865],[-16.62352,28.01873],[-16.6231,28.01833],[-16.62214,28.01879],[-16.6212,28.01881],[-16.62084,28.01848],[-16.62058,28.01886],[-16.61985,28.01888],[-16.6194,28.01886],[-16.61934,28.01841],[-16.61862,28.0189],[-16.61851,28.01939],[-16.61787,28.01944],[-16.6177,28.01987],[-16.61679,28.01983],[-16.61674,28.02059],[-16.61646,28.02072],[-16.61606,28.02051],[-16.61495,28.02092],[-16.61449,28.02006],[-16.61463,28.02096],[-16.61436,28.02098],[-16.61443,28.02049],[-16.6137,28.02051],[-16.61261,28.02141],[-16.61161,28.02159],[-16.61093,28.02209],[-16.61043,28.02135],[-16.61078,28.02115],[-16.61053,28.02078],[-16.61373,28.01905],[-16.61469,28.01944],[-16.61489,28.01924],[-16.6139,28.01876],[-16.61298,28.01894],[-16.61007,28.02079],[-16.60989,28.02115],[-16.61044,28.02239],[-16.61017,28.02262],[-16.6077,28.02295],[-16.60732,28.02265],[-16.6066,28.0234],[-16.60417,28.02431],[-16.60455,28.02474],[-16.60416,28.02523],[-16.60295,28.02517],[-16.60224,28.02606],[-16.60061,28.02626],[-16.59926,28.02768],[-16.59727,28.02799],[-16.59767,28.0291],[-16.5975,28.03013],[-16.5981,28.03272],[-16.59944,28.03529],[-16.59941,28.03681],[-16.60076,28.03931],[-16.6013,28.03998],[-16.60248,28.04049],[-16.60434,28.04309],[-16.60585,28.04414],[-16.60596,28.04525],[-16.6069,28.04577],[-16.60552,28.04853],[-16.60528,28.04967],[-16.60666,28.05139],[-16.60598,28.05369],[-16.60659,28.05547],[-16.60549,28.05744],[-16.60594,28.05925],[-16.60597,28.06129],[-16.60508,28.062],[-16.605,28.06288],[-16.60378,28.06488],[-16.60277,28.06529],[-16.60245,28.06578],[-16.60237,28.0668],[-16.60174,28.0677],[-16.60181,28.0688],[-16.603,28.07012],[-16.60326,28.07175],[-16.60371,28.07234],[-16.60376,28.07476],[-16.60352,28.07531],[-16.60394,28.07604],[-16.60373,28.0779],[-16.60306,28.07931],[-16.60313,28.07969],[-16.60411,28.08032],[-16.60328,28.0814],[-16.60392,28.08287],[-16.60324,28.08405],[-16.6036,28.08446],[-16.60262,28.08593],[-16.60232,28.08861],[-16.60137,28.08956],[-16.60123,28.09047],[-16.60035,28.09162],[-16.60108,28.09285],[-16.5998,28.0933],[-16.60004,28.09462],[-16.60159,28.09517],[-16.60167,28.09544],[-16.60102,28.09684],[-16.60189,28.09762],[-16.60125,28.0985],[-16.6017,28.09935],[-16.60072,28.10029],[-16.60084,28.10064],[-16.60204,28.10118],[-16.60299,28.10321],[-16.60289,28.10498],[-16.60339,28.10587],[-16.60495,28.10643],[-16.6056,28.10732],[-16.60701,28.108],[-16.60739,28.10861],[-16.60769,28.11064],[-16.60859,28.11181],[-16.61084,28.11295],[-16.61097,28.11464],[-16.61149,28.11537],[-16.61117,28.11633],[-16.61205,28.11788],[-16.6119,28.11843],[-16.61091,28.11823],[-16.61044,28.11854],[-16.61113,28.11918],[-16.61202,28.12099],[-16.61205,28.12142],[-16.61086,28.12295],[-16.61272,28.12374],[-16.61234,28.1248],[-16.61261,28.12573],[-16.61245,28.12629],[-16.61464,28.12759],[-16.61608,28.13044],[-16.61787,28.13128],[-16.61817,28.13284],[-16.62007,28.13419]]]]}},{"type":"Feature","properties":{"name":"Haría"},"geometry":{"type":"MultiPolygon","coordinates":[[[[-13.44003,29.21976],[-13.43937,29.21958],[-13.4395,29.22142],[-13.43982,29.22236],[-13.44018,29.22266],[-13.44079,29.2226],[-13.44132,29.22222],[-13.44121,29.22148],[-13.44097,29.2214],[-13.44066,29.22218],[-13.43989,29.22167],[-13.43993,29.22068],[-13.43962,29.2203],[-13.44003,29.21976]]],[[[-13.52273,29.15534],[-13.52248,29.1552],[-13.52225,29.15565],[-13.52327,29.15578],[-13.52342,29.15548],[-13.52273,29.15534]]],[[[-13.52322,29.15798],[-13.52304,29.15818],[-13.52376,29.15835],[-13.52374,29.15804],[-13.52322,29.15798]]],[[[-13.45151,29.08068],[-13.45153,29.08183],[-13.45093,29.08214],[-13.45097,29.08247],[-13.45002,29.08368],[-13.44931,29.08376],[-13.44942,29.0844],[-13.44851,29.08571],[-13.44761,29.08894],[-13.44746,29.09156],[-13.44828,29.09319],[-13.44798,29.09423],[-13.44857,29.09483],[-13.44839,29.09517],[-13.44889,29.09551],[-13.44869,29.09566],[-13.44942,29.0963],[-13.44897,29.0968],[-13.44899,29.10031],[-13.4492,29.10037],[-13.44873,29.10071],[-13.4492,29.10075],[-13.44956,29.10149],[-13.45078,29.10236],[-13.45287,29.10311],[-13.45389,29.10304],[-13.45378,29.10338],[-13.45434,29.10389],[-13.45547,29.10411],[-13.45537,29.10503],[-13.45503,29.10534],[-13.45504,29.10786],[-13.45579,29.10766],[-13.45661,29.10798],[-13.45789,29.10929],[-13.45743,29.10995],[-13.45799,29.11003],[-13.45908,29.11137],[-13.46061,29.11194],[-13.46171,29.11359],[-13.46372,29.11554],[-13.46408,29.11719],[-13.46395,29.11851],[-13.46285,29.12014],[-13.46345,29.1208],[-13.46372,29.12188],[-13.46479,29.12304],[-13.4647,29.12599],[-13.46422,29.12791],[-13.46327,29.12915],[-13.46165,29.12934],[-13.46156,29.13024],[-13.4608,29.13102],[-13.46024,29.13232],[-13.45928,29.13178],[-13.45848,29.13207],[-13.45839,29.13295],[-13.45758,29.13317],[-13.45661,29.13536],[-13.45591,29.13569],[-13.45535,29.13699],[-13.45551,29.13763],[-13.45475,29.13793],[-13.45345,29.13916],[-13.45237,29.139],[-13.4521,29.13923],[-13.45127,29.14053],[-13.45157,29.14103],[-13.45063,29.14149],[-13.45042,29.1428],[-13.44938,29.1431],[-13.44963,29.14377],[-13.44875,29.14396],[-13.44635,29.1432],[-13.44597,29.14355],[-13.44617,29.14385],[-13.44577,29.14402],[-13.44542,29.14529],[-13.44681,29.14595],[-13.44691,29.14642],[-13.44475,29.14801],[-13.44283,29.14769],[-13.44164,29.14936],[-13.43902,29.15019],[-13.4387,29.1505],[-13.43857,29.15145],[-13.43774,29.15187],[-13.43648,29.15187],[-13.43559,29.15237],[-13.43508,29.15343],[-13.43287,29.15407],[-13.42949,29.15409],[-13.42891,29.15448],[-13.4282,29.15579],[-13.42829,29.15741],[-13.42757,29.1582],[-13.42767,29.16036],[-13.42735,29.16107],[-13.42762,29.16179],[-13.42684,29.16275],[-13.42721,29.16368],[-13.42681,29.16433],[-13.42643,29.16429],[-13.42563,29.16505],[-13.42506,29.16464],[-13.42456,29.16472],[-13.42472,29.16485],[-13.42423,29.16522],[-13.42422,29.16564],[-13.42493,29.1664],[-13.42487,29.16716],[-13.42514,29.16709],[-13.42541,29.16758],[-13.42712,29.16776],[-13.42758,29.16865],[-13.42693,29.16934],[-13.42555,29.16975],[-13.42568,29.17013],[-13.4251,29.17089],[-13.42529,29.17171],[-13.42625,29.17296],[-13.42567,29.17381],[-13.42498,29.17395],[-13.42493,29.17442],[-13.42424,29.17501],[-13.42371,29.17499],[-13.42388,29.17543],[-13.42209,29.17727],[-13.42203,29.18027],[-13.42081,29.18216],[-13.42094,29.18334],[-13.4202,29.18417],[-13.42047,29.18538],[-13.42025,29.18568],[-13.42063,29.18643],[-13.42042,29.18737],[-13.4217,29.18888],[-13.42073,29.19086],[-13.4214,29.19145],[-13.4209,29.19203],[-13.42084,29.19289],[-13.42168,29.19359],[-13.42135,29.19433],[-13.42178,29.19589],[-13.42147,29.19625],[-13.41975,29.19623],[-13.41979,29.19667],[-13.41925,29.19717],[-13.41915,29.19751],[-13.41967,29.19788],[-13.41958,29.19826],[-13.42036,29.19861],[-13.42046,29.19896],[-13.41967,29.20007],[-13.42026,29.19982],[-13.42063,29.20038],[-13.4195,29.20182],[-13.42063,29.20205],[-13.42226,29.20315],[-13.4222,29.20438],[-13.42429,29.20562],[-13.42329,29.20741],[-13.42345,29.20829],[-13.42396,29.2087],[-13.42501,29.20887],[-13.42547,29.20851],[-13.4276,29.20899],[-13.42838,29.20793],[-13.42891,29.20778],[-13.42939,29.20814],[-13.42962,29.20889],[-13.43057,29.20952],[-13.43195,29.20933],[-13.43292,29.20954],[-13.43323,29.20995],[-13.43398,29.20997],[-13.4342,29.2107],[-13.43512,29.21137],[-13.43573,29.21306],[-13.43604,29.2131],[-13.43655,29.21376],[-13.43648,29.21414],[-13.43687,29.21429],[-13.43693,29.21554],[-13.43753,29.21573],[-13.43815,29.21705],[-13.43909,29.2166],[-13.43928,29.21725],[-13.44095,29.21805],[-13.44163,29.21776],[-13.44216,29.21694],[-13.4443,29.21721],[-13.44468,29.21864],[-13.44537,29.21907],[-13.44596,29.22083],[-13.44882,29.22071],[-13.44833,29.22233],[-13.44949,29.22249],[-13.45002,29.22291],[-13.45119,29.22235],[-13.45186,29.22271],[-13.4522,29.22342],[-13.45168,29.22399],[-13.45268,29.2241],[-13.45322,29.22534],[-13.45446,29.22626],[-13.45608,29.22638],[-13.45725,29.22599],[-13.45832,29.22633],[-13.45894,29.22592],[-13.46035,29.2257],[-13.46136,29.22473],[-13.46249,29.22492],[-13.46421,29.2261],[-13.46605,29.22676],[-13.46714,29.22815],[-13.46719,29.22902],[-13.46799,29.23067],[-13.46787,29.23287],[-13.46872,29.23378],[-13.46829,29.23482],[-13.46845,29.23599],[-13.4687,29.23688],[-13.47016,29.23866],[-13.46973,29.23971],[-13.47012,29.2403],[-13.46978,29.24074],[-13.47021,29.24098],[-13.47094,29.24028],[-13.47096,29.23896],[-13.47046,29.23866],[-13.4709,29.23761],[-13.47122,29.23751],[-13.47163,29.23539],[-13.47269,29.23421],[-13.47289,29.23318],[-13.47409,29.23154],[-13.47549,29.23062],[-13.47754,29.22851],[-13.48042,29.22703],[-13.48193,29.22532],[-13.48516,29.22409],[-13.48767,29.22197],[-13.48963,29.22109],[-13.49493,29.21961],[-13.49703,29.21826],[-13.49742,29.21383],[-13.49683,29.21043],[-13.49784,29.20694],[-13.49956,29.20606],[-13.50036,29.20651],[-13.50144,29.20663],[-13.50294,29.20532],[-13.50389,29.20376],[-13.50362,29.20284],[-13.5047,29.20176],[-13.50564,29.20149],[-13.50609,29.20087],[-13.50647,29.19684],[-13.50777,29.19532],[-13.50832,29.19512],[-13.50962,29.19561],[-13.51016,29.19509],[-13.51018,29.1942],[-13.51066,29.19386],[-13.51031,29.19381],[-13.50998,29.19303],[-13.50976,29.19109],[-13.50868,29.19115],[-13.50854,29.1909],[-13.50999,29.18961],[-13.50976,29.18879],[-13.51042,29.18835],[-13.51028,29.18796],[-13.5111,29.18749],[-13.51141,29.1865],[-13.51102,29.18629],[-13.51109,29.18519],[-13.51232,29.18404],[-13.51228,29.18306],[-13.51171,29.18301],[-13.51175,29.18236],[-13.51301,29.18107],[-13.51267,29.1808],[-13.51288,29.18045],[-13.51374,29.18044],[-13.51362,29.17997],[-13.51306,29.17981],[-13.5132,29.17879],[-13.51477,29.17691],[-13.51682,29.17644],[-13.51675,29.17541],[-13.51633,29.17545],[-13.51643,29.17521],[-13.51604,29.17491],[-13.51654,29.17372],[-13.51802,29.17203],[-13.52005,29.17091],[-13.52093,29.17083],[-13.52114,29.17],[-13.52206,29.16887],[-13.52194,29.16685],[-13.52263,29.16542],[-13.52266,29.16365],[-13.52219,29.16242],[-13.52233,29.16065],[-13.5218,29.15857],[-13.52204,29.1581],[-13.52277,29.15779],[-13.52175,29.15713],[-13.52107,29.15581],[-13.52222,29.15552],[-13.52174,29.15382],[-13.52192,29.15319],[-13.5231,29.15254],[-13.52267,29.15092],[-13.52288,29.15023],[-13.52334,29.14959],[-13.52405,29.14937],[-13.524,29.14896],[-13.52352,29.14869],[-13.52358,29.14671],[-13.52392,29.14629],[-13.52384,29.14535],[-13.52458,29.14145],[-13.52508,29.14075],[-13.52613,29.14031],[-13.52791,29.13873],[-13.53036,29.1353],[-13.52883,29.12002],[-13.52817,29.11926],[-13.52306,29.11694],[-13.5192,29.11687],[-13.50904,29.11265],[-13.50754,29.11232],[-13.50639,29.11138],[-13.5049,29.11079],[-13.50476,29.10917],[-13.49823,29.10627],[-13.49597,29.10168],[-13.49369,29.0992],[-13.48678,29.0952],[-13.48442,29.09424],[-13.48202,29.09255],[-13.47502,29.08961],[-13.47159,29.08777],[-13.46815,29.08675],[-13.46243,29.08416],[-13.45475,29.08218],[-13.45151,29.08068]]]]}},{"type":"Feature","properties":{"name":"Gáldar"},"geometry":{"type":"MultiPolygon","coordinates":[[[[-15.64959,28.16552],[-15.64959,28.16507],[-15.65011,28.16481],[-15.65214,28.16517],[-15.65322,28.16583],[-15.65667,28.16347],[-15.65713,28.16334],[-15.65798,28.16395],[-15.65836,28.16356],[-15.6583,28.16279],[-15.65977,28.16301],[-15.65996,28.16256],[-15.66211,28.16095],[-15.66234,28.16016],[-15.66407,28.15991],[-15.66508,28.15864],[-15.6663,28.15814],[-15.6672,28.15853],[-15.66769,28.15954],[-15.66873,28.15867],[-15.66911,28.15906],[-15.67039,28.15884],[-15.67171,28.15972],[-15.67253,28.15939],[-15.67327,28.1596],[-15.67294,28.16109],[-15.67348,28.16107],[-15.67437,28.16187],[-15.67502,28.16177],[-15.6761,28.16072],[-15.67635,28.16022],[-15.67613,28.15964],[-15.67651,28.15941],[-15.67793,28.16008],[-15.67767,28.16125],[-15.67889,28.16299],[-15.6812,28.16222],[-15.68098,28.1628],[-15.68129,28.16319],[-15.68146,28.1651],[-15.6813,28.16594],[-15.6807,28.16622],[-15.68074,28.16691],[-15.68194,28.16806],[-15.6822,28.16898],[-15.682,28.1698],[-15.6832,28.17027],[-15.6832,28.17061],[-15.68461,28.17004],[-15.68532,28.17077],[-15.68624,28.17066],[-15.68664,28.16963],[-15.68649,28.16929],[-15.68758,28.16875],[-15.68797,28.16882],[-15.68835,28.16973],[-15.68952,28.16943],[-15.68968,28.16997],[-15.69032,28.17001],[-15.69081,28.16953],[-15.69124,28.16845],[-15.691,28.16818],[-15.69173,28.16721],[-15.69172,28.16655],[-15.69323,28.1649],[-15.69395,28.16477],[-15.69502,28.16526],[-15.69608,28.16508],[-15.69666,28.16473],[-15.69685,28.16378],[-15.69712,28.16369],[-15.69716,28.16408],[-15.69873,28.16309],[-15.69969,28.16343],[-15.7001,28.1629],[-15.7008,28.16373],[-15.70237,28.16393],[-15.70252,28.16466],[-15.70315,28.16427],[-15.70409,28.16424],[-15.70381,28.16471],[-15.70475,28.165],[-15.70574,28.16599],[-15.70627,28.1657],[-15.70639,28.16521],[-15.70714,28.16515],[-15.70781,28.16555],[-15.70835,28.16539],[-15.70838,28.16595],[-15.70896,28.1659],[-15.70949,28.16544],[-15.70972,28.16467],[-15.7092,28.16443],[-15.70941,28.16258],[-15.7087,28.16141],[-15.70808,28.16107],[-15.70834,28.15997],[-15.70674,28.15858],[-15.70635,28.15738],[-15.70444,28.15711],[-15.70401,28.15619],[-15.70285,28.15586],[-15.70077,28.15454],[-15.70006,28.15456],[-15.69952,28.15394],[-15.69801,28.15331],[-15.69755,28.15276],[-15.69774,28.15234],[-15.69739,28.15272],[-15.697,28.15261],[-15.69623,28.15165],[-15.69711,28.14966],[-15.69671,28.14799],[-15.69738,28.14845],[-15.69842,28.1479],[-15.69984,28.14788],[-15.6998,28.14749],[-15.70076,28.14682],[-15.70307,28.14416],[-15.70291,28.14332],[-15.70375,28.14266],[-15.70473,28.14258],[-15.70177,28.14142],[-15.70164,28.14086],[-15.70074,28.14035],[-15.70103,28.13956],[-15.70048,28.13838],[-15.70087,28.13757],[-15.69966,28.13685],[-15.69914,28.13572],[-15.69922,28.13469],[-15.70003,28.13372],[-15.69985,28.13321],[-15.69928,28.133],[-15.69974,28.13267],[-15.69975,28.13177],[-15.70016,28.13107],[-15.70193,28.13185],[-15.70246,28.13149],[-15.70252,28.13106],[-15.70341,28.13134],[-15.7039,28.13115],[-15.70475,28.12985],[-15.70442,28.12773],[-15.70512,28.12626],[-15.7049,28.12539],[-15.70609,28.12523],[-15.70643,28.12432],[-15.7071,28.12402],[-15.70706,28.1229],[-15.70817,28.12227],[-15.70911,28.12126],[-15.70921,28.12074],[-15.70851,28.11978],[-15.70674,28.11961],[-15.70553,28.11876],[-15.70461,28.11757],[-15.70512,28.11676],[-15.70298,28.11738],[-15.70228,28.11625],[-15.69925,28.11619],[-15.69889,28.11478],[-15.69655,28.1161],[-15.69369,28.11597],[-15.69306,28.11646],[-15.6923,28.11597],[-15.69195,28.11461],[-15.69056,28.11459],[-15.69031,28.1133],[-15.68863,28.11397],[-15.68898,28.11268],[-15.68782,28.1124],[-15.68727,28.11165],[-15.68726,28.11072],[-15.68558,28.10958],[-15.68439,28.10978],[-15.68309,28.10881],[-15.68092,28.10655],[-15.68021,28.10446],[-15.6786,28.10378],[-15.67868,28.10301],[-15.678,28.10061],[-15.67653,28.09941],[-15.6765,28.09872],[-15.67417,28.09656],[-15.67419,28.09552],[-15.67277,28.09358],[-15.67297,28.09309],[-15.67132,28.09137],[-15.66891,28.08946],[-15.66491,28.08963],[-15.66428,28.08932],[-15.66299,28.08738],[-15.66304,28.08694],[-15.66394,28.08654],[-15.66485,28.08469],[-15.66469,28.08446],[-15.66357,28.08439],[-15.66337,28.08468],[-15.66186,28.08413],[-15.66083,28.08455],[-15.6607,28.08389],[-15.65802,28.0837],[-15.65974,28.08229],[-15.65941,28.08168],[-15.65978,28.08116],[-15.65941,28.08067],[-15.66037,28.08004],[-15.66025,28.07921],[-15.65866,28.07876],[-15.65973,28.07796],[-15.65937,28.07769],[-15.65903,28.07568],[-15.65855,28.07511],[-15.65906,28.07382],[-15.66011,28.07385],[-15.66035,28.07321],[-15.65949,28.07279],[-15.65874,28.07292],[-15.65778,28.07242],[-15.65699,28.07242],[-15.65559,28.0714],[-15.65448,28.07139],[-15.65441,28.07064],[-15.65254,28.06925],[-15.65265,28.06735],[-15.65235,28.06625],[-15.65285,28.06409],[-15.65172,28.06265],[-15.65195,28.06094],[-15.65121,28.05862],[-15.65132,28.05797],[-15.6538,28.05786],[-15.6538,28.05633],[-15.65503,28.05636],[-15.65464,28.05554],[-15.65583,28.05551],[-15.6571,28.05612],[-15.65823,28.05626],[-15.65911,28.05444],[-15.66018,28.05509],[-15.66108,28.05413],[-15.66131,28.05336],[-15.66197,28.05299],[-15.66205,28.0521],[-15.6613,28.05115],[-15.66238,28.05103],[-15.66155,28.04989],[-15.66206,28.04955],[-15.66352,28.04983],[-15.66589,28.04892],[-15.66759,28.04917],[-15.66856,28.0497],[-15.66921,28.0495],[-15.66914,28.04909],[-15.66595,28.047],[-15.66512,28.04555],[-15.66262,28.0449],[-15.66095,28.04553],[-15.65994,28.04437],[-15.65849,28.04418],[-15.65811,28.04335],[-15.65682,28.04357],[-15.6565,28.04407],[-15.65471,28.04353],[-15.65415,28.04242],[-15.65278,28.04197],[-15.65314,28.04075],[-15.65291,28.04036],[-15.65123,28.03999],[-15.65104,28.03931],[-15.64971,28.03819],[-15.64914,28.03715],[-15.6479,28.03678],[-15.64797,28.03632],[-15.64694,28.03564],[-15.64668,28.03505],[-15.64544,28.03496],[-15.64332,28.0334],[-15.64189,28.03303],[-15.64163,28.03266],[-15.63898,28.03221],[-15.63749,28.03138],[-15.63683,28.03048],[-15.63553,28.03011],[-15.63517,28.02956],[-15.63425,28.0297],[-15.63322,28.02919],[-15.63124,28.02968],[-15.62914,28.02871],[-15.62387,28.02735],[-15.62218,28.02625],[-15.61939,28.02255],[-15.61728,28.0209],[-15.61605,28.02127],[-15.6159,28.02257],[-15.61623,28.02296],[-15.61627,28.02684],[-15.61671,28.02733],[-15.61768,28.0302],[-15.61747,28.03261],[-15.61903,28.03428],[-15.61852,28.03507],[-15.618,28.03806],[-15.61865,28.03863],[-15.6201,28.03898],[-15.62206,28.04096],[-15.62388,28.04571],[-15.62507,28.04741],[-15.62587,28.04738],[-15.62787,28.04943],[-15.62797,28.05028],[-15.62922,28.05181],[-15.62914,28.05236],[-15.62986,28.05365],[-15.62963,28.06062],[-15.63005,28.06092],[-15.63129,28.06043],[-15.63303,28.06095],[-15.63277,28.06115],[-15.63287,28.0623],[-15.63427,28.06281],[-15.63506,28.06347],[-15.63586,28.0648],[-15.6369,28.06534],[-15.63768,28.06692],[-15.63704,28.06807],[-15.63633,28.06859],[-15.63638,28.06971],[-15.63559,28.07096],[-15.63585,28.07294],[-15.63618,28.07338],[-15.63625,28.07465],[-15.63597,28.07501],[-15.63724,28.07892],[-15.6359,28.08197],[-15.63498,28.08514],[-15.63513,28.08623],[-15.63558,28.08631],[-15.63696,28.08887],[-15.63685,28.09041],[-15.63638,28.09079],[-15.63629,28.09193],[-15.63584,28.09226],[-15.63628,28.09296],[-15.63557,28.0934],[-15.63648,28.09417],[-15.63625,28.0948],[-15.63641,28.09566],[-15.63688,28.09588],[-15.63653,28.09658],[-15.63684,28.09753],[-15.63625,28.09805],[-15.63644,28.09896],[-15.63562,28.09922],[-15.63558,28.09953],[-15.6358,28.09996],[-15.63729,28.10033],[-15.63648,28.10147],[-15.63695,28.10264],[-15.6364,28.10313],[-15.63687,28.10365],[-15.63457,28.1049],[-15.63604,28.10648],[-15.63417,28.1064],[-15.63352,28.10673],[-15.6336,28.10746],[-15.63313,28.10729],[-15.63263,28.10784],[-15.63189,28.10763],[-15.63208,28.10874],[-15.63262,28.10893],[-15.63274,28.10957],[-15.63195,28.11002],[-15.63147,28.11183],[-15.63466,28.11378],[-15.63796,28.1138],[-15.63848,28.11453],[-15.63879,28.11591],[-15.63866,28.11733],[-15.6389,28.1174],[-15.6384,28.11984],[-15.63931,28.12144],[-15.63977,28.12153],[-15.6398,28.12297],[-15.64062,28.12487],[-15.6405,28.12608],[-15.64105,28.12688],[-15.64117,28.12948],[-15.64181,28.13112],[-15.64189,28.13227],[-15.64376,28.1354],[-15.64231,28.1363],[-15.6402,28.13617],[-15.63916,28.13683],[-15.63773,28.13665],[-15.63665,28.13696],[-15.63586,28.13732],[-15.63479,28.13889],[-15.63883,28.14072],[-15.63946,28.14164],[-15.64091,28.14267],[-15.64168,28.14406],[-15.64087,28.1446],[-15.63974,28.14681],[-15.63981,28.14788],[-15.64048,28.14961],[-15.64072,28.15211],[-15.64309,28.15627],[-15.64479,28.15816],[-15.64555,28.15951],[-15.6464,28.15944],[-15.6466,28.15969],[-15.64633,28.16043],[-15.64732,28.16185],[-15.64735,28.16131],[-15.64764,28.16126],[-15.64972,28.16295],[-15.64983,28.16417],[-15.64919,28.16444],[-15.64959,28.16552]]]]}},{"type":"Feature","properties":{"name":"Barlovento"},"geometry":{"type":"MultiPolygon","coordinates":[[[[-17.84807,28.83509],[-17.84737,28.8338],[-17.84894,28.83181],[-17.84896,28.83091],[-17.84828,28.82894],[-17.84673,28.82747],[-17.84701,28.82621],[-17.84785,28.82545],[-17.84793,28.82366],[-17.84822,28.82352],[-17.8496,28.82444],[-17.85027,28.82408],[-17.85057,28.82332],[-17.8503,28.82233],[-17.84971,28.82173],[-17.84802,28.82125],[-17.84771,28.8209],[-17.84778,28.82025],[-17.8489,28.81835],[-17.84742,28.8178],[-17.847,28.81706],[-17.84739,28.8168],[-17.8499,28.81665],[-17.85071,28.81628],[-17.85086,28.81582],[-17.85037,28.81535],[-17.85106,28.81426],[-17.85114,28.81361],[-17.85048,28.8126],[-17.85086,28.81123],[-17.85075,28.81074],[-17.84985,28.81012],[-17.84976,28.80974],[-17.85013,28.80922],[-17.85327,28.80786],[-17.85459,28.80598],[-17.85481,28.80306],[-17.85432,28.8017],[-17.85606,28.80111],[-17.85649,28.80017],[-17.85776,28.79998],[-17.8581,28.79961],[-17.85806,28.79911],[-17.85623,28.79707],[-17.8563,28.79676],[-17.85763,28.79659],[-17.8582,28.79592],[-17.85874,28.79427],[-17.85802,28.79298],[-17.85819,28.79218],[-17.86159,28.78579],[-17.8598,28.78398],[-17.85973,28.78342],[-17.8607,28.78097],[-17.86003,28.77799],[-17.86163,28.77291],[-17.86184,28.77091],[-17.86158,28.77062],[-17.8588,28.77004],[-17.857,28.76903],[-17.85806,28.76683],[-17.8601,28.76452],[-17.86225,28.76296],[-17.86355,28.76067],[-17.86252,28.75968],[-17.86038,28.75945],[-17.85867,28.75761],[-17.85558,28.75627],[-17.85334,28.75419],[-17.85279,28.75565],[-17.85099,28.75827],[-17.84756,28.76199],[-17.84323,28.76541],[-17.84033,28.77062],[-17.83559,28.77458],[-17.82943,28.78184],[-17.82639,28.78306],[-17.82578,28.78367],[-17.8246,28.78852],[-17.82293,28.79012],[-17.82059,28.79145],[-17.81851,28.79157],[-17.81591,28.79272],[-17.81433,28.79274],[-17.81303,28.7934],[-17.81301,28.79398],[-17.81334,28.79439],[-17.81415,28.79458],[-17.81452,28.79498],[-17.81438,28.7953],[-17.81338,28.7966],[-17.81025,28.7982],[-17.81049,28.79897],[-17.8111,28.79955],[-17.80947,28.79934],[-17.80911,28.80032],[-17.80854,28.80075],[-17.80761,28.80066],[-17.80674,28.80145],[-17.80497,28.80114],[-17.80363,28.80186],[-17.8021,28.80198],[-17.80133,28.80285],[-17.79786,28.804],[-17.79691,28.80389],[-17.79483,28.80292],[-17.79329,28.8029],[-17.79261,28.80403],[-17.79191,28.80434],[-17.78947,28.80436],[-17.78931,28.80486],[-17.78965,28.80596],[-17.78941,28.80637],[-17.78854,28.80679],[-17.78578,28.80717],[-17.78454,28.80812],[-17.78298,28.80854],[-17.78262,28.80879],[-17.78252,28.81001],[-17.78121,28.8092],[-17.78042,28.80938],[-17.7799,28.80996],[-17.77942,28.81158],[-17.77815,28.81277],[-17.77581,28.81277],[-17.7757,28.81507],[-17.77346,28.81594],[-17.77101,28.81842],[-17.76976,28.81919],[-17.77029,28.81937],[-17.77051,28.8211],[-17.77105,28.82145],[-17.77031,28.82239],[-17.77022,28.82383],[-17.76942,28.82433],[-17.77024,28.82574],[-17.77051,28.82512],[-17.77196,28.82381],[-17.7731,28.82431],[-17.77315,28.82559],[-17.77366,28.82513],[-17.77446,28.82548],[-17.77461,28.82685],[-17.77401,28.82848],[-17.77427,28.82938],[-17.77376,28.83093],[-17.77303,28.83151],[-17.77313,28.83218],[-17.77355,28.83221],[-17.77403,28.83103],[-17.77486,28.83094],[-17.77607,28.8323],[-17.77588,28.83259],[-17.77633,28.83288],[-17.77579,28.83358],[-17.77656,28.83381],[-17.77665,28.83433],[-17.77607,28.83492],[-17.77628,28.83529],[-17.77694,28.83501],[-17.77751,28.83542],[-17.77702,28.83654],[-17.77739,28.83744],[-17.77815,28.83752],[-17.7773,28.83863],[-17.77777,28.83877],[-17.7775,28.83895],[-17.77746,28.84023],[-17.77789,28.8396],[-17.77968,28.83992],[-17.78036,28.83903],[-17.7804,28.8397],[-17.78088,28.83921],[-17.78122,28.83953],[-17.78099,28.83987],[-17.78182,28.84025],[-17.78169,28.84083],[-17.78199,28.84108],[-17.78217,28.84062],[-17.78269,28.84061],[-17.78267,28.84012],[-17.78334,28.84105],[-17.78365,28.84078],[-17.78435,28.84097],[-17.78505,28.84028],[-17.78697,28.84035],[-17.78783,28.84101],[-17.78773,28.84337],[-17.78857,28.84392],[-17.78947,28.84342],[-17.78986,28.8436],[-17.79066,28.84225],[-17.79128,28.84194],[-17.79213,28.84239],[-17.79283,28.8416],[-17.79374,28.84176],[-17.79423,28.84222],[-17.79439,28.84293],[-17.79478,28.84269],[-17.79511,28.84296],[-17.79536,28.84259],[-17.79466,28.8417],[-17.79591,28.84111],[-17.79622,28.84117],[-17.7962,28.84163],[-17.79662,28.842],[-17.7964,28.84266],[-17.7974,28.84326],[-17.79832,28.84298],[-17.7995,28.84388],[-17.79977,28.8433],[-17.79921,28.84282],[-17.80064,28.84194],[-17.80358,28.84193],[-17.80702,28.84312],[-17.80764,28.84375],[-17.80784,28.8448],[-17.80923,28.84529],[-17.80916,28.84423],[-17.80852,28.84346],[-17.8092,28.84187],[-17.81051,28.84081],[-17.81447,28.83924],[-17.81872,28.83931],[-17.82224,28.83999],[-17.82575,28.83776],[-17.82631,28.83784],[-17.82647,28.83757],[-17.82848,28.83708],[-17.83025,28.83714],[-17.83157,28.8366],[-17.83433,28.83643],[-17.83739,28.83509],[-17.8422,28.83478],[-17.84334,28.8364],[-17.84331,28.83599],[-17.84372,28.83589],[-17.84365,28.83542],[-17.84587,28.83535],[-17.84679,28.83567],[-17.84807,28.83509]]]]}},{"type":"Feature","properties":{"name":"Vilaflor de Chasna"},"geometry":{"type":"MultiPolygon","coordinates":[[[[-16.68464,28.12064],[-16.68124,28.11862],[-16.67332,28.1124],[-16.65983,28.11297],[-16.65222,28.10886],[-16.64181,28.10454],[-16.64174,28.11479],[-16.64129,28.11625],[-16.63392,28.12008],[-16.63212,28.12138],[-16.63198,28.1222],[-16.6315,28.12239],[-16.63121,28.12311],[-16.62945,28.12325],[-16.62801,28.12428],[-16.62735,28.12436],[-16.62615,28.126],[-16.62531,28.12573],[-16.62521,28.12646],[-16.62443,28.12671],[-16.62449,28.12712],[-16.62291,28.12743],[-16.62182,28.1294],[-16.6205,28.13021],[-16.62154,28.13229],[-16.62096,28.13309],[-16.62053,28.13312],[-16.62007,28.13419],[-16.62154,28.13887],[-16.62099,28.14212],[-16.62119,28.14373],[-16.61991,28.14489],[-16.61944,28.14604],[-16.6166,28.14622],[-16.61269,28.15237],[-16.61268,28.1529],[-16.61384,28.15391],[-16.61568,28.15655],[-16.61643,28.1592],[-16.61413,28.16524],[-16.61299,28.16643],[-16.61277,28.1674],[-16.61163,28.1694],[-16.61119,28.17201],[-16.61159,28.17307],[-16.61372,28.1751],[-16.61407,28.17613],[-16.61412,28.17675],[-16.61344,28.17779],[-16.61336,28.18109],[-16.61422,28.18394],[-16.61359,28.18487],[-16.61338,28.18725],[-16.61383,28.18924],[-16.61372,28.19125],[-16.61471,28.19583],[-16.61588,28.1982],[-16.61841,28.19919],[-16.6199,28.20115],[-16.61995,28.20155],[-16.6193,28.20237],[-16.61848,28.20637],[-16.61899,28.20999],[-16.61855,28.21151],[-16.61853,28.21373],[-16.62043,28.21278],[-16.62104,28.21188],[-16.62135,28.21039],[-16.62204,28.20975],[-16.62194,28.20856],[-16.62127,28.20753],[-16.62191,28.20691],[-16.62482,28.20574],[-16.62694,28.20412],[-16.63167,28.20216],[-16.63389,28.20184],[-16.63746,28.19985],[-16.64093,28.1995],[-16.64318,28.19838],[-16.64394,28.19836],[-16.64906,28.19901],[-16.65067,28.19989],[-16.65186,28.19971],[-16.65266,28.20038],[-16.65382,28.1999],[-16.65709,28.20088],[-16.6581,28.20036],[-16.66042,28.2013],[-16.66832,28.17427],[-16.66978,28.17284],[-16.67016,28.17202],[-16.67177,28.17135],[-16.67295,28.17029],[-16.67334,28.1693],[-16.67445,28.16792],[-16.67442,28.16492],[-16.67628,28.16264],[-16.67668,28.16138],[-16.67807,28.15916],[-16.67826,28.158],[-16.67909,28.1565],[-16.67912,28.15469],[-16.67964,28.15291],[-16.68114,28.1511],[-16.68279,28.14654],[-16.68453,28.14499],[-16.68744,28.13915],[-16.68779,28.13725],[-16.68734,28.1357],[-16.68871,28.13429],[-16.68864,28.13368],[-16.68914,28.1329],[-16.68872,28.13148],[-16.68823,28.13098],[-16.68896,28.13039],[-16.68739,28.12981],[-16.68759,28.12858],[-16.68715,28.12803],[-16.68751,28.12707],[-16.68667,28.12598],[-16.6869,28.12475],[-16.68752,28.12403],[-16.68661,28.12333],[-16.68691,28.12237],[-16.68464,28.12064]]]]}},{"type":"Feature","properties":{"name":"Garachico"},"geometry":{"type":"MultiPolygon","coordinates":[[[[-16.7787,28.37417],[-16.77797,28.37427],[-16.77823,28.3745],[-16.7787,28.37417]]],[[[-16.7816,28.37595],[-16.78208,28.3758],[-16.78205,28.37552],[-16.7816,28.37595]]],[[[-16.79367,28.37486],[-16.79423,28.37424],[-16.79559,28.37397],[-16.79695,28.37214],[-16.79689,28.3688],[-16.79574,28.36568],[-16.79486,28.3656],[-16.79434,28.36497],[-16.79313,28.36482],[-16.79294,28.36425],[-16.79204,28.36375],[-16.79206,28.36256],[-16.79004,28.35969],[-16.78923,28.35968],[-16.78874,28.36035],[-16.78758,28.36094],[-16.78709,28.36043],[-16.78548,28.36128],[-16.78231,28.36147],[-16.77931,28.36552],[-16.77964,28.36783],[-16.77787,28.36835],[-16.77695,28.36821],[-16.77617,28.3689],[-16.77302,28.3696],[-16.76909,28.36854],[-16.76707,28.36856],[-16.76685,28.36664],[-16.76571,28.36536],[-16.76504,28.35918],[-16.7649,28.35314],[-16.76658,28.33761],[-16.7681,28.33253],[-16.76409,28.31607],[-16.7613,28.30945],[-16.75945,28.30664],[-16.7575,28.30264],[-16.75319,28.2975],[-16.74836,28.29308],[-16.74368,28.28798],[-16.73393,28.28589],[-16.72628,28.28183],[-16.72487,28.28069],[-16.71829,28.27863],[-16.70676,28.27356],[-16.70072,28.27144],[-16.70478,28.27521],[-16.71916,28.2865],[-16.72058,28.28791],[-16.7275,28.29554],[-16.7284,28.30076],[-16.72927,28.30231],[-16.73211,28.30375],[-16.73328,28.30506],[-16.73291,28.30564],[-16.73422,28.30896],[-16.74386,28.34168],[-16.74389,28.3425],[-16.74339,28.34348],[-16.74344,28.34513],[-16.74435,28.34535],[-16.74453,28.34594],[-16.74423,28.34689],[-16.74265,28.34923],[-16.74194,28.3511],[-16.73923,28.35324],[-16.73842,28.35426],[-16.73916,28.3551],[-16.74001,28.35532],[-16.73968,28.3568],[-16.73997,28.35837],[-16.73985,28.36036],[-16.73936,28.36137],[-16.73929,28.36281],[-16.74016,28.3653],[-16.73944,28.36672],[-16.73935,28.36837],[-16.73738,28.36823],[-16.73761,28.36917],[-16.73736,28.37041],[-16.73866,28.37551],[-16.73891,28.38033],[-16.73923,28.38064],[-16.73948,28.37988],[-16.74078,28.38005],[-16.74138,28.37965],[-16.74038,28.37817],[-16.74283,28.37826],[-16.74347,28.37708],[-16.74278,28.3759],[-16.74331,28.37576],[-16.74378,28.3762],[-16.74466,28.37584],[-16.74545,28.37459],[-16.74625,28.3746],[-16.74596,28.37392],[-16.74671,28.37367],[-16.74686,28.37309],[-16.74814,28.37264],[-16.74925,28.3713],[-16.75157,28.3707],[-16.7535,28.37131],[-16.75312,28.37265],[-16.7542,28.37199],[-16.75527,28.37291],[-16.75443,28.37369],[-16.7552,28.37337],[-16.75563,28.37393],[-16.75517,28.37438],[-16.7543,28.37423],[-16.75364,28.37367],[-16.75348,28.37384],[-16.75273,28.37345],[-16.75197,28.37254],[-16.75167,28.37242],[-16.75143,28.3729],[-16.75316,28.37436],[-16.75501,28.37494],[-16.76042,28.37415],[-16.76253,28.37549],[-16.76409,28.37559],[-16.76546,28.37515],[-16.76572,28.37452],[-16.76622,28.37429],[-16.76637,28.37259],[-16.76713,28.3729],[-16.76763,28.37225],[-16.76781,28.37275],[-16.76824,28.37274],[-16.76821,28.37158],[-16.76776,28.37115],[-16.76828,28.37087],[-16.76858,28.37116],[-16.76957,28.37106],[-16.77011,28.37145],[-16.76915,28.37282],[-16.77002,28.37332],[-16.77041,28.37262],[-16.77079,28.37276],[-16.77137,28.37324],[-16.77156,28.37352],[-16.77129,28.37364],[-16.77174,28.37383],[-16.77181,28.37428],[-16.77196,28.37405],[-16.77312,28.37417],[-16.77405,28.37466],[-16.77537,28.37436],[-16.77615,28.3748],[-16.77654,28.3745],[-16.77651,28.37404],[-16.77689,28.3744],[-16.77766,28.37443],[-16.77768,28.37417],[-16.77866,28.37405],[-16.77905,28.37308],[-16.77946,28.37303],[-16.78001,28.37414],[-16.77997,28.37362],[-16.78086,28.37338],[-16.78057,28.37437],[-16.78096,28.37443],[-16.7812,28.37495],[-16.78201,28.37482],[-16.78222,28.37539],[-16.78352,28.37446],[-16.78514,28.37533],[-16.78822,28.37538],[-16.7898,28.37469],[-16.79045,28.37391],[-16.79161,28.37335],[-16.79256,28.37354],[-16.79307,28.37412],[-16.7931,28.37463],[-16.79367,28.37486]]],[[[-16.74377,28.37688],[-16.74387,28.37644],[-16.74357,28.37666],[-16.74377,28.37688]]],[[[-16.76284,28.37866],[-16.762,28.37827],[-16.7617,28.37964],[-16.76169,28.38012],[-16.7626,28.38065],[-16.76332,28.3797],[-16.76284,28.37866]]]]}},{"type":"Feature","properties":{"name":"Telde"},"geometry":{"type":"MultiPolygon","coordinates":[[[[-15.36501,27.99346],[-15.36463,27.99271],[-15.36352,27.9922],[-15.3629,27.99302],[-15.36325,27.99307],[-15.36338,27.99365],[-15.36501,27.99346]]],[[[-15.35954,27.93942],[-15.35934,27.93895],[-15.35881,27.93917],[-15.35934,27.93983],[-15.35967,27.93965],[-15.35954,27.93942]]],[[[-15.50301,28.01347],[-15.50183,28.01328],[-15.50173,28.01272],[-15.50049,28.0129],[-15.49957,28.01257],[-15.49853,28.01327],[-15.49789,28.01307],[-15.49741,28.01343],[-15.49711,28.0132],[-15.49622,28.0137],[-15.49432,28.01404],[-15.49205,28.01272],[-15.48953,28.01234],[-15.4905,28.01045],[-15.48887,28.00968],[-15.48843,28.00866],[-15.4877,28.00873],[-15.4875,28.00787],[-15.48679,28.00812],[-15.48502,28.00689],[-15.48309,28.00652],[-15.48158,28.00725],[-15.47896,28.00735],[-15.47501,28.008],[-15.47338,28.00862],[-15.47066,28.00874],[-15.46944,28.0083],[-15.46584,28.00844],[-15.4649,28.00778],[-15.46215,28.00708],[-15.46082,28.00607],[-15.46138,28.00515],[-15.46147,28.00477],[-15.46102,28.00435],[-15.46176,28.0023],[-15.46133,28.00175],[-15.46184,28.00028],[-15.46159,27.99983],[-15.46165,27.99765],[-15.46058,27.99723],[-15.46053,27.99633],[-15.45954,27.99551],[-15.45952,27.99361],[-15.45827,27.99212],[-15.45863,27.99162],[-15.45963,27.99145],[-15.46024,27.99057],[-15.4625,27.99001],[-15.46286,27.98881],[-15.46267,27.98848],[-15.46194,27.98838],[-15.46144,27.98718],[-15.46274,27.9865],[-15.46322,27.98592],[-15.46327,27.98536],[-15.46266,27.98466],[-15.46321,27.98337],[-15.46466,27.98287],[-15.46553,27.98303],[-15.46605,27.98218],[-15.46765,27.98101],[-15.46968,27.98165],[-15.47091,27.98112],[-15.4719,27.98124],[-15.47217,27.98064],[-15.47347,27.98063],[-15.47348,27.98002],[-15.47401,27.97942],[-15.47468,27.97954],[-15.47615,27.9787],[-15.478,27.97929],[-15.47888,27.9786],[-15.48063,27.9786],[-15.48171,27.97796],[-15.484,27.97827],[-15.48472,27.97667],[-15.48652,27.97478],[-15.48697,27.97297],[-15.48752,27.9727],[-15.48763,27.97191],[-15.48832,27.97141],[-15.48842,27.97069],[-15.48922,27.97067],[-15.49057,27.96955],[-15.49044,27.96911],[-15.49174,27.96861],[-15.49192,27.96802],[-15.49246,27.9677],[-15.49326,27.9681],[-15.49501,27.96636],[-15.4961,27.96647],[-15.49611,27.96574],[-15.49717,27.96549],[-15.49777,27.96462],[-15.50037,27.9637],[-15.50151,27.96375],[-15.50267,27.9643],[-15.50444,27.96413],[-15.50483,27.96372],[-15.50732,27.96278],[-15.50751,27.96195],[-15.50885,27.96088],[-15.50856,27.96041],[-15.50877,27.96013],[-15.51021,27.96007],[-15.51115,27.95924],[-15.51766,27.95958],[-15.51843,27.9584],[-15.51967,27.95782],[-15.5212,27.95649],[-15.52253,27.95596],[-15.52461,27.95358],[-15.5259,27.95308],[-15.52651,27.95309],[-15.5276,27.9538],[-15.52878,27.95388],[-15.52954,27.95457],[-15.53195,27.95525],[-15.53001,27.95277],[-15.52886,27.9522],[-15.528,27.95277],[-15.52637,27.95142],[-15.52212,27.95115],[-15.52001,27.9513],[-15.51961,27.95165],[-15.51911,27.95139],[-15.51911,27.9507],[-15.51868,27.95045],[-15.51581,27.95047],[-15.51212,27.95169],[-15.51008,27.95177],[-15.50907,27.95239],[-15.50101,27.94982],[-15.49903,27.94982],[-15.49795,27.95038],[-15.49685,27.95043],[-15.49598,27.95008],[-15.4948,27.94864],[-15.49384,27.94859],[-15.49334,27.94895],[-15.49318,27.94866],[-15.49235,27.94895],[-15.49124,27.9486],[-15.48835,27.94896],[-15.48747,27.94871],[-15.48566,27.949],[-15.48081,27.94885],[-15.48,27.95075],[-15.47904,27.95077],[-15.4773,27.94992],[-15.47596,27.9498],[-15.47437,27.95026],[-15.47357,27.95109],[-15.47243,27.95111],[-15.47194,27.95141],[-15.47049,27.9509],[-15.46964,27.95113],[-15.46884,27.95065],[-15.46749,27.9512],[-15.46654,27.95096],[-15.46579,27.95164],[-15.46338,27.95075],[-15.46251,27.95086],[-15.46119,27.95012],[-15.4601,27.9507],[-15.45948,27.95047],[-15.45924,27.95066],[-15.4582,27.94913],[-15.45795,27.94818],[-15.45382,27.94752],[-15.45268,27.94691],[-15.44979,27.94791],[-15.4481,27.94683],[-15.4474,27.94731],[-15.4467,27.94711],[-15.4458,27.94746],[-15.44512,27.94687],[-15.44411,27.94673],[-15.44345,27.9472],[-15.44084,27.94738],[-15.43966,27.94613],[-15.43835,27.9469],[-15.43774,27.94691],[-15.43629,27.94311],[-15.43505,27.94267],[-15.43395,27.94309],[-15.43236,27.94218],[-15.43116,27.94294],[-15.43,27.94169],[-15.4294,27.94163],[-15.42883,27.94111],[-15.42848,27.93989],[-15.42915,27.93953],[-15.42875,27.93898],[-15.4279,27.93878],[-15.4279,27.93822],[-15.42624,27.9383],[-15.42592,27.93782],[-15.42397,27.93756],[-15.42336,27.938],[-15.42268,27.93766],[-15.42222,27.93696],[-15.42175,27.93743],[-15.4201,27.9376],[-15.41902,27.93812],[-15.41794,27.93773],[-15.41681,27.93839],[-15.41497,27.9382],[-15.41455,27.9397],[-15.41409,27.94005],[-15.41336,27.93964],[-15.41132,27.93946],[-15.40865,27.94066],[-15.4059,27.94136],[-15.40425,27.94126],[-15.40264,27.94109],[-15.39804,27.93916],[-15.39612,27.93891],[-15.3945,27.93819],[-15.39164,27.93817],[-15.38777,27.93706],[-15.3799,27.93142],[-15.37815,27.93369],[-15.37648,27.9348],[-15.37354,27.93579],[-15.37251,27.9358],[-15.36961,27.93306],[-15.36199,27.92978],[-15.3619,27.929],[-15.36092,27.92949],[-15.35961,27.92924],[-15.3588,27.93041],[-15.35857,27.93156],[-15.35984,27.93277],[-15.35886,27.93408],[-15.35939,27.93492],[-15.3609,27.93594],[-15.36121,27.93691],[-15.36224,27.93714],[-15.3631,27.93801],[-15.36482,27.93872],[-15.36645,27.93891],[-15.36823,27.93857],[-15.36939,27.93952],[-15.36965,27.94019],[-15.36907,27.9413],[-15.36938,27.94248],[-15.36848,27.94308],[-15.36834,27.94446],[-15.36943,27.94501],[-15.37135,27.94359],[-15.37145,27.94431],[-15.37185,27.94422],[-15.37234,27.94498],[-15.37329,27.94485],[-15.37374,27.94525],[-15.37492,27.94519],[-15.37505,27.94579],[-15.37449,27.94592],[-15.37422,27.94665],[-15.37686,27.94679],[-15.37811,27.94636],[-15.38001,27.9479],[-15.38108,27.95012],[-15.38101,27.95137],[-15.37967,27.95165],[-15.37846,27.95318],[-15.37732,27.95361],[-15.37725,27.95393],[-15.37777,27.9543],[-15.37779,27.95544],[-15.3806,27.95655],[-15.38078,27.95705],[-15.38187,27.95754],[-15.38031,27.95966],[-15.38075,27.96155],[-15.38041,27.96233],[-15.37965,27.96252],[-15.37876,27.9618],[-15.37824,27.96233],[-15.37822,27.96306],[-15.37899,27.9645],[-15.38042,27.96539],[-15.38121,27.96488],[-15.38133,27.96397],[-15.38221,27.96372],[-15.38289,27.9646],[-15.38276,27.96686],[-15.38434,27.96722],[-15.38433,27.96781],[-15.38268,27.96972],[-15.38274,27.97026],[-15.38232,27.97073],[-15.38362,27.97229],[-15.38358,27.97271],[-15.38096,27.97467],[-15.3817,27.9751],[-15.38118,27.97614],[-15.37974,27.97611],[-15.37774,27.97671],[-15.37693,27.97515],[-15.37652,27.97532],[-15.37702,27.97646],[-15.37578,27.97771],[-15.3757,27.97899],[-15.37722,27.98078],[-15.37824,27.98294],[-15.37815,27.98377],[-15.37514,27.98508],[-15.37539,27.98688],[-15.37482,27.98787],[-15.37416,27.98833],[-15.37381,27.98801],[-15.37362,27.98851],[-15.37252,27.98895],[-15.37044,27.98893],[-15.37039,27.98951],[-15.36921,27.98928],[-15.36959,27.98956],[-15.36797,27.99132],[-15.36752,27.99107],[-15.36764,27.98993],[-15.36883,27.98859],[-15.36855,27.98855],[-15.36737,27.9899],[-15.36712,27.99202],[-15.36814,27.99303],[-15.36915,27.99271],[-15.36977,27.99384],[-15.37062,27.99378],[-15.36998,27.99638],[-15.37016,27.99677],[-15.37335,27.99596],[-15.37405,27.99627],[-15.37499,27.99739],[-15.37501,27.99844],[-15.37563,27.99935],[-15.37542,28.00018],[-15.37461,28.00058],[-15.37413,28.00139],[-15.37427,28.00312],[-15.3751,28.00332],[-15.37538,28.00458],[-15.37689,28.00601],[-15.3764,28.00759],[-15.37463,28.00782],[-15.37324,28.00884],[-15.37321,28.0095],[-15.3746,28.00934],[-15.3777,28.0097],[-15.3781,28.01038],[-15.37863,28.01042],[-15.38022,28.01169],[-15.38003,28.01232],[-15.38106,28.01366],[-15.3811,28.01437],[-15.38389,28.01566],[-15.38533,28.01669],[-15.38601,28.01905],[-15.3852,28.02216],[-15.3858,28.02374],[-15.38696,28.02542],[-15.38638,28.02642],[-15.3867,28.02717],[-15.3878,28.02828],[-15.38773,28.02914],[-15.38729,28.02922],[-15.38795,28.02984],[-15.3883,28.02933],[-15.38886,28.02968],[-15.38889,28.02926],[-15.39071,28.02873],[-15.39233,28.02984],[-15.39262,28.03082],[-15.3949,28.03131],[-15.39701,28.02978],[-15.39867,28.03008],[-15.40219,28.02845],[-15.4056,28.02903],[-15.40698,28.02898],[-15.41081,28.03096],[-15.41299,28.03061],[-15.41434,28.03081],[-15.41555,28.03179],[-15.41647,28.03352],[-15.41682,28.03453],[-15.41674,28.03687],[-15.41708,28.0375],[-15.41782,28.03811],[-15.41933,28.03808],[-15.42117,28.03881],[-15.42256,28.03815],[-15.42353,28.03837],[-15.42525,28.03749],[-15.42578,28.03761],[-15.42619,28.037],[-15.42735,28.03676],[-15.42749,28.03625],[-15.42928,28.0352],[-15.43144,28.03467],[-15.4341,28.03502],[-15.43743,28.03314],[-15.4393,28.03341],[-15.44117,28.03144],[-15.44238,28.03147],[-15.44336,28.03075],[-15.44362,28.02973],[-15.44437,28.02884],[-15.4445,28.02754],[-15.44682,28.02726],[-15.44705,28.02594],[-15.44869,28.02553],[-15.44946,28.02499],[-15.45134,28.02533],[-15.45204,28.02469],[-15.4526,28.02525],[-15.45502,28.02444],[-15.45722,28.02546],[-15.45732,28.02506],[-15.4586,28.02408],[-15.45944,28.02438],[-15.46088,28.02424],[-15.46171,28.02365],[-15.46357,28.0238],[-15.46574,28.02281],[-15.46687,28.02372],[-15.46846,28.02359],[-15.4704,28.02232],[-15.47091,28.02278],[-15.47204,28.02267],[-15.47294,28.02151],[-15.474,28.02264],[-15.4754,28.02226],[-15.47654,28.02276],[-15.47704,28.02221],[-15.47919,28.02319],[-15.48087,28.02323],[-15.48186,28.02249],[-15.48346,28.02271],[-15.48494,28.02241],[-15.48635,28.02135],[-15.4868,28.0192],[-15.48785,28.01872],[-15.48829,28.01731],[-15.48945,28.0171],[-15.48954,28.01616],[-15.49013,28.01606],[-15.4909,28.01659],[-15.49144,28.01606],[-15.49193,28.01636],[-15.49285,28.01593],[-15.49421,28.01646],[-15.49494,28.0158],[-15.49632,28.01577],[-15.49699,28.01509],[-15.49795,28.01509],[-15.49825,28.01425],[-15.49935,28.01469],[-15.4995,28.01396],[-15.50045,28.01456],[-15.50093,28.01381],[-15.50188,28.01403],[-15.50301,28.01347]]],[[[-15.38511,28.02801],[-15.38575,28.02758],[-15.38523,28.02754],[-15.38511,28.02801]]],[[[-15.38664,28.0299],[-15.38698,28.02939],[-15.3866,28.02954],[-15.38664,28.0299]]]]}},{"type":"Feature","properties":{"name":"Teror"},"geometry":{"type":"MultiPolygon","coordinates":[[[[-15.56917,28.02614],[-15.56764,28.02519],[-15.56556,28.02518],[-15.56476,28.02476],[-15.56371,28.02503],[-15.56041,28.02483],[-15.55775,28.02732],[-15.55144,28.02966],[-15.55049,28.03105],[-15.54704,28.0315],[-15.54587,28.0324],[-15.54428,28.03303],[-15.54419,28.03382],[-15.54252,28.03431],[-15.5408,28.03596],[-15.54013,28.03787],[-15.53915,28.03834],[-15.53826,28.03998],[-15.5372,28.03873],[-15.53566,28.03832],[-15.53096,28.04018],[-15.52866,28.0407],[-15.52764,28.04178],[-15.52617,28.04216],[-15.52402,28.04371],[-15.52139,28.04315],[-15.51974,28.04368],[-15.51908,28.04431],[-15.51745,28.04495],[-15.51599,28.04511],[-15.51387,28.04586],[-15.51262,28.04574],[-15.51178,28.04653],[-15.51058,28.04669],[-15.50703,28.04824],[-15.50787,28.04845],[-15.50987,28.04765],[-15.51017,28.04898],[-15.51095,28.05027],[-15.51275,28.05019],[-15.51541,28.04899],[-15.51569,28.04901],[-15.51602,28.05006],[-15.51926,28.04983],[-15.52101,28.04857],[-15.52129,28.04884],[-15.52066,28.04995],[-15.52082,28.05082],[-15.52385,28.05001],[-15.52472,28.0501],[-15.52725,28.05252],[-15.52635,28.05309],[-15.52578,28.05421],[-15.52431,28.05495],[-15.52177,28.05739],[-15.52167,28.05821],[-15.52079,28.05916],[-15.52107,28.06004],[-15.52186,28.05995],[-15.52184,28.0623],[-15.51755,28.06769],[-15.5166,28.07022],[-15.51503,28.07142],[-15.51359,28.07202],[-15.51238,28.07361],[-15.51227,28.07431],[-15.51159,28.07468],[-15.50899,28.07774],[-15.50672,28.07901],[-15.50658,28.08022],[-15.50727,28.0807],[-15.50739,28.08152],[-15.50922,28.08162],[-15.50946,28.08069],[-15.51024,28.08038],[-15.51449,28.08372],[-15.51444,28.08392],[-15.5137,28.08345],[-15.51306,28.08358],[-15.51277,28.08431],[-15.51214,28.08449],[-15.51268,28.08498],[-15.51323,28.08682],[-15.51249,28.08792],[-15.51021,28.08966],[-15.51009,28.09097],[-15.50896,28.09131],[-15.50846,28.09227],[-15.50745,28.09235],[-15.5067,28.09289],[-15.50681,28.0932],[-15.50768,28.09354],[-15.50794,28.09409],[-15.50707,28.0953],[-15.50677,28.0949],[-15.50614,28.09487],[-15.50532,28.09724],[-15.50537,28.09769],[-15.50597,28.09821],[-15.50503,28.09929],[-15.50471,28.09944],[-15.50397,28.09886],[-15.50363,28.09892],[-15.50368,28.09945],[-15.50432,28.09985],[-15.5045,28.10037],[-15.5053,28.09995],[-15.50661,28.10001],[-15.50718,28.09922],[-15.50845,28.0989],[-15.50909,28.09745],[-15.5111,28.09749],[-15.51257,28.09618],[-15.51489,28.09504],[-15.51493,28.0947],[-15.51427,28.09415],[-15.51473,28.09393],[-15.51565,28.09426],[-15.51631,28.09318],[-15.5171,28.09258],[-15.51871,28.09012],[-15.51852,28.08925],[-15.51905,28.08893],[-15.51937,28.08777],[-15.51907,28.08673],[-15.51972,28.08561],[-15.52088,28.08454],[-15.52231,28.08458],[-15.52323,28.08393],[-15.52554,28.08392],[-15.5263,28.0834],[-15.52992,28.08294],[-15.53147,28.0836],[-15.53266,28.08363],[-15.53741,28.0848],[-15.53962,28.08638],[-15.54259,28.08665],[-15.5445,28.08612],[-15.54648,28.08621],[-15.54951,28.08486],[-15.55063,28.08226],[-15.55172,28.08206],[-15.55254,28.08141],[-15.5533,28.07972],[-15.55621,28.07825],[-15.55657,28.07646],[-15.5562,28.07471],[-15.55759,28.07359],[-15.5591,28.06942],[-15.56031,28.06733],[-15.56007,28.0666],[-15.56054,28.06566],[-15.56104,28.06559],[-15.5621,28.06443],[-15.56268,28.06164],[-15.56364,28.06088],[-15.56416,28.0592],[-15.5655,28.0594],[-15.56628,28.05882],[-15.56684,28.05771],[-15.56688,28.05644],[-15.56752,28.05454],[-15.56741,28.05254],[-15.56858,28.05168],[-15.56861,28.05101],[-15.56635,28.04867],[-15.56814,28.04758],[-15.56919,28.04761],[-15.56726,28.04531],[-15.56555,28.04494],[-15.56502,28.04445],[-15.56431,28.04209],[-15.563,28.04035],[-15.56433,28.03913],[-15.56522,28.03759],[-15.56462,28.0359],[-15.56453,28.03265],[-15.56575,28.03141],[-15.56741,28.03096],[-15.56885,28.02955],[-15.56947,28.02746],[-15.56917,28.02614]]]]}},{"type":"Feature","properties":{"name":"Tijarafe"},"geometry":{"type":"MultiPolygon","coordinates":[[[[-17.99258,28.74029],[-17.99187,28.7403],[-17.9911,28.73937],[-17.99142,28.73782],[-17.99182,28.73768],[-17.99167,28.73718],[-17.99127,28.73735],[-17.98997,28.73629],[-17.98988,28.7349],[-17.98941,28.73444],[-17.98944,28.73322],[-17.98903,28.7329],[-17.9857,28.73232],[-17.98553,28.73086],[-17.98422,28.72987],[-17.98353,28.72991],[-17.98173,28.72883],[-17.98139,28.72756],[-17.98054,28.72634],[-17.98119,28.72503],[-17.98107,28.72401],[-17.97968,28.72228],[-17.98069,28.71886],[-17.98049,28.71774],[-17.97954,28.7169],[-17.97974,28.71662],[-17.97913,28.71658],[-17.97878,28.71564],[-17.97787,28.71464],[-17.97754,28.71346],[-17.97364,28.71018],[-17.97462,28.70943],[-17.97408,28.70799],[-17.9736,28.70793],[-17.97335,28.70693],[-17.97422,28.70514],[-17.97463,28.70515],[-17.97444,28.70475],[-17.97477,28.70412],[-17.97452,28.70367],[-17.97356,28.70327],[-17.97408,28.70258],[-17.9725,28.70196],[-17.97227,28.70157],[-17.97297,28.70156],[-17.97295,28.70125],[-17.97196,28.70111],[-17.97108,28.70043],[-17.97037,28.69876],[-17.97169,28.69838],[-17.97111,28.69807],[-17.9709,28.69731],[-17.97139,28.69636],[-17.96965,28.69543],[-17.96935,28.69438],[-17.96875,28.69393],[-17.9691,28.69329],[-17.96821,28.69295],[-17.96952,28.6923],[-17.96924,28.69191],[-17.96853,28.69202],[-17.96832,28.69171],[-17.96841,28.69146],[-17.96914,28.69139],[-17.96866,28.69091],[-17.96886,28.69062],[-17.96984,28.69079],[-17.96762,28.69008],[-17.96752,28.68874],[-17.96663,28.68771],[-17.96685,28.68672],[-17.96619,28.68606],[-17.96656,28.68587],[-17.96608,28.68584],[-17.96626,28.68553],[-17.96581,28.68512],[-17.96614,28.6842],[-17.96523,28.68331],[-17.96505,28.68268],[-17.96541,28.68156],[-17.96616,28.68126],[-17.96771,28.68128],[-17.96726,28.68108],[-17.96749,28.68066],[-17.96613,28.6797],[-17.9665,28.67934],[-17.96577,28.67951],[-17.96429,28.6783],[-17.9643,28.67776],[-17.96489,28.67789],[-17.96383,28.67732],[-17.964,28.67604],[-17.96332,28.67605],[-17.96285,28.67512],[-17.9626,28.67367],[-17.96284,28.67157],[-17.96259,28.67098],[-17.96395,28.66979],[-17.96363,28.66919],[-17.96421,28.66918],[-17.96421,28.66785],[-17.96385,28.66752],[-17.96332,28.66766],[-17.96331,28.66707],[-17.96265,28.66677],[-17.96214,28.66691],[-17.96043,28.66538],[-17.95836,28.66417],[-17.95643,28.66138],[-17.95543,28.65787],[-17.95395,28.65674],[-17.94997,28.65247],[-17.94845,28.65477],[-17.94745,28.65538],[-17.94465,28.65864],[-17.93909,28.66196],[-17.9372,28.66359],[-17.93087,28.67273],[-17.92241,28.67591],[-17.9218,28.67699],[-17.92059,28.68511],[-17.92385,28.68768],[-17.92347,28.69358],[-17.92231,28.69441],[-17.92194,28.69697],[-17.91963,28.69938],[-17.91753,28.70095],[-17.91714,28.70207],[-17.91591,28.70334],[-17.91559,28.70549],[-17.9124,28.70796],[-17.91189,28.71031],[-17.91065,28.71264],[-17.90906,28.71382],[-17.90826,28.71615],[-17.90937,28.71841],[-17.90851,28.7211],[-17.90613,28.72371],[-17.90415,28.72765],[-17.90282,28.72838],[-17.90226,28.73021],[-17.90253,28.73188],[-17.90214,28.73475],[-17.89834,28.73736],[-17.89984,28.73837],[-17.90019,28.74063],[-17.90278,28.74148],[-17.90476,28.74133],[-17.90658,28.7404],[-17.91085,28.74055],[-17.91199,28.74122],[-17.91504,28.74143],[-17.91682,28.74231],[-17.91865,28.7427],[-17.92245,28.74274],[-17.92397,28.74309],[-17.9279,28.74295],[-17.93048,28.74345],[-17.93202,28.74443],[-17.93538,28.74518],[-17.93719,28.74499],[-17.94033,28.74549],[-17.94199,28.74646],[-17.94309,28.74641],[-17.94434,28.74695],[-17.94672,28.74657],[-17.9489,28.74695],[-17.95176,28.74655],[-17.9536,28.75027],[-17.95463,28.75049],[-17.95815,28.74999],[-17.95868,28.74946],[-17.95942,28.74935],[-17.96119,28.74972],[-17.96432,28.74938],[-17.96538,28.74984],[-17.96602,28.75059],[-17.96723,28.75013],[-17.96934,28.74691],[-17.97039,28.74623],[-17.97446,28.74576],[-17.9775,28.74494],[-17.9785,28.74517],[-17.97894,28.7459],[-17.97997,28.74584],[-17.98319,28.74535],[-17.9836,28.74474],[-17.98637,28.74473],[-17.98913,28.74418],[-17.99004,28.74199],[-17.9912,28.7417],[-17.99258,28.74029]]]]}},{"type":"Feature","properties":{"name":"Santa Úrsula"},"geometry":{"type":"MultiPolygon","coordinates":[[[[-16.48783,28.43752],[-16.48837,28.43786],[-16.48822,28.43891],[-16.4893,28.43991],[-16.48947,28.43948],[-16.49054,28.43925],[-16.49082,28.43946],[-16.4909,28.43888],[-16.49163,28.43864],[-16.49245,28.43985],[-16.49293,28.44023],[-16.4933,28.43972],[-16.4938,28.44058],[-16.49417,28.44032],[-16.49433,28.43872],[-16.49496,28.43906],[-16.49569,28.4386],[-16.49609,28.43774],[-16.49615,28.43837],[-16.49694,28.43846],[-16.49703,28.43797],[-16.49753,28.43774],[-16.49788,28.43537],[-16.49847,28.43463],[-16.49841,28.43367],[-16.49907,28.43339],[-16.49909,28.43308],[-16.49801,28.43201],[-16.4996,28.43112],[-16.49913,28.431],[-16.49929,28.43071],[-16.50027,28.43081],[-16.5005,28.42931],[-16.50103,28.42954],[-16.50196,28.42939],[-16.50239,28.42899],[-16.5023,28.42842],[-16.50198,28.42828],[-16.50284,28.428],[-16.50287,28.42747],[-16.50233,28.42651],[-16.5028,28.42655],[-16.50267,28.42535],[-16.50306,28.42463],[-16.50263,28.4235],[-16.50418,28.42225],[-16.50445,28.42107],[-16.50608,28.41987],[-16.50891,28.41539],[-16.50894,28.41513],[-16.50727,28.41451],[-16.50881,28.41235],[-16.50875,28.41057],[-16.50788,28.41021],[-16.50684,28.40837],[-16.5058,28.40742],[-16.50533,28.40764],[-16.50453,28.40725],[-16.50255,28.40569],[-16.49974,28.4043],[-16.49663,28.40354],[-16.49562,28.40171],[-16.49379,28.40088],[-16.49233,28.39832],[-16.48973,28.39604],[-16.48791,28.39366],[-16.48648,28.39264],[-16.48453,28.39246],[-16.48062,28.38951],[-16.47899,28.38871],[-16.47784,28.38872],[-16.47634,28.38811],[-16.47587,28.38708],[-16.47568,28.38475],[-16.47208,28.38129],[-16.47019,28.37796],[-16.46869,28.37696],[-16.46827,28.37533],[-16.46764,28.37436],[-16.46625,28.37307],[-16.46349,28.37206],[-16.46295,28.3736],[-16.46087,28.37454],[-16.46129,28.3757],[-16.46113,28.37679],[-16.45878,28.37974],[-16.45759,28.38242],[-16.45494,28.38357],[-16.4537,28.38531],[-16.45186,28.38672],[-16.44993,28.38733],[-16.44921,28.3897],[-16.44713,28.38955],[-16.44546,28.39062],[-16.44315,28.39044],[-16.44274,28.39073],[-16.44321,28.39222],[-16.4445,28.39506],[-16.44631,28.39757],[-16.45726,28.4066],[-16.4586,28.41029],[-16.46049,28.41251],[-16.46103,28.41508],[-16.46175,28.41569],[-16.46178,28.41605],[-16.4613,28.4164],[-16.46172,28.41945],[-16.46295,28.41926],[-16.46292,28.42011],[-16.46418,28.42119],[-16.46542,28.42286],[-16.46796,28.42365],[-16.46963,28.42588],[-16.4703,28.42614],[-16.47202,28.42618],[-16.4732,28.4272],[-16.47633,28.42811],[-16.47899,28.42646],[-16.47971,28.42647],[-16.48012,28.42755],[-16.48125,28.42797],[-16.48437,28.43078],[-16.48451,28.43226],[-16.48688,28.43415],[-16.48816,28.43672],[-16.48783,28.43752]]],[[[-16.49516,28.44145],[-16.49544,28.44139],[-16.4953,28.44115],[-16.49516,28.44145]]]]}},{"type":"Feature","properties":{"name":"Firgas"},"geometry":{"type":"MultiPolygon","coordinates":[[[[-15.57711,28.07788],[-15.57548,28.07661],[-15.57402,28.07768],[-15.57123,28.0773],[-15.56863,28.07781],[-15.56524,28.07782],[-15.56291,28.07854],[-15.56214,28.07793],[-15.55885,28.07851],[-15.55621,28.07825],[-15.553,28.07994],[-15.55254,28.08141],[-15.55172,28.08206],[-15.55063,28.08226],[-15.54994,28.08338],[-15.54903,28.08625],[-15.54939,28.08735],[-15.5503,28.08778],[-15.55167,28.09044],[-15.55146,28.09167],[-15.55116,28.09225],[-15.55034,28.0924],[-15.54993,28.09382],[-15.54933,28.09404],[-15.54895,28.0952],[-15.54764,28.09581],[-15.54719,28.09684],[-15.54676,28.09701],[-15.54635,28.09883],[-15.54571,28.09905],[-15.54597,28.10027],[-15.54424,28.10452],[-15.54465,28.10726],[-15.54604,28.10874],[-15.54821,28.10968],[-15.54885,28.11029],[-15.54851,28.11217],[-15.54558,28.11804],[-15.54558,28.11957],[-15.5451,28.12062],[-15.54285,28.12345],[-15.54232,28.12358],[-15.54223,28.1241],[-15.54166,28.12438],[-15.54192,28.12556],[-15.5412,28.12704],[-15.54196,28.12891],[-15.54089,28.12994],[-15.54198,28.13148],[-15.54367,28.13581],[-15.5438,28.13842],[-15.54329,28.13962],[-15.54464,28.14049],[-15.54557,28.14019],[-15.54448,28.14242],[-15.54501,28.14312],[-15.54622,28.14379],[-15.54848,28.14434],[-15.54984,28.14385],[-15.55047,28.14332],[-15.55012,28.14281],[-15.55025,28.14221],[-15.551,28.14307],[-15.5508,28.14414],[-15.5521,28.14431],[-15.55353,28.14326],[-15.55687,28.14199],[-15.55716,28.14144],[-15.55797,28.14163],[-15.5588,28.14057],[-15.56207,28.13945],[-15.56367,28.13803],[-15.5637,28.13633],[-15.56302,28.13619],[-15.56257,28.13563],[-15.56285,28.13444],[-15.56134,28.13428],[-15.56033,28.13222],[-15.56053,28.13196],[-15.56162,28.13188],[-15.56071,28.13081],[-15.56132,28.13001],[-15.56094,28.12898],[-15.5617,28.12774],[-15.5604,28.12584],[-15.56072,28.12545],[-15.56179,28.12591],[-15.56261,28.12551],[-15.56166,28.12476],[-15.56251,28.12417],[-15.5622,28.12307],[-15.56315,28.12241],[-15.56276,28.12129],[-15.56368,28.12048],[-15.56417,28.11818],[-15.56554,28.11701],[-15.56559,28.11548],[-15.56589,28.11521],[-15.56747,28.11513],[-15.56957,28.11335],[-15.57056,28.1119],[-15.57037,28.11133],[-15.57091,28.11007],[-15.57154,28.10962],[-15.57054,28.10772],[-15.57102,28.10731],[-15.5721,28.10714],[-15.57223,28.10632],[-15.57294,28.10551],[-15.57297,28.10413],[-15.57349,28.10322],[-15.57327,28.10191],[-15.57364,28.10146],[-15.57398,28.09953],[-15.57484,28.09893],[-15.57423,28.09854],[-15.57439,28.09741],[-15.57283,28.09689],[-15.57204,28.0976],[-15.57155,28.09758],[-15.57113,28.09632],[-15.57266,28.09578],[-15.57537,28.09646],[-15.57569,28.09727],[-15.57618,28.09617],[-15.57585,28.09485],[-15.57458,28.09494],[-15.57299,28.09434],[-15.57272,28.09389],[-15.5739,28.09374],[-15.5745,28.09316],[-15.57453,28.09218],[-15.57536,28.0911],[-15.57404,28.09026],[-15.576,28.08767],[-15.57735,28.08518],[-15.57676,28.08379],[-15.57776,28.08279],[-15.57785,28.08107],[-15.57743,28.08059],[-15.57751,28.07833],[-15.57711,28.07788]]]]}},{"type":"Feature","properties":{"name":"San Bartolomé de Tirajana"},"geometry":{"type":"MultiPolygon","coordinates":[[[[-15.68041,27.75625],[-15.67702,27.75406],[-15.67498,27.75121],[-15.67502,27.7502],[-15.67462,27.74921],[-15.6741,27.74898],[-15.66908,27.74804],[-15.66906,27.74861],[-15.67301,27.74958],[-15.67284,27.75009],[-15.67227,27.75044],[-15.67128,27.75023],[-15.6721,27.75212],[-15.67124,27.7528],[-15.6707,27.75402],[-15.66825,27.7552],[-15.66585,27.75518],[-15.66537,27.75567],[-15.66382,27.75548],[-15.6618,27.75619],[-15.66119,27.75681],[-15.66001,27.75678],[-15.6532,27.7552],[-15.65228,27.75455],[-15.65149,27.7546],[-15.64962,27.7535],[-15.64939,27.75296],[-15.64698,27.75098],[-15.64676,27.75122],[-15.64482,27.7512],[-15.64405,27.75075],[-15.64342,27.7512],[-15.6422,27.75083],[-15.64163,27.7501],[-15.63971,27.75094],[-15.63793,27.75051],[-15.63672,27.74833],[-15.63614,27.74806],[-15.63507,27.74873],[-15.63434,27.74866],[-15.63362,27.74728],[-15.63254,27.74647],[-15.62844,27.74503],[-15.62661,27.74585],[-15.6211,27.74543],[-15.62098,27.74562],[-15.62152,27.7458],[-15.62167,27.74632],[-15.62177,27.7458],[-15.62536,27.74621],[-15.62537,27.74652],[-15.62342,27.74662],[-15.62538,27.74657],[-15.62539,27.74698],[-15.62189,27.74706],[-15.62187,27.74672],[-15.62166,27.74852],[-15.61982,27.74899],[-15.61737,27.74742],[-15.61198,27.74477],[-15.60835,27.74167],[-15.60617,27.73913],[-15.60439,27.73811],[-15.60271,27.73662],[-15.59909,27.7349],[-15.59889,27.73452],[-15.59783,27.73522],[-15.59627,27.73525],[-15.59129,27.73624],[-15.58191,27.73532],[-15.57924,27.73538],[-15.57604,27.73596],[-15.57025,27.73764],[-15.56945,27.73833],[-15.56881,27.73997],[-15.56868,27.74439],[-15.56799,27.75064],[-15.56631,27.75655],[-15.56407,27.76008],[-15.56032,27.76295],[-15.55906,27.76326],[-15.55864,27.76308],[-15.55875,27.76261],[-15.55756,27.76385],[-15.55253,27.76561],[-15.55132,27.765],[-15.55085,27.76505],[-15.55138,27.76533],[-15.55144,27.76603],[-15.54994,27.7673],[-15.54853,27.7669],[-15.54801,27.76687],[-15.54784,27.76716],[-15.54339,27.7667],[-15.54353,27.76712],[-15.54274,27.76795],[-15.53873,27.77034],[-15.53647,27.76973],[-15.5339,27.77014],[-15.53268,27.77141],[-15.53292,27.77207],[-15.53263,27.77257],[-15.53081,27.77385],[-15.5298,27.77402],[-15.52926,27.77504],[-15.52811,27.77615],[-15.52451,27.7779],[-15.52274,27.77937],[-15.51725,27.78164],[-15.51409,27.78193],[-15.51139,27.78059],[-15.50875,27.78033],[-15.50571,27.78227],[-15.5033,27.78335],[-15.50201,27.78525],[-15.50071,27.78566],[-15.50017,27.78621],[-15.49925,27.78636],[-15.49592,27.78939],[-15.49382,27.79027],[-15.49133,27.79073],[-15.48746,27.79266],[-15.48048,27.7937],[-15.47881,27.7934],[-15.47376,27.7936],[-15.46426,27.79682],[-15.46315,27.79661],[-15.46302,27.79488],[-15.46378,27.79463],[-15.46273,27.79473],[-15.46292,27.79698],[-15.46142,27.79706],[-15.4613,27.79761],[-15.46085,27.79784],[-15.45839,27.79854],[-15.45795,27.79813],[-15.44677,27.79915],[-15.44623,27.79894],[-15.43863,27.8003],[-15.4356,27.80154],[-15.43378,27.80022],[-15.43528,27.80198],[-15.43425,27.80237],[-15.43281,27.80045],[-15.43287,27.80012],[-15.43394,27.79953],[-15.43373,27.79922],[-15.43245,27.80021],[-15.43359,27.8025],[-15.42942,27.80394],[-15.42745,27.80561],[-15.43197,27.81093],[-15.43416,27.81292],[-15.43768,27.81524],[-15.43911,27.81581],[-15.4445,27.82029],[-15.45,27.82423],[-15.45566,27.83004],[-15.46297,27.8394],[-15.46668,27.84303],[-15.46906,27.84456],[-15.47012,27.84603],[-15.47213,27.8479],[-15.47591,27.8494],[-15.47715,27.85045],[-15.47839,27.85043],[-15.48284,27.84723],[-15.48536,27.84597],[-15.48668,27.84612],[-15.48817,27.84695],[-15.49063,27.84585],[-15.49869,27.8437],[-15.50082,27.8435],[-15.50262,27.84374],[-15.50309,27.8443],[-15.50434,27.84447],[-15.50825,27.8459],[-15.51224,27.84777],[-15.51553,27.85134],[-15.52024,27.85229],[-15.52338,27.85105],[-15.52412,27.85128],[-15.52692,27.851],[-15.5284,27.85167],[-15.52965,27.85318],[-15.52961,27.85373],[-15.52831,27.85438],[-15.52797,27.85492],[-15.52864,27.85564],[-15.52886,27.85642],[-15.52847,27.85666],[-15.52846,27.85729],[-15.52974,27.85871],[-15.52981,27.85947],[-15.53049,27.86011],[-15.53076,27.86116],[-15.53157,27.86166],[-15.53221,27.86144],[-15.53258,27.86173],[-15.5327,27.86283],[-15.53348,27.86324],[-15.53349,27.86403],[-15.53429,27.86514],[-15.53448,27.86733],[-15.53516,27.86777],[-15.53499,27.86955],[-15.53604,27.86982],[-15.53694,27.87046],[-15.53746,27.8705],[-15.53775,27.87017],[-15.53866,27.87141],[-15.53941,27.87156],[-15.5394,27.87181],[-15.53856,27.87193],[-15.53843,27.87287],[-15.53666,27.87367],[-15.5337,27.87402],[-15.53212,27.87466],[-15.53122,27.87684],[-15.53039,27.8777],[-15.53124,27.87775],[-15.53334,27.87896],[-15.53352,27.8793],[-15.5331,27.88018],[-15.53364,27.88097],[-15.53422,27.88113],[-15.53521,27.88071],[-15.53592,27.88108],[-15.53532,27.88444],[-15.53648,27.88567],[-15.53835,27.88558],[-15.53965,27.88712],[-15.5416,27.88772],[-15.5423,27.89067],[-15.54555,27.89298],[-15.54694,27.89316],[-15.54762,27.89392],[-15.54882,27.8936],[-15.5496,27.89378],[-15.55047,27.89415],[-15.55078,27.89491],[-15.55164,27.89539],[-15.55183,27.89609],[-15.55143,27.89652],[-15.55157,27.89695],[-15.55232,27.89736],[-15.55123,27.8974],[-15.55082,27.89853],[-15.55097,27.89932],[-15.55248,27.901],[-15.55239,27.90271],[-15.54999,27.90575],[-15.55017,27.90637],[-15.55084,27.9066],[-15.55166,27.90592],[-15.55265,27.907],[-15.55185,27.91041],[-15.5506,27.91167],[-15.55221,27.91276],[-15.55335,27.91619],[-15.55414,27.91685],[-15.55354,27.9175],[-15.55358,27.91787],[-15.55417,27.91842],[-15.55518,27.91864],[-15.55581,27.91948],[-15.55685,27.92295],[-15.55784,27.9235],[-15.5571,27.92449],[-15.55706,27.9253],[-15.55651,27.92541],[-15.5562,27.92587],[-15.55514,27.92521],[-15.55273,27.92498],[-15.55093,27.92563],[-15.55058,27.92671],[-15.54946,27.92723],[-15.54759,27.92696],[-15.54603,27.9273],[-15.5445,27.92923],[-15.5429,27.92987],[-15.54134,27.93163],[-15.54124,27.93283],[-15.54014,27.93493],[-15.54024,27.93713],[-15.53971,27.939],[-15.5393,27.93943],[-15.53923,27.94111],[-15.53955,27.94233],[-15.54115,27.94362],[-15.5426,27.94388],[-15.54315,27.9482],[-15.54397,27.94952],[-15.5433,27.95005],[-15.54455,27.95009],[-15.54554,27.94972],[-15.54744,27.95092],[-15.5491,27.95057],[-15.55022,27.95081],[-15.55044,27.95137],[-15.55129,27.95144],[-15.5539,27.95372],[-15.55541,27.95598],[-15.55664,27.95696],[-15.55685,27.95768],[-15.55804,27.958],[-15.56026,27.95932],[-15.56077,27.96007],[-15.56236,27.96108],[-15.56419,27.9609],[-15.5661,27.96155],[-15.5676,27.96274],[-15.56961,27.96326],[-15.57177,27.96212],[-15.57362,27.96256],[-15.57572,27.9622],[-15.57656,27.96132],[-15.5775,27.96097],[-15.578,27.95999],[-15.57815,27.95873],[-15.57959,27.95788],[-15.58016,27.95708],[-15.58031,27.95588],[-15.58075,27.9558],[-15.58197,27.9546],[-15.58431,27.95377],[-15.58502,27.95265],[-15.58898,27.95214],[-15.59152,27.95414],[-15.59194,27.95487],[-15.59355,27.955],[-15.59547,27.95713],[-15.5968,27.95785],[-15.59867,27.95817],[-15.6004,27.9593],[-15.60045,27.96001],[-15.59984,27.96098],[-15.60016,27.96149],[-15.59947,27.96184],[-15.59905,27.96335],[-15.60094,27.96551],[-15.60174,27.9658],[-15.60535,27.9646],[-15.60622,27.96362],[-15.60616,27.96299],[-15.60781,27.96043],[-15.60794,27.95963],[-15.609,27.95822],[-15.6091,27.95755],[-15.61103,27.95636],[-15.61098,27.95562],[-15.61177,27.95509],[-15.61292,27.95304],[-15.61377,27.9529],[-15.61525,27.95204],[-15.61574,27.95131],[-15.61661,27.95089],[-15.61854,27.95151],[-15.61966,27.95058],[-15.62182,27.95058],[-15.62294,27.94947],[-15.62407,27.94967],[-15.62497,27.94923],[-15.62509,27.94857],[-15.62678,27.94846],[-15.62796,27.94932],[-15.62859,27.949],[-15.62984,27.94698],[-15.63088,27.94635],[-15.631,27.94587],[-15.63041,27.94527],[-15.63107,27.9447],[-15.63122,27.94233],[-15.63223,27.94121],[-15.63027,27.94043],[-15.63017,27.94013],[-15.63167,27.9392],[-15.6334,27.93736],[-15.63477,27.93662],[-15.63552,27.93529],[-15.63664,27.9349],[-15.63668,27.93323],[-15.63767,27.93135],[-15.63999,27.92987],[-15.64036,27.92873],[-15.64396,27.9259],[-15.64445,27.92483],[-15.64502,27.92437],[-15.64479,27.92353],[-15.64499,27.92315],[-15.64719,27.92229],[-15.64753,27.92175],[-15.6497,27.92171],[-15.65024,27.92124],[-15.65039,27.91996],[-15.65222,27.91851],[-15.65312,27.9184],[-15.65301,27.91778],[-15.65332,27.91696],[-15.65471,27.91552],[-15.65624,27.91539],[-15.65743,27.91456],[-15.65833,27.9146],[-15.65904,27.91422],[-15.6595,27.91417],[-15.66028,27.91466],[-15.66094,27.9144],[-15.66162,27.91311],[-15.66329,27.91209],[-15.66399,27.91081],[-15.66356,27.90709],[-15.66587,27.90659],[-15.66671,27.90592],[-15.66765,27.90447],[-15.66906,27.90363],[-15.66988,27.9023],[-15.6698,27.90122],[-15.67055,27.8988],[-15.66999,27.89707],[-15.67019,27.89458],[-15.66913,27.89287],[-15.66965,27.89157],[-15.66959,27.88883],[-15.67079,27.88784],[-15.67104,27.88727],[-15.67017,27.8865],[-15.67,27.88543],[-15.67026,27.8843],[-15.66926,27.88354],[-15.66904,27.88253],[-15.67056,27.87943],[-15.67111,27.87718],[-15.67048,27.87435],[-15.67137,27.87181],[-15.67048,27.87017],[-15.67065,27.86781],[-15.66977,27.86729],[-15.6675,27.86676],[-15.66631,27.86541],[-15.66572,27.86368],[-15.66271,27.86175],[-15.66193,27.85868],[-15.66195,27.85537],[-15.6626,27.85348],[-15.66262,27.85132],[-15.66056,27.84845],[-15.66025,27.84588],[-15.66093,27.84381],[-15.66186,27.84222],[-15.65964,27.83937],[-15.6589,27.83589],[-15.65924,27.83459],[-15.66018,27.83338],[-15.65977,27.83195],[-15.66025,27.83054],[-15.66091,27.82984],[-15.66246,27.83029],[-15.66289,27.82983],[-15.66155,27.82751],[-15.6615,27.82646],[-15.66241,27.82544],[-15.66601,27.82443],[-15.6663,27.82395],[-15.66588,27.82233],[-15.6643,27.82114],[-15.6637,27.82001],[-15.66352,27.81844],[-15.66382,27.81488],[-15.66477,27.81243],[-15.66711,27.81018],[-15.66751,27.80756],[-15.66892,27.80548],[-15.66942,27.80349],[-15.66851,27.80138],[-15.66853,27.80036],[-15.6693,27.79901],[-15.67037,27.79829],[-15.67091,27.79671],[-15.67216,27.79455],[-15.67259,27.79243],[-15.67132,27.7894],[-15.67069,27.78876],[-15.66906,27.78826],[-15.66819,27.78673],[-15.66817,27.78576],[-15.67031,27.78236],[-15.66922,27.78097],[-15.66718,27.77933],[-15.66656,27.77829],[-15.66714,27.77601],[-15.66716,27.77497],[-15.66641,27.77341],[-15.66634,27.7725],[-15.6669,27.76957],[-15.66759,27.76863],[-15.66899,27.76807],[-15.67045,27.76666],[-15.67001,27.7641],[-15.67112,27.76143],[-15.67375,27.75953],[-15.67455,27.7583],[-15.67583,27.75729],[-15.68041,27.75625]]]]}}]}